file,lang,run,time_ms,ok
docker_test_1.yml,python_antlr,0,10.722299000008206,False
docker_test_1.yml,python_antlr,1,0.6323000006887014,False
docker_test_1.yml,python_antlr,2,0.7022999998298474,False
docker_test_1.yml,python_antlr,3,1.0202999992543482,False
docker_test_1.yml,python_antlr,4,0.4693999999290099,False
docker_test_1.yml,python_antlr,5,0.7971999993969803,False
docker_test_1.yml,python_antlr,6,0.5237000004854053,False
docker_test_1.yml,python_antlr,7,0.5555999996431638,False
docker_test_1.yml,python_antlr,8,1.0365999996793107,False
docker_test_1.yml,python_antlr,9,0.4644999999072752,False
docker_test_1.yml,python_antlr,10,0.7149000002755201,False
docker_test_1.yml,python_antlr,11,0.4272999995009741,False
docker_test_1.yml,python_antlr,12,0.5294000002322719,False
docker_test_1.yml,python_antlr,13,0.4598000004989444,False
docker_test_1.yml,python_antlr,14,0.7440999997925246,False
docker_test_1.yml,python_antlr,15,0.5282000001898268,False
docker_test_1.yml,python_antlr,16,0.495000000228174,False
docker_test_1.yml,python_antlr,17,0.3773000007640803,False
docker_test_1.yml,python_antlr,18,0.9658999997554928,False
docker_test_1.yml,python_antlr,19,0.8757999994486454,False
docker_test_1.yml,python_antlr,20,0.4535999996733153,False
docker_test_1.yml,python_antlr,21,0.6129000003056717,False
docker_test_1.yml,python_antlr,22,0.3886000004058587,False
docker_test_1.yml,python_antlr,23,0.4341000003478257,False
docker_test_1.yml,python_antlr,24,0.4239999998389976,False
docker_test_1.yml,python_antlr,25,0.527700000020559,False
docker_test_1.yml,python_antlr,26,0.3842000005533919,False
docker_test_1.yml,python_antlr,27,0.6696990003547398,False
docker_test_1.yml,python_antlr,28,0.3931999999622348,False
docker_test_1.yml,python_antlr,29,0.5115000003570458,False
docker_test_1.yml,python_antlr,30,0.978699999905075,False
docker_test_1.yml,python_antlr,31,0.4709999993792735,False
docker_test_1.yml,python_antlr,32,0.3807000002780114,False
docker_test_1.yml,python_antlr,33,0.6898000001456239,False
docker_test_1.yml,python_antlr,34,0.5722000005334849,False
docker_test_1.yml,python_antlr,35,0.5124999997860868,False
docker_test_1.yml,python_antlr,36,1.3266999994812068,False
docker_test_1.yml,python_antlr,37,0.4644000000553205,False
docker_test_1.yml,python_antlr,38,0.5293000003803172,False
docker_test_1.yml,python_antlr,39,0.6158000005598296,False
docker_test_1.yml,python_antlr,40,0.4011999999420368,False
docker_test_1.yml,python_antlr,41,0.5332000000635162,False
docker_test_1.yml,python_antlr,42,0.3808999999819207,False
docker_test_1.yml,python_antlr,43,0.4278000005797366,False
docker_test_1.yml,python_antlr,44,0.4152999999860185,False
docker_test_1.yml,python_antlr,45,0.4791000001205248,False
docker_test_1.yml,python_antlr,46,1.3580989998445148,False
docker_test_1.yml,python_antlr,47,0.6695000001855078,False
docker_test_1.yml,python_antlr,48,0.4311000002417131,False
docker_test_1.yml,python_antlr,49,0.4840000001422595,False
docker_test_1.yml,python_antlr,50,0.3873000005114591,False
docker_test_1.yml,python_antlr,51,1.0141000002477083,False
docker_test_1.yml,python_antlr,52,0.4213000001982436,False
docker_test_1.yml,python_antlr,53,0.4980000003342866,False
docker_test_1.yml,python_antlr,54,0.4358999995019985,False
docker_test_1.yml,python_antlr,55,0.6195000005391194,False
docker_test_1.yml,python_antlr,56,0.5148000000190223,False
docker_test_1.yml,python_antlr,57,0.4386999999042018,False
docker_test_1.yml,python_antlr,58,0.5070000006526243,False
docker_test_1.yml,python_antlr,59,0.479299999824434,False
docker_test_1.yml,python_antlr,60,0.3882000000885455,False
docker_test_1.yml,python_antlr,61,0.426300000071933,False
docker_test_1.yml,python_antlr,62,0.8946999996624072,False
docker_test_1.yml,python_antlr,63,0.7041999997454695,False
docker_test_1.yml,python_antlr,64,0.8778999999776715,False
docker_test_1.yml,python_antlr,65,1.675199000601424,False
docker_test_1.yml,python_antlr,66,0.4663999998228973,False
docker_test_1.yml,python_antlr,67,1.0544000006120768,False
docker_test_1.yml,python_antlr,68,0.4583999998430954,False
docker_test_1.yml,python_antlr,69,1.0433999996166676,False
docker_test_1.yml,python_antlr,70,0.4278000005797366,False
docker_test_1.yml,python_antlr,71,0.5019000000174856,False
docker_test_1.yml,python_antlr,72,0.9521000001768698,False
docker_test_1.yml,python_antlr,73,0.5499999997482519,False
docker_test_1.yml,python_antlr,74,0.7273999999597436,False
docker_test_1.yml,python_antlr,75,0.5116000002090004,False
docker_test_1.yml,python_antlr,76,0.3819000003204564,False
docker_test_1.yml,python_antlr,77,0.7634000003235997,False
docker_test_1.yml,python_antlr,78,0.4072000001542619,False
docker_test_1.yml,python_antlr,79,0.9634999996706028,False
docker_test_1.yml,python_antlr,80,0.4637000001821434,False
docker_test_1.yml,python_antlr,81,0.4934000007779104,False
docker_test_1.yml,python_antlr,82,0.481999999465188,False
docker_test_1.yml,python_antlr,83,0.7626999995409278,False
docker_test_1.yml,python_antlr,84,0.5817990004288731,False
docker_test_1.yml,python_antlr,85,0.4428000002008048,False
docker_test_1.yml,python_antlr,86,0.4023999999844818,False
docker_test_1.yml,python_antlr,87,0.8253000005424838,False
docker_test_1.yml,python_antlr,88,0.539300000127696,False
docker_test_1.yml,python_antlr,89,0.4573000005620997,False
docker_test_1.yml,python_antlr,90,0.3903000006175716,False
docker_test_1.yml,python_antlr,91,0.3828999997494975,False
docker_test_1.yml,python_antlr,92,0.3639999995357357,False
docker_test_1.yml,python_antlr,93,0.5736000002798392,False
docker_test_1.yml,python_antlr,94,0.5782999996881699,False
docker_test_1.yml,python_antlr,95,0.5379999993238016,False
docker_test_1.yml,python_antlr,96,0.3853999996863422,False
docker_test_1.yml,python_antlr,97,0.4857999992964323,False
docker_test_1.yml,python_antlr,98,0.9628999996493804,False
docker_test_1.yml,python_antlr,99,0.5424000000857632,False
docker_test_1.yml,python_antlr,100,0.4719000007753493,False
docker_test_1.yml,python_antlr,101,0.4402999993544654,False
docker_test_1.yml,python_antlr,102,0.8655999999973574,False
docker_test_1.yml,python_antlr,103,0.5691999995178776,False
docker_test_1.yml,python_antlr,104,0.3937000001315027,False
docker_test_1.yml,python_antlr,105,0.4869000003964174,False
docker_test_1.yml,python_antlr,106,0.4953990001013153,False
docker_test_1.yml,python_antlr,107,0.9413000007043592,False
docker_test_1.yml,python_antlr,108,0.549400000636524,False
docker_test_1.yml,python_antlr,109,0.5587000005107257,False
docker_test_1.yml,python_antlr,110,0.3823999995802296,False
docker_test_1.yml,python_antlr,111,0.497699999868928,False
docker_test_1.yml,python_antlr,112,0.6019000002197572,False
docker_test_1.yml,python_antlr,113,0.6585999999515479,False
docker_test_1.yml,python_antlr,114,0.5778000004283967,False
docker_test_1.yml,python_antlr,115,0.5412000000433181,False
docker_test_1.yml,python_antlr,116,0.4447000001164269,False
docker_test_1.yml,python_antlr,117,0.4371000004539382,False
docker_test_1.yml,python_antlr,118,0.5093999998280196,False
docker_test_1.yml,python_antlr,119,0.4802999992534751,False
docker_test_1.yml,python_antlr,120,0.3872999996019644,False
docker_test_1.yml,python_antlr,121,0.8499000005031121,False
docker_test_1.yml,python_antlr,122,0.477100000352948,False
docker_test_1.yml,python_antlr,123,2.539799000260245,False
docker_test_1.yml,python_antlr,124,0.6531999997605453,False
docker_test_1.yml,python_antlr,125,0.4515999999057385,False
docker_test_1.yml,python_antlr,126,0.4021999993710778,False
docker_test_1.yml,python_antlr,127,0.4338000007919618,False
docker_test_1.yml,python_antlr,128,0.4450999995242455,False
docker_test_1.yml,python_antlr,129,0.8275000000139698,False
docker_test_1.yml,python_antlr,130,0.4931000003125518,False
docker_test_1.yml,python_antlr,131,0.608999999712978,False
docker_test_1.yml,python_antlr,132,0.5984999997963314,False
docker_test_1.yml,python_antlr,133,0.5267000005915179,False
docker_test_1.yml,python_antlr,134,0.4830999996556784,False
docker_test_1.yml,python_antlr,135,0.3983999995398335,False
docker_test_1.yml,python_antlr,136,0.4808000003322377,False
docker_test_1.yml,python_antlr,137,0.475400000141235,False
docker_test_1.yml,python_antlr,138,0.3919999999197898,False
docker_test_1.yml,python_antlr,139,0.6061000003683148,False
docker_test_1.yml,python_antlr,140,0.5127000003994908,False
docker_test_1.yml,python_antlr,141,0.4961999993611243,False
docker_test_1.yml,python_antlr,142,0.4213000001982436,False
docker_test_1.yml,python_antlr,143,0.4333000006226939,False
docker_test_1.yml,python_antlr,144,0.3664999994725804,False
docker_test_1.yml,python_antlr,145,0.4295990001992322,False
docker_test_1.yml,python_antlr,146,0.4346000005170936,False
docker_test_1.yml,python_antlr,147,0.7562999999208841,False
docker_test_1.yml,python_antlr,148,0.6123000002844492,False
docker_test_1.yml,python_antlr,149,0.5184000001463573,False
docker_test_1.yml,python_antlr,150,0.3903000006175716,False
docker_test_1.yml,python_antlr,151,0.4310999993322184,False
docker_test_1.yml,python_antlr,152,0.527499999407155,False
docker_test_1.yml,python_antlr,153,0.5366999994294019,False
docker_test_1.yml,python_antlr,154,0.3843000004053465,False
docker_test_1.yml,python_antlr,155,0.457500000266009,False
docker_test_1.yml,python_antlr,156,0.4195000001345761,False
docker_test_1.yml,python_antlr,157,0.5568999995375634,False
docker_test_1.yml,python_antlr,158,0.4489000002649845,False
docker_test_1.yml,python_antlr,159,0.5416999993030913,False
docker_test_1.yml,python_antlr,160,0.4336000001785578,False
docker_test_1.yml,python_antlr,161,0.4798999998456565,False
docker_test_1.yml,python_antlr,162,0.4162000004725996,False
docker_test_1.yml,python_antlr,163,0.5195999992793077,False
docker_test_1.yml,python_antlr,164,1.1707000003298162,False
docker_test_1.yml,python_antlr,165,0.6241999999474501,False
docker_test_1.yml,python_antlr,166,0.594699999965087,False
docker_test_1.yml,python_antlr,167,0.8107989997370169,False
docker_test_1.yml,python_antlr,168,0.8184999996956321,False
docker_test_1.yml,python_antlr,169,0.6804000004194677,False
docker_test_1.yml,python_antlr,170,0.3962000000683474,False
docker_test_1.yml,python_antlr,171,0.500300000567222,False
docker_test_1.yml,python_antlr,172,0.5151000004843809,False
docker_test_1.yml,python_antlr,173,0.5240000000412692,False
docker_test_1.yml,python_antlr,174,0.4683999995904742,False
docker_test_1.yml,python_antlr,175,0.6533000005219947,False
docker_test_1.yml,python_antlr,176,0.3954999992856756,False
docker_test_1.yml,python_antlr,177,0.6126999996922677,False
docker_test_1.yml,python_antlr,178,0.3944999998566345,False
docker_test_1.yml,python_antlr,179,0.5890000002182205,False
docker_test_1.yml,python_antlr,180,0.5107999995743739,False
docker_test_1.yml,python_antlr,181,0.4359999993539531,False
docker_test_1.yml,python_antlr,182,0.530100000105449,False
docker_test_1.yml,python_antlr,183,0.6004999995639082,False
docker_test_1.yml,python_antlr,184,0.4591999995682272,False
docker_test_1.yml,python_antlr,185,0.5068000000392203,False
docker_test_1.yml,python_antlr,186,0.489699999889126,False
docker_test_1.yml,python_antlr,187,0.5033000006733346,False
docker_test_1.yml,python_antlr,188,0.4803000001629698,False
docker_test_1.yml,python_antlr,189,0.5138989999977639,False
docker_test_1.yml,python_antlr,190,0.5316999995557126,False
docker_test_1.yml,python_antlr,191,0.5430000001069857,False
docker_test_1.yml,python_antlr,192,0.5419999997684499,False
docker_test_1.yml,python_antlr,193,0.6254999998418498,False
docker_test_1.yml,python_antlr,194,0.8805999996184255,False
docker_test_1.yml,python_antlr,195,0.8716000002095825,False
docker_test_1.yml,python_antlr,196,0.6608000003325287,False
docker_test_1.yml,python_antlr,197,0.917999999728636,False
docker_test_1.yml,python_antlr,198,0.7339000003412366,False
docker_test_1.yml,python_antlr,199,0.7489999998142594,False
docker_test_10.yml,python_antlr,0,0.8499000005031121,False
docker_test_10.yml,python_antlr,1,0.6039999998392886,False
docker_test_10.yml,python_antlr,2,0.4896000000371714,False
docker_test_10.yml,python_antlr,3,0.5909000001338427,False
docker_test_10.yml,python_antlr,4,0.4581000002872315,False
docker_test_10.yml,python_antlr,5,0.5127000003994908,False
docker_test_10.yml,python_antlr,6,0.8355999998457264,False
docker_test_10.yml,python_antlr,7,0.865699999849312,False
docker_test_10.yml,python_antlr,8,1.3661999992109486,False
docker_test_10.yml,python_antlr,9,1.7043999996531056,False
docker_test_10.yml,python_antlr,10,0.5972999997538864,False
docker_test_10.yml,python_antlr,11,2.162298999792256,False
docker_test_10.yml,python_antlr,12,0.4564000000755186,False
docker_test_10.yml,python_antlr,13,0.5848000000696629,False
docker_test_10.yml,python_antlr,14,0.3974000001107924,False
docker_test_10.yml,python_antlr,15,0.5623000006380607,False
docker_test_10.yml,python_antlr,16,0.6305000006250339,False
docker_test_10.yml,python_antlr,17,0.4622999995262944,False
docker_test_10.yml,python_antlr,18,0.384699999813165,False
docker_test_10.yml,python_antlr,19,0.95080000028247,False
docker_test_10.yml,python_antlr,20,0.5353000005925423,False
docker_test_10.yml,python_antlr,21,0.5703000006178627,False
docker_test_10.yml,python_antlr,22,0.3765999999814085,False
docker_test_10.yml,python_antlr,23,0.3801000002567889,False
docker_test_10.yml,python_antlr,24,0.4288000000087777,False
docker_test_10.yml,python_antlr,25,0.5352999996830476,False
docker_test_10.yml,python_antlr,26,0.5638000002363697,False
docker_test_10.yml,python_antlr,27,0.6971000002522487,False
docker_test_10.yml,python_antlr,28,0.5089000005682465,False
docker_test_10.yml,python_antlr,29,0.4435000000739819,False
docker_test_10.yml,python_antlr,30,0.4232000001138658,False
docker_test_10.yml,python_antlr,31,0.4825000005439506,False
docker_test_10.yml,python_antlr,32,0.4334999994171085,False
docker_test_10.yml,python_antlr,33,0.3918999991583405,False
docker_test_10.yml,python_antlr,34,0.3710990004037739,False
docker_test_10.yml,python_antlr,35,0.3790999999182531,False
docker_test_10.yml,python_antlr,36,0.3660000002128072,False
docker_test_10.yml,python_antlr,37,0.4729000002043904,False
docker_test_10.yml,python_antlr,38,0.4342000001997803,False
docker_test_10.yml,python_antlr,39,0.4338999997344217,False
docker_test_10.yml,python_antlr,40,0.4127000001972192,False
docker_test_10.yml,python_antlr,41,0.5295000000842265,False
docker_test_10.yml,python_antlr,42,0.4910000006930204,False
docker_test_10.yml,python_antlr,43,0.5655000004480826,False
docker_test_10.yml,python_antlr,44,0.3859999997075647,False
docker_test_10.yml,python_antlr,45,0.5001999998057727,False
docker_test_10.yml,python_antlr,46,0.4407999995237333,False
docker_test_10.yml,python_antlr,47,0.5595999991783174,False
docker_test_10.yml,python_antlr,48,0.3852999998343875,False
docker_test_10.yml,python_antlr,49,0.6686000006084214,False
docker_test_10.yml,python_antlr,50,0.9104000000661472,False
docker_test_10.yml,python_antlr,51,1.2563000000227476,False
docker_test_10.yml,python_antlr,52,0.6584999991900986,False
docker_test_10.yml,python_antlr,53,1.3284000006024144,False
docker_test_10.yml,python_antlr,54,2.4812990004647872,False
docker_test_10.yml,python_antlr,55,0.5475000007209019,False
docker_test_10.yml,python_antlr,56,0.4060000001118169,False
docker_test_10.yml,python_antlr,57,0.623700000687677,False
docker_test_10.yml,python_antlr,58,0.4518999994616024,False
docker_test_10.yml,python_antlr,59,1.1832000000140397,False
docker_test_10.yml,python_antlr,60,0.6237999996301369,False
docker_test_10.yml,python_antlr,61,0.4776999994646758,False
docker_test_10.yml,python_antlr,62,0.454800000625255,False
docker_test_10.yml,python_antlr,63,0.7187999999587191,False
docker_test_10.yml,python_antlr,64,0.4683999995904742,False
docker_test_10.yml,python_antlr,65,0.4883000001427717,False
docker_test_10.yml,python_antlr,66,0.4189999999653082,False
docker_test_10.yml,python_antlr,67,0.4746000004161033,False
docker_test_10.yml,python_antlr,68,0.4581000002872315,False
docker_test_10.yml,python_antlr,69,0.7066999996823142,False
docker_test_10.yml,python_antlr,70,0.792899999396468,False
docker_test_10.yml,python_antlr,71,0.4737990002467995,False
docker_test_10.yml,python_antlr,72,0.9846000002653454,False
docker_test_10.yml,python_antlr,73,1.0136999999303953,False
docker_test_10.yml,python_antlr,74,0.4801999994015204,False
docker_test_10.yml,python_antlr,75,0.7889999997132691,False
docker_test_10.yml,python_antlr,76,0.4620999998223851,False
docker_test_10.yml,python_antlr,77,0.9072000002561252,False
docker_test_10.yml,python_antlr,78,0.5234999998720014,False
docker_test_10.yml,python_antlr,79,0.5097000002933783,False
docker_test_10.yml,python_antlr,80,0.4347000003690482,False
docker_test_10.yml,python_antlr,81,0.8495000001857989,False
docker_test_10.yml,python_antlr,82,0.4249000003255787,False
docker_test_10.yml,python_antlr,83,0.4753999992317403,False
docker_test_10.yml,python_antlr,84,0.6180000000313157,False
docker_test_10.yml,python_antlr,85,0.4555000004984322,False
docker_test_10.yml,python_antlr,86,0.3809999998338753,False
docker_test_10.yml,python_antlr,87,0.4269999999451102,False
docker_test_10.yml,python_antlr,88,0.4969000001437962,False
docker_test_10.yml,python_antlr,89,0.5762000000686385,False
docker_test_10.yml,python_antlr,90,0.4916999996567028,False
docker_test_10.yml,python_antlr,91,0.4665989999921294,False
docker_test_10.yml,python_antlr,92,0.4041000001961947,False
docker_test_10.yml,python_antlr,93,0.5933000002187327,False
docker_test_10.yml,python_antlr,94,0.747899999623769,False
docker_test_10.yml,python_antlr,95,0.4871000001003267,False
docker_test_10.yml,python_antlr,96,0.3884000007019494,False
docker_test_10.yml,python_antlr,97,0.43550000009418,False
docker_test_10.yml,python_antlr,98,0.5597000008492614,False
docker_test_10.yml,python_antlr,99,0.7495999998354819,False
docker_test_10.yml,python_antlr,100,0.4683000006480142,False
docker_test_10.yml,python_antlr,101,1.0557000005064765,False
docker_test_10.yml,python_antlr,102,0.5424999999377178,False
docker_test_10.yml,python_antlr,103,0.598599999648286,False
docker_test_10.yml,python_antlr,104,0.4933000000164611,False
docker_test_10.yml,python_antlr,105,0.4644000000553205,False
docker_test_10.yml,python_antlr,106,0.533999999788648,False
docker_test_10.yml,python_antlr,107,1.006000000415952,False
docker_test_10.yml,python_antlr,108,0.5358999997042702,False
docker_test_10.yml,python_antlr,109,0.5793000000267057,False
docker_test_10.yml,python_antlr,110,0.436700000136625,False
docker_test_10.yml,python_antlr,111,0.5568990000028862,False
docker_test_10.yml,python_antlr,112,0.6203000002642511,False
docker_test_10.yml,python_antlr,113,0.6654999997408595,False
docker_test_10.yml,python_antlr,114,0.449500000286207,False
docker_test_10.yml,python_antlr,115,0.4832000004171277,False
docker_test_10.yml,python_antlr,116,0.5761000002166838,False
docker_test_10.yml,python_antlr,117,0.4539999999906285,False
docker_test_10.yml,python_antlr,118,0.494000000799133,False
docker_test_10.yml,python_antlr,119,0.6131999998615356,False
docker_test_10.yml,python_antlr,120,0.4261000003680237,False
docker_test_10.yml,python_antlr,121,0.624499999503314,False
docker_test_10.yml,python_antlr,122,0.5283999998937361,False
docker_test_10.yml,python_antlr,123,0.4449999996722908,False
docker_test_10.yml,python_antlr,124,0.4586000004564994,False
docker_test_10.yml,python_antlr,125,0.6029999995007529,False
docker_test_10.yml,python_antlr,126,0.4255000003468012,False
docker_test_10.yml,python_antlr,127,0.5035000003772439,False
docker_test_10.yml,python_antlr,128,0.7497999995393911,False
docker_test_10.yml,python_antlr,129,0.5737000001317938,False
docker_test_10.yml,python_antlr,130,0.3833000000668107,False
docker_test_10.yml,python_antlr,131,0.4343000000517349,False
docker_test_10.yml,python_antlr,132,0.3768999995372724,False
docker_test_10.yml,python_antlr,133,0.468899999759742,False
docker_test_10.yml,python_antlr,134,0.5113990000609192,False
docker_test_10.yml,python_antlr,135,0.5778000004283967,False
docker_test_10.yml,python_antlr,136,0.4029000001537497,False
docker_test_10.yml,python_antlr,137,0.4367999999885796,False
docker_test_10.yml,python_antlr,138,0.7066000007398543,False
docker_test_10.yml,python_antlr,139,0.5701000000044587,False
docker_test_10.yml,python_antlr,140,0.3825000003416789,False
docker_test_10.yml,python_antlr,141,0.4308000006858492,False
docker_test_10.yml,python_antlr,142,0.3714000004038098,False
docker_test_10.yml,python_antlr,143,0.5502000003616558,False
docker_test_10.yml,python_antlr,144,0.503999999637017,False
docker_test_10.yml,python_antlr,145,0.4988000000594184,False
docker_test_10.yml,python_antlr,146,0.3804999996646074,False
docker_test_10.yml,python_antlr,147,0.5421999994723592,False
docker_test_10.yml,python_antlr,148,0.434000000495871,False
docker_test_10.yml,python_antlr,149,0.5049999999755528,False
docker_test_10.yml,python_antlr,150,0.3991000003225053,False
docker_test_10.yml,python_antlr,151,0.4424999997354462,False
docker_test_10.yml,python_antlr,152,0.4428000002008048,False
docker_test_10.yml,python_antlr,153,1.1318999995637569,False
docker_test_10.yml,python_antlr,154,8.7275989999398,False
docker_test_10.yml,python_antlr,155,0.4638999998860527,False
docker_test_10.yml,python_antlr,156,0.3882999999405001,False
docker_test_10.yml,python_antlr,157,0.3770999992411816,False
docker_test_10.yml,python_antlr,158,0.3666000002340297,False
docker_test_10.yml,python_antlr,159,0.4070000004503527,False
docker_test_10.yml,python_antlr,160,0.3664000005301204,False
docker_test_10.yml,python_antlr,161,0.3655999998954939,False
docker_test_10.yml,python_antlr,162,0.3673999999591615,False
docker_test_10.yml,python_antlr,163,0.3691000001708744,False
docker_test_10.yml,python_antlr,164,0.3674999998111161,False
docker_test_10.yml,python_antlr,165,0.3698000000440515,False
docker_test_10.yml,python_antlr,166,0.364100000297185,False
docker_test_10.yml,python_antlr,167,0.364398999408877,False
docker_test_10.yml,python_antlr,168,0.366799999937939,False
docker_test_10.yml,python_antlr,169,0.3806999993685167,False
docker_test_10.yml,python_antlr,170,0.3624000000854721,False
docker_test_10.yml,python_antlr,171,0.3650000007837661,False
docker_test_10.yml,python_antlr,172,0.3601999997044913,False
docker_test_10.yml,python_antlr,173,0.4195000001345761,False
docker_test_10.yml,python_antlr,174,0.3665000003820751,False
docker_test_10.yml,python_antlr,175,0.7061999995130464,False
docker_test_10.yml,python_antlr,176,0.533999999788648,False
docker_test_10.yml,python_antlr,177,0.5185999998502666,False
docker_test_10.yml,python_antlr,178,0.4225000002406887,False
docker_test_10.yml,python_antlr,179,0.3796999999394757,False
docker_test_10.yml,python_antlr,180,0.3737999995792052,False
docker_test_10.yml,python_antlr,181,0.3710999999384512,False
docker_test_10.yml,python_antlr,182,0.3677000004245201,False
docker_test_10.yml,python_antlr,183,0.4551000001811189,False
docker_test_10.yml,python_antlr,184,0.36530000033963,False
docker_test_10.yml,python_antlr,185,0.508300000547024,False
docker_test_10.yml,python_antlr,186,0.3689000004669651,False
docker_test_10.yml,python_antlr,187,0.3630999999586493,False
docker_test_10.yml,python_antlr,188,0.3949000001739478,False
docker_test_10.yml,python_antlr,189,0.3676000005725655,False
docker_test_10.yml,python_antlr,190,0.414499999351392,False
docker_test_10.yml,python_antlr,191,0.4465000001800945,False
docker_test_10.yml,python_antlr,192,0.3636000001279171,False
docker_test_10.yml,python_antlr,193,0.4380000000310247,False
docker_test_10.yml,python_antlr,194,0.4437000006873859,False
docker_test_10.yml,python_antlr,195,0.3764000002774992,False
docker_test_10.yml,python_antlr,196,0.3650990001915488,False
docker_test_10.yml,python_antlr,197,0.417100000049686,False
docker_test_10.yml,python_antlr,198,0.4978999995728372,False
docker_test_10.yml,python_antlr,199,0.3710000000864966,False
docker_test_2.yml,python_antlr,0,1.1525999998411862,False
docker_test_2.yml,python_antlr,1,0.5450000007840572,False
docker_test_2.yml,python_antlr,2,0.3867999994326965,False
docker_test_2.yml,python_antlr,3,0.9109000002354152,False
docker_test_2.yml,python_antlr,4,1.9360989999768208,False
docker_test_2.yml,python_antlr,5,1.3593000003311315,False
docker_test_2.yml,python_antlr,6,0.5534000001716777,False
docker_test_2.yml,python_antlr,7,0.4895000001852168,False
docker_test_2.yml,python_antlr,8,0.4777000003741705,False
docker_test_2.yml,python_antlr,9,0.6179000001793611,False
docker_test_2.yml,python_antlr,10,0.4873999996561906,False
docker_test_2.yml,python_antlr,11,0.4327000006014714,False
docker_test_2.yml,python_antlr,12,0.374500000361877,False
docker_test_2.yml,python_antlr,13,0.3703000002133194,False
docker_test_2.yml,python_antlr,14,0.3674999998111161,False
docker_test_2.yml,python_antlr,15,0.3645999995569582,False
docker_test_2.yml,python_antlr,16,0.3672000002552522,False
docker_test_2.yml,python_antlr,17,0.3612000000430271,False
docker_test_2.yml,python_antlr,18,0.4472000000532716,False
docker_test_2.yml,python_antlr,19,0.366799999937939,False
docker_test_2.yml,python_antlr,20,0.3697000001920969,False
docker_test_2.yml,python_antlr,21,0.4033000004710629,False
docker_test_2.yml,python_antlr,22,0.4158000001552864,False
docker_test_2.yml,python_antlr,23,0.369200000022829,False
docker_test_2.yml,python_antlr,24,0.3698999998960062,False
docker_test_2.yml,python_antlr,25,0.3639000005932757,False
docker_test_2.yml,python_antlr,26,0.3605000001698499,False
docker_test_2.yml,python_antlr,27,0.3595000007408089,False
docker_test_2.yml,python_antlr,28,0.3683999993882025,False
docker_test_2.yml,python_antlr,29,0.3656999997474486,False
docker_test_2.yml,python_antlr,30,0.3624990004027495,False
docker_test_2.yml,python_antlr,31,0.3659000003608526,False
docker_test_2.yml,python_antlr,32,0.3957999997510342,False
docker_test_2.yml,python_antlr,33,0.3572999994503334,False
docker_test_2.yml,python_antlr,34,0.3581999999369145,False
docker_test_2.yml,python_antlr,35,0.3956000000471249,False
docker_test_2.yml,python_antlr,36,0.3631999998106039,False
docker_test_2.yml,python_antlr,37,0.4441999999471591,False
docker_test_2.yml,python_antlr,38,0.3628000004027853,False
docker_test_2.yml,python_antlr,39,0.3611000001910724,False
docker_test_2.yml,python_antlr,40,0.3627999994932906,False
docker_test_2.yml,python_antlr,41,0.3649000000223168,False
docker_test_2.yml,python_antlr,42,0.3870000000461004,False
docker_test_2.yml,python_antlr,43,0.3631999998106039,False
docker_test_2.yml,python_antlr,44,0.4736999999295221,False
docker_test_2.yml,python_antlr,45,0.3677000004245201,False
docker_test_2.yml,python_antlr,46,0.4180000005362672,False
docker_test_2.yml,python_antlr,47,0.3698000000440515,False
docker_test_2.yml,python_antlr,48,0.3722999999808962,False
docker_test_2.yml,python_antlr,49,0.369400000636233,False
docker_test_2.yml,python_antlr,50,0.3630999999586493,False
docker_test_2.yml,python_antlr,51,0.4300000000512227,False
docker_test_2.yml,python_antlr,52,0.3957999997510342,False
docker_test_2.yml,python_antlr,53,0.3645999995569582,False
docker_test_2.yml,python_antlr,54,0.3586000002542278,False
docker_test_2.yml,python_antlr,55,0.36530000033963,False
docker_test_2.yml,python_antlr,56,0.3591000004234956,False
docker_test_2.yml,python_antlr,57,0.3652000004876754,False
docker_test_2.yml,python_antlr,58,0.3821999998763203,False
docker_test_2.yml,python_antlr,59,0.3615999994508456,False
docker_test_2.yml,python_antlr,60,0.3659000003608526,False
docker_test_2.yml,python_antlr,61,0.3652989998954581,False
docker_test_2.yml,python_antlr,62,0.3633000005720532,False
docker_test_2.yml,python_antlr,63,0.4583999998430954,False
docker_test_2.yml,python_antlr,64,0.3684999992401572,False
docker_test_2.yml,python_antlr,65,0.3661999999167165,False
docker_test_2.yml,python_antlr,66,0.3631999998106039,False
docker_test_2.yml,python_antlr,67,0.3652000004876754,False
docker_test_2.yml,python_antlr,68,0.3673000001072068,False
docker_test_2.yml,python_antlr,69,0.4172999997535953,False
docker_test_2.yml,python_antlr,70,0.3638000007413211,False
docker_test_2.yml,python_antlr,71,0.3585000004022731,False
docker_test_2.yml,python_antlr,72,0.3611000001910724,False
docker_test_2.yml,python_antlr,73,0.3925999999410123,False
docker_test_2.yml,python_antlr,74,0.3682999995362479,False
docker_test_2.yml,python_antlr,75,0.3651000006357208,False
docker_test_2.yml,python_antlr,76,0.3612000000430271,False
docker_test_2.yml,python_antlr,77,0.3615999994508456,False
docker_test_2.yml,python_antlr,78,0.3623000002335175,False
docker_test_2.yml,python_antlr,79,0.3568000001905602,False
docker_test_2.yml,python_antlr,80,0.3649000000223168,False
docker_test_2.yml,python_antlr,81,0.4175000003669993,False
docker_test_2.yml,python_antlr,82,0.3634000004240079,False
docker_test_2.yml,python_antlr,83,0.3600999998525367,False
docker_test_2.yml,python_antlr,84,0.3901999998561223,False
docker_test_2.yml,python_antlr,85,0.3611000001910724,False
docker_test_2.yml,python_antlr,86,0.3612999998949817,False
docker_test_2.yml,python_antlr,87,0.357599999915692,False
docker_test_2.yml,python_antlr,88,0.3575000000637374,False
docker_test_2.yml,python_antlr,89,0.3597999993871781,False
docker_test_2.yml,python_antlr,90,0.3579000003810506,False
docker_test_2.yml,python_antlr,91,0.357599999915692,False
docker_test_2.yml,python_antlr,92,0.779298999987077,False
docker_test_2.yml,python_antlr,93,0.4525000003923196,False
docker_test_2.yml,python_antlr,94,0.3716000001077191,False
docker_test_2.yml,python_antlr,95,0.369400000636233,False
docker_test_2.yml,python_antlr,96,0.3632999996625585,False
docker_test_2.yml,python_antlr,97,0.3661000000647618,False
docker_test_2.yml,python_antlr,98,0.4324999999880674,False
docker_test_2.yml,python_antlr,99,0.3634000004240079,False
docker_test_2.yml,python_antlr,100,0.3662999997686711,False
docker_test_2.yml,python_antlr,101,0.3624999999374267,False
docker_test_2.yml,python_antlr,102,0.4075000006196205,False
docker_test_2.yml,python_antlr,103,0.3628000004027853,False
docker_test_2.yml,python_antlr,104,0.384699999813165,False
docker_test_2.yml,python_antlr,105,0.3595000007408089,False
docker_test_2.yml,python_antlr,106,0.3627000005508307,False
docker_test_2.yml,python_antlr,107,0.3610000003391178,False
docker_test_2.yml,python_antlr,108,0.3615999994508456,False
docker_test_2.yml,python_antlr,109,0.3591000004234956,False
docker_test_2.yml,python_antlr,110,0.36530000033963,False
docker_test_2.yml,python_antlr,111,0.3608000006352085,False
docker_test_2.yml,python_antlr,112,0.3654000001915847,False
docker_test_2.yml,python_antlr,113,0.4032999995615682,False
docker_test_2.yml,python_antlr,114,0.3975999998147017,False
docker_test_2.yml,python_antlr,115,0.3661999999167165,False
docker_test_2.yml,python_antlr,116,0.3611000001910724,False
docker_test_2.yml,python_antlr,117,0.4349999999249121,False
docker_test_2.yml,python_antlr,118,0.3874000003634137,False
docker_test_2.yml,python_antlr,119,0.3634999993664678,False
docker_test_2.yml,python_antlr,120,0.3606000000218046,False
docker_test_2.yml,python_antlr,121,0.3565000006346963,False
docker_test_2.yml,python_antlr,122,0.3619999997681589,False
docker_test_2.yml,python_antlr,123,0.4463989998839679,False
docker_test_2.yml,python_antlr,124,0.4695999996329192,False
docker_test_2.yml,python_antlr,125,0.4527999999481835,False
docker_test_2.yml,python_antlr,126,0.3693999997267383,False
docker_test_2.yml,python_antlr,127,0.4488999993554898,False
docker_test_2.yml,python_antlr,128,0.3697000001920969,False
docker_test_2.yml,python_antlr,129,0.5829000001540408,False
docker_test_2.yml,python_antlr,130,0.3856000002997461,False
docker_test_2.yml,python_antlr,131,0.4595000000335858,False
docker_test_2.yml,python_antlr,132,0.370400000065274,False
docker_test_2.yml,python_antlr,133,0.5166999999346444,False
docker_test_2.yml,python_antlr,134,0.4730999999082996,False
docker_test_2.yml,python_antlr,135,0.4984999995940598,False
docker_test_2.yml,python_antlr,136,1.9938999994337792,False
docker_test_2.yml,python_antlr,137,0.6171000004542293,False
docker_test_2.yml,python_antlr,138,0.473000000056345,False
docker_test_2.yml,python_antlr,139,0.4711000001407228,False
docker_test_2.yml,python_antlr,140,0.4321000005802489,False
docker_test_2.yml,python_antlr,141,0.5036000002291985,False
docker_test_2.yml,python_antlr,142,0.4413000006024958,False
docker_test_2.yml,python_antlr,143,0.4661000002670334,False
docker_test_2.yml,python_antlr,144,0.3714999993462697,False
docker_test_2.yml,python_antlr,145,0.5370990002120379,False
docker_test_2.yml,python_antlr,146,0.3754999997909181,False
docker_test_2.yml,python_antlr,147,0.5834000003233086,False
docker_test_2.yml,python_antlr,148,0.4958999998052604,False
docker_test_2.yml,python_antlr,149,0.4649999991670484,False
docker_test_2.yml,python_antlr,150,0.5203999999139342,False
docker_test_2.yml,python_antlr,151,0.5295999999361811,False
docker_test_2.yml,python_antlr,152,0.4277999996702419,False
docker_test_2.yml,python_antlr,153,0.7152999996833387,False
docker_test_2.yml,python_antlr,154,1.190199999655306,False
docker_test_2.yml,python_antlr,155,0.4941999995935475,False
docker_test_2.yml,python_antlr,156,0.4288999998607323,False
docker_test_2.yml,python_antlr,157,0.453399999969406,False
docker_test_2.yml,python_antlr,158,0.4138000003877096,False
docker_test_2.yml,python_antlr,159,0.5025999998906627,False
docker_test_2.yml,python_antlr,160,0.3987999998571467,False
docker_test_2.yml,python_antlr,161,0.4598999994414043,False
docker_test_2.yml,python_antlr,162,0.4395000005388283,False
docker_test_2.yml,python_antlr,163,0.6048000004739151,False
docker_test_2.yml,python_antlr,164,0.3957999997510342,False
docker_test_2.yml,python_antlr,165,0.99560000035126,False
docker_test_2.yml,python_antlr,166,0.4728989997602184,False
docker_test_2.yml,python_antlr,167,0.5922000000282424,False
docker_test_2.yml,python_antlr,168,0.7748999996692874,False
docker_test_2.yml,python_antlr,169,0.5952999999863096,False
docker_test_2.yml,python_antlr,170,0.4801000004590605,False
docker_test_2.yml,python_antlr,171,0.3700999995999154,False
docker_test_2.yml,python_antlr,172,0.420999999732885,False
docker_test_2.yml,python_antlr,173,0.4486000007091206,False
docker_test_2.yml,python_antlr,174,0.5217999996602884,False
docker_test_2.yml,python_antlr,175,0.7704999998168205,False
docker_test_2.yml,python_antlr,176,0.4430999997566687,False
docker_test_2.yml,python_antlr,177,0.3715000002557644,False
docker_test_2.yml,python_antlr,178,0.4866999997830135,False
docker_test_2.yml,python_antlr,179,0.3775999994104495,False
docker_test_2.yml,python_antlr,180,0.4701999996541417,False
docker_test_2.yml,python_antlr,181,0.3715000002557644,False
docker_test_2.yml,python_antlr,182,0.467699999717297,False
docker_test_2.yml,python_antlr,183,0.3901000000041676,False
docker_test_2.yml,python_antlr,184,0.3663999996206257,False
docker_test_2.yml,python_antlr,185,0.488499999846681,False
docker_test_2.yml,python_antlr,186,0.4114999992452794,False
docker_test_2.yml,python_antlr,187,0.4231000002619112,False
docker_test_2.yml,python_antlr,188,0.3684999992401572,False
docker_test_2.yml,python_antlr,189,0.3616000003603403,False
docker_test_2.yml,python_antlr,190,0.3779999997277627,False
docker_test_2.yml,python_antlr,191,0.3651999995781807,False
docker_test_2.yml,python_antlr,192,0.4137989999435376,False
docker_test_2.yml,python_antlr,193,0.4580000004352769,False
docker_test_2.yml,python_antlr,194,0.4039000004922854,False
docker_test_2.yml,python_antlr,195,0.4398000000946922,False
docker_test_2.yml,python_antlr,196,0.373300000319432,False
docker_test_2.yml,python_antlr,197,1.0596000001896757,False
docker_test_2.yml,python_antlr,198,0.4239999998389976,False
docker_test_2.yml,python_antlr,199,0.375700000404322,False
docker_test_3.yml,python_antlr,0,0.6833999996160856,False
docker_test_3.yml,python_antlr,1,0.3980999999839696,False
docker_test_3.yml,python_antlr,2,0.4066000001330394,False
docker_test_3.yml,python_antlr,3,0.3917989997717086,False
docker_test_3.yml,python_antlr,4,0.4644999999072752,False
docker_test_3.yml,python_antlr,5,0.3776000003199442,False
docker_test_3.yml,python_antlr,6,0.370400000065274,False
docker_test_3.yml,python_antlr,7,0.3636000001279171,False
docker_test_3.yml,python_antlr,8,0.3700999995999154,False
docker_test_3.yml,python_antlr,9,0.3607999997257138,False
docker_test_3.yml,python_antlr,10,0.361700000212295,False
docker_test_3.yml,python_antlr,11,0.3658000005088979,False
docker_test_3.yml,python_antlr,12,0.4729000002043904,False
docker_test_3.yml,python_antlr,13,0.3839999999399879,False
docker_test_3.yml,python_antlr,14,0.4509000000325613,False
docker_test_3.yml,python_antlr,15,0.3828999997494975,False
docker_test_3.yml,python_antlr,16,0.3688999995574704,False
docker_test_3.yml,python_antlr,17,0.3609000004871632,False
docker_test_3.yml,python_antlr,18,0.3631999998106039,False
docker_test_3.yml,python_antlr,19,0.36530000033963,False
docker_test_3.yml,python_antlr,20,0.367999999980384,False
docker_test_3.yml,python_antlr,21,0.40160000025935,False
docker_test_3.yml,python_antlr,22,0.3660000002128072,False
docker_test_3.yml,python_antlr,23,0.3615999994508456,False
docker_test_3.yml,python_antlr,24,0.3628000004027853,False
docker_test_3.yml,python_antlr,25,0.3911000003427034,False
docker_test_3.yml,python_antlr,26,0.4767999998875893,False
docker_test_3.yml,python_antlr,27,0.3729000000021187,False
docker_test_3.yml,python_antlr,28,0.3673999999591615,False
docker_test_3.yml,python_antlr,29,0.370699999621138,False
docker_test_3.yml,python_antlr,30,0.3690000003189198,False
docker_test_3.yml,python_antlr,31,0.3699999997479608,False
docker_test_3.yml,python_antlr,32,0.3644000007625436,False
docker_test_3.yml,python_antlr,33,0.3620990000854363,False
docker_test_3.yml,python_antlr,34,0.3612999998949817,False
docker_test_3.yml,python_antlr,35,0.394899999264453,False
docker_test_3.yml,python_antlr,36,1.653400000577676,False
docker_test_3.yml,python_antlr,37,0.4238000001350883,False
docker_test_3.yml,python_antlr,38,0.3796999999394757,False
docker_test_3.yml,python_antlr,39,0.7212000000436092,False
docker_test_3.yml,python_antlr,40,0.4637000001821434,False
docker_test_3.yml,python_antlr,41,0.4554000006464775,False
docker_test_3.yml,python_antlr,42,0.3866999995807418,False
docker_test_3.yml,python_antlr,43,0.3829999996014521,False
docker_test_3.yml,python_antlr,44,0.4068999996889033,False
docker_test_3.yml,python_antlr,45,0.4034000003230176,False
docker_test_3.yml,python_antlr,46,0.4117000007681781,False
docker_test_3.yml,python_antlr,47,0.4014999994979007,False
docker_test_3.yml,python_antlr,48,0.3765000001294538,False
docker_test_3.yml,python_antlr,49,0.3806000004260568,False
docker_test_3.yml,python_antlr,50,0.3738999994311598,False
docker_test_3.yml,python_antlr,51,0.4285999993953737,False
docker_test_3.yml,python_antlr,52,0.3852999998343875,False
docker_test_3.yml,python_antlr,53,0.374299999748473,False
docker_test_3.yml,python_antlr,54,0.3724999996848055,False
docker_test_3.yml,python_antlr,55,0.4199999993943493,False
docker_test_3.yml,python_antlr,56,0.3832000002148561,False
docker_test_3.yml,python_antlr,57,0.3729000000021187,False
docker_test_3.yml,python_antlr,58,0.3803999998126528,False
docker_test_3.yml,python_antlr,59,0.4174989999228273,False
docker_test_3.yml,python_antlr,60,0.4396000003907829,False
docker_test_3.yml,python_antlr,61,0.4603999996106722,False
docker_test_3.yml,python_antlr,62,0.3802999999606982,False
docker_test_3.yml,python_antlr,63,0.4912000003969297,False
docker_test_3.yml,python_antlr,64,0.378400000045076,False
docker_test_3.yml,python_antlr,65,0.3678000002764747,False
docker_test_3.yml,python_antlr,66,0.3679000001284294,False
docker_test_3.yml,python_antlr,67,0.3672000002552522,False
docker_test_3.yml,python_antlr,68,0.3600000000005821,False
docker_test_3.yml,python_antlr,69,0.3607999997257138,False
docker_test_3.yml,python_antlr,70,0.4160999997111503,False
docker_test_3.yml,python_antlr,71,0.3967000002376153,False
docker_test_3.yml,python_antlr,72,0.3625999997893814,False
docker_test_3.yml,python_antlr,73,0.3624000000854721,False
docker_test_3.yml,python_antlr,74,0.3657999995994032,False
docker_test_3.yml,python_antlr,75,0.3613999997469364,False
docker_test_3.yml,python_antlr,76,0.358799999958137,False
docker_test_3.yml,python_antlr,77,0.3609999994296231,False
docker_test_3.yml,python_antlr,78,0.5548000008275267,False
docker_test_3.yml,python_antlr,79,0.4226000000926433,False
docker_test_3.yml,python_antlr,80,1.5125999998417683,False
docker_test_3.yml,python_antlr,81,0.9875000005195034,False
docker_test_3.yml,python_antlr,82,0.5866000001333305,False
docker_test_3.yml,python_antlr,83,0.4129999997530831,False
docker_test_3.yml,python_antlr,84,0.3811990000031073,False
docker_test_3.yml,python_antlr,85,0.374299999748473,False
docker_test_3.yml,python_antlr,86,0.4208000000289758,False
docker_test_3.yml,python_antlr,87,0.377200000002631,False
docker_test_3.yml,python_antlr,88,0.3716000001077191,False
docker_test_3.yml,python_antlr,89,0.4331000000092899,False
docker_test_3.yml,python_antlr,90,0.3663000006781658,False
docker_test_3.yml,python_antlr,91,0.3662999997686711,False
docker_test_3.yml,python_antlr,92,0.3669999996418482,False
docker_test_3.yml,python_antlr,93,0.3648000001703622,False
docker_test_3.yml,python_antlr,94,0.367999999980384,False
docker_test_3.yml,python_antlr,95,0.3925999999410123,False
docker_test_3.yml,python_antlr,96,0.4128999999011284,False
docker_test_3.yml,python_antlr,97,0.3677000004245201,False
docker_test_3.yml,python_antlr,98,0.3641999992396449,False
docker_test_3.yml,python_antlr,99,0.3601999997044913,False
docker_test_3.yml,python_antlr,100,0.3592000002754503,False
docker_test_3.yml,python_antlr,101,0.4183000000921311,False
docker_test_3.yml,python_antlr,102,0.3765999999814085,False
docker_test_3.yml,python_antlr,103,0.3697000001920969,False
docker_test_3.yml,python_antlr,104,0.3683999993882025,False
docker_test_3.yml,python_antlr,105,0.3607000007832539,False
docker_test_3.yml,python_antlr,106,0.4711000001407228,False
docker_test_3.yml,python_antlr,107,0.3763000004255445,False
docker_test_3.yml,python_antlr,108,0.3693999997267383,False
docker_test_3.yml,python_antlr,109,0.4193000004306668,False
docker_test_3.yml,python_antlr,110,0.3843000004053465,False
docker_test_3.yml,python_antlr,111,0.4931000003125518,False
docker_test_3.yml,python_antlr,112,0.4361000001154025,False
docker_test_3.yml,python_antlr,113,0.3696000003401423,False
docker_test_3.yml,python_antlr,114,0.3705990002345061,False
docker_test_3.yml,python_antlr,115,0.3925999999410123,False
docker_test_3.yml,python_antlr,116,0.8442999996987055,False
docker_test_3.yml,python_antlr,117,0.410800000281597,False
docker_test_3.yml,python_antlr,118,8.958800000073097,False
docker_test_3.yml,python_antlr,119,0.4544000003079418,False
docker_test_3.yml,python_antlr,120,0.3828999997494975,False
docker_test_3.yml,python_antlr,121,0.4334989998824312,False
docker_test_3.yml,python_antlr,122,0.4100000005564652,False
docker_test_3.yml,python_antlr,123,0.3663999996206257,False
docker_test_3.yml,python_antlr,124,0.3628000004027853,False
docker_test_3.yml,python_antlr,125,0.3655999998954939,False
docker_test_3.yml,python_antlr,126,0.3668999997898936,False
docker_test_3.yml,python_antlr,127,0.3612999998949817,False
docker_test_3.yml,python_antlr,128,0.361700000212295,False
docker_test_3.yml,python_antlr,129,0.3592000002754503,False
docker_test_3.yml,python_antlr,130,0.361700000212295,False
docker_test_3.yml,python_antlr,131,0.361700000212295,False
docker_test_3.yml,python_antlr,132,0.358799999958137,False
docker_test_3.yml,python_antlr,133,0.3810999996858299,False
docker_test_3.yml,python_antlr,134,0.3579000003810506,False
docker_test_3.yml,python_antlr,135,0.43799999912153,False
docker_test_3.yml,python_antlr,136,0.3659999993033125,False
docker_test_3.yml,python_antlr,137,0.3678999992189347,False
docker_test_3.yml,python_antlr,138,0.3608999995776685,False
docker_test_3.yml,python_antlr,139,0.36779999936698,False
docker_test_3.yml,python_antlr,140,0.3610000003391178,False
docker_test_3.yml,python_antlr,141,0.3588999998100917,False
docker_test_3.yml,python_antlr,142,0.3607999997257138,False
docker_test_3.yml,python_antlr,143,0.3645999995569582,False
docker_test_3.yml,python_antlr,144,0.4642000003514113,False
docker_test_3.yml,python_antlr,145,0.3716999999596737,False
docker_test_3.yml,python_antlr,146,0.3636999999798718,False
docker_test_3.yml,python_antlr,147,0.3615000005083857,False
docker_test_3.yml,python_antlr,148,0.3609999994296231,False
docker_test_3.yml,python_antlr,149,0.4139000002396642,False
docker_test_3.yml,python_antlr,150,0.3665000003820751,False
docker_test_3.yml,python_antlr,151,0.3593000001274049,False
docker_test_3.yml,python_antlr,152,0.3628000004027853,False
docker_test_3.yml,python_antlr,153,0.3603989998737233,False
docker_test_3.yml,python_antlr,154,1.5544999996564002,False
docker_test_3.yml,python_antlr,155,0.4478000000744941,False
docker_test_3.yml,python_antlr,156,0.3764000002774992,False
docker_test_3.yml,python_antlr,157,0.3735000000233412,False
docker_test_3.yml,python_antlr,158,0.3714000004038098,False
docker_test_3.yml,python_antlr,159,0.3660000002128072,False
docker_test_3.yml,python_antlr,160,0.4103000001123291,False
docker_test_3.yml,python_antlr,161,0.4029000001537497,False
docker_test_3.yml,python_antlr,162,0.3643999998530489,False
docker_test_3.yml,python_antlr,163,0.3655000000435393,False
docker_test_3.yml,python_antlr,164,0.3624000000854721,False
docker_test_3.yml,python_antlr,165,0.3640999993876903,False
docker_test_3.yml,python_antlr,166,0.3784999998970306,False
docker_test_3.yml,python_antlr,167,0.3627000005508307,False
docker_test_3.yml,python_antlr,168,0.3570000008039642,False
docker_test_3.yml,python_antlr,169,0.3585000004022731,False
docker_test_3.yml,python_antlr,170,0.3659000003608526,False
docker_test_3.yml,python_antlr,171,0.3642000001491396,False
docker_test_3.yml,python_antlr,172,0.4589999998643179,False
docker_test_3.yml,python_antlr,173,0.3633000005720532,False
docker_test_3.yml,python_antlr,174,0.364100000297185,False
docker_test_3.yml,python_antlr,175,0.3575000000637374,False
docker_test_3.yml,python_antlr,176,0.3614000006564311,False
docker_test_3.yml,python_antlr,177,0.3598999992391327,False
docker_test_3.yml,python_antlr,178,0.3616999993028003,False
docker_test_3.yml,python_antlr,179,0.360200000613986,False
docker_test_3.yml,python_antlr,180,0.3612000000430271,False
docker_test_3.yml,python_antlr,181,0.3668990002552164,False
docker_test_3.yml,python_antlr,182,0.3791999997702078,False
docker_test_3.yml,python_antlr,183,0.3614000006564311,False
docker_test_3.yml,python_antlr,184,0.3990000004705507,False
docker_test_3.yml,python_antlr,185,0.3652000004876754,False
docker_test_3.yml,python_antlr,186,0.3655000000435393,False
docker_test_3.yml,python_antlr,187,0.364100000297185,False
docker_test_3.yml,python_antlr,188,0.3661000000647618,False
docker_test_3.yml,python_antlr,189,0.3635000002759625,False
docker_test_3.yml,python_antlr,190,0.3622999993240228,False
docker_test_3.yml,python_antlr,191,0.3594999998313142,False
docker_test_3.yml,python_antlr,192,0.3580000002330052,False
docker_test_3.yml,python_antlr,193,0.3817000006165472,False
docker_test_3.yml,python_antlr,194,0.3628000004027853,False
docker_test_3.yml,python_antlr,195,0.3600999998525367,False
docker_test_3.yml,python_antlr,196,0.3612999998949817,False
docker_test_3.yml,python_antlr,197,0.4137999994782149,False
docker_test_3.yml,python_antlr,198,0.3613999997469364,False
docker_test_3.yml,python_antlr,199,0.3594999998313142,False
docker_test_4.yml,python_antlr,0,0.6868000000395114,False
docker_test_4.yml,python_antlr,1,0.3944999998566345,False
docker_test_4.yml,python_antlr,2,0.377200000002631,False
docker_test_4.yml,python_antlr,3,0.3705999997691833,False
docker_test_4.yml,python_antlr,4,0.4030000000057043,False
docker_test_4.yml,python_antlr,5,0.4558000000542961,False
docker_test_4.yml,python_antlr,6,0.3829999996014521,False
docker_test_4.yml,python_antlr,7,0.3651000006357208,False
docker_test_4.yml,python_antlr,8,0.3643999998530489,False
docker_test_4.yml,python_antlr,9,0.3564999997252016,False
docker_test_4.yml,python_antlr,10,0.357599999915692,False
docker_test_4.yml,python_antlr,11,0.3594999998313142,False
docker_test_4.yml,python_antlr,12,0.3609000004871632,False
docker_test_4.yml,python_antlr,13,0.3609999994296231,False
docker_test_4.yml,python_antlr,14,0.6062989996280521,False
docker_test_4.yml,python_antlr,15,0.5764999996245024,False
docker_test_4.yml,python_antlr,16,0.4072000001542619,False
docker_test_4.yml,python_antlr,17,0.3790000000662985,False
docker_test_4.yml,python_antlr,18,0.3679000001284294,False
docker_test_4.yml,python_antlr,19,0.3643000000010943,False
docker_test_4.yml,python_antlr,20,0.4242000004524016,False
docker_test_4.yml,python_antlr,21,0.3801999991992488,False
docker_test_4.yml,python_antlr,22,0.3750000005311449,False
docker_test_4.yml,python_antlr,23,0.4266000005372916,False
docker_test_4.yml,python_antlr,24,0.4608999997799401,False
docker_test_4.yml,python_antlr,25,0.3875000002153683,False
docker_test_4.yml,python_antlr,26,0.3669999996418482,False
docker_test_4.yml,python_antlr,27,0.3656000008049886,False
docker_test_4.yml,python_antlr,28,0.3588999998100917,False
docker_test_4.yml,python_antlr,29,0.3658999994513578,False
docker_test_4.yml,python_antlr,30,0.3658000005088979,False
docker_test_4.yml,python_antlr,31,0.3640000004452304,False
docker_test_4.yml,python_antlr,32,0.3606999998737592,False
docker_test_4.yml,python_antlr,33,0.3641999992396449,False
docker_test_4.yml,python_antlr,34,0.3770000002987217,False
docker_test_4.yml,python_antlr,35,0.4029000001537497,False
docker_test_4.yml,python_antlr,36,0.3645999995569582,False
docker_test_4.yml,python_antlr,37,0.3568999991330202,False
docker_test_4.yml,python_antlr,38,0.3592000002754503,False
docker_test_4.yml,python_antlr,39,0.3618999999162042,False
docker_test_4.yml,python_antlr,40,0.3661999999167165,False
docker_test_4.yml,python_antlr,41,0.3664999994725804,False
docker_test_4.yml,python_antlr,42,0.3650999997262261,False
docker_test_4.yml,python_antlr,43,0.3615999994508456,False
docker_test_4.yml,python_antlr,44,0.3637989993876545,False
docker_test_4.yml,python_antlr,45,0.4624000002877437,False
docker_test_4.yml,python_antlr,46,0.3673000001072068,False
docker_test_4.yml,python_antlr,47,0.4080999997313483,False
docker_test_4.yml,python_antlr,48,0.3643999998530489,False
docker_test_4.yml,python_antlr,49,0.3661000000647618,False
docker_test_4.yml,python_antlr,50,0.3606000000218046,False
docker_test_4.yml,python_antlr,51,0.3564999997252016,False
docker_test_4.yml,python_antlr,52,0.3604000003178953,False
docker_test_4.yml,python_antlr,53,0.3622999993240228,False
docker_test_4.yml,python_antlr,54,0.3581000000849599,False
docker_test_4.yml,python_antlr,55,0.3589000007195864,False
docker_test_4.yml,python_antlr,56,0.3867000004902365,False
docker_test_4.yml,python_antlr,57,0.3645000006144983,False
docker_test_4.yml,python_antlr,58,0.3654000001915847,False
docker_test_4.yml,python_antlr,59,0.3594999998313142,False
docker_test_4.yml,python_antlr,60,0.357599999915692,False
docker_test_4.yml,python_antlr,61,0.4167000006418675,False
docker_test_4.yml,python_antlr,62,0.3640999993876903,False
docker_test_4.yml,python_antlr,63,0.3608000006352085,False
docker_test_4.yml,python_antlr,64,0.3616000003603403,False
docker_test_4.yml,python_antlr,65,0.3636000001279171,False
docker_test_4.yml,python_antlr,66,0.3556000001481152,False
docker_test_4.yml,python_antlr,67,0.3799999994953396,False
docker_test_4.yml,python_antlr,68,0.3538999999364023,False
docker_test_4.yml,python_antlr,69,0.3612000000430271,False
docker_test_4.yml,python_antlr,70,0.3651999995781807,False
docker_test_4.yml,python_antlr,71,0.3613999997469364,False
docker_test_4.yml,python_antlr,72,0.3610000003391178,False
docker_test_4.yml,python_antlr,73,0.413499999922351,False
docker_test_4.yml,python_antlr,74,0.3673999999591615,False
docker_test_4.yml,python_antlr,75,0.3655000000435393,False
docker_test_4.yml,python_antlr,76,0.3621989999373909,False
docker_test_4.yml,python_antlr,77,0.3828999997494975,False
docker_test_4.yml,python_antlr,78,0.370400000065274,False
docker_test_4.yml,python_antlr,79,0.3622000003815628,False
docker_test_4.yml,python_antlr,80,0.3603000004659407,False
docker_test_4.yml,python_antlr,81,0.3605000001698499,False
docker_test_4.yml,python_antlr,82,0.3618000000642496,False
docker_test_4.yml,python_antlr,83,0.3601999997044913,False
docker_test_4.yml,python_antlr,84,0.3596999995352234,False
docker_test_4.yml,python_antlr,85,0.4063999995196354,False
docker_test_4.yml,python_antlr,86,1.1386000005586538,False
docker_test_4.yml,python_antlr,87,0.5640999997922336,False
docker_test_4.yml,python_antlr,88,0.3939999996873666,False
docker_test_4.yml,python_antlr,89,0.3765999999814085,False
docker_test_4.yml,python_antlr,90,0.3729000000021187,False
docker_test_4.yml,python_antlr,91,0.3624999999374267,False
docker_test_4.yml,python_antlr,92,0.3649000000223168,False
docker_test_4.yml,python_antlr,93,0.374500000361877,False
docker_test_4.yml,python_antlr,94,0.364100000297185,False
docker_test_4.yml,python_antlr,95,0.4554000006464775,False
docker_test_4.yml,python_antlr,96,0.3739000003406545,False
docker_test_4.yml,python_antlr,97,0.3655000000435393,False
docker_test_4.yml,python_antlr,98,0.3676000005725655,False
docker_test_4.yml,python_antlr,99,0.3636999999798718,False
docker_test_4.yml,python_antlr,100,0.3581000000849599,False
docker_test_4.yml,python_antlr,101,0.360200000613986,False
docker_test_4.yml,python_antlr,102,0.3589999996620463,False
docker_test_4.yml,python_antlr,103,0.3601999997044913,False
docker_test_4.yml,python_antlr,104,0.3606000000218046,False
docker_test_4.yml,python_antlr,105,0.363099000423972,False
docker_test_4.yml,python_antlr,106,0.3760999998121406,False
docker_test_4.yml,python_antlr,107,0.3606999998737592,False
docker_test_4.yml,python_antlr,108,0.3571000006559188,False
docker_test_4.yml,python_antlr,109,0.3583000006983639,False
docker_test_4.yml,python_antlr,110,0.3625000008469214,False
docker_test_4.yml,python_antlr,111,0.3676000005725655,False
docker_test_4.yml,python_antlr,112,0.4316999993534409,False
docker_test_4.yml,python_antlr,113,0.3664000005301204,False
docker_test_4.yml,python_antlr,114,0.3660000002128072,False
docker_test_4.yml,python_antlr,115,0.3650999997262261,False
docker_test_4.yml,python_antlr,116,0.3649000000223168,False
docker_test_4.yml,python_antlr,117,0.3859999997075647,False
docker_test_4.yml,python_antlr,118,0.36530000033963,False
docker_test_4.yml,python_antlr,119,0.3584999994927784,False
docker_test_4.yml,python_antlr,120,0.3569999998944695,False
docker_test_4.yml,python_antlr,121,0.3592000002754503,False
docker_test_4.yml,python_antlr,122,0.3597000004447181,False
docker_test_4.yml,python_antlr,123,0.3671000004032976,False
docker_test_4.yml,python_antlr,124,0.363899999683781,False
docker_test_4.yml,python_antlr,125,0.3573000003598281,False
docker_test_4.yml,python_antlr,126,0.3670000005513429,False
docker_test_4.yml,python_antlr,127,0.3635000002759625,False
docker_test_4.yml,python_antlr,128,0.3807000002780114,False
docker_test_4.yml,python_antlr,129,0.8999000001495006,False
docker_test_4.yml,python_antlr,130,0.4631000001609209,False
docker_test_4.yml,python_antlr,131,0.3901000000041676,False
docker_test_4.yml,python_antlr,132,0.3722000001289416,False
docker_test_4.yml,python_antlr,133,0.3714000004038098,False
docker_test_4.yml,python_antlr,134,0.3654000001915847,False
docker_test_4.yml,python_antlr,135,0.4204990000289399,False
docker_test_4.yml,python_antlr,136,0.4101999993508798,False
docker_test_4.yml,python_antlr,137,0.369200000022829,False
docker_test_4.yml,python_antlr,138,0.3673000001072068,False
docker_test_4.yml,python_antlr,139,0.3649999998742714,False
docker_test_4.yml,python_antlr,140,0.4030000000057043,False
docker_test_4.yml,python_antlr,141,0.3698999998960062,False
docker_test_4.yml,python_antlr,142,0.3621000005296082,False
docker_test_4.yml,python_antlr,143,0.3624000000854721,False
docker_test_4.yml,python_antlr,144,0.3591000004234956,False
docker_test_4.yml,python_antlr,145,0.3655999998954939,False
docker_test_4.yml,python_antlr,146,0.3656999997474486,False
docker_test_4.yml,python_antlr,147,0.3944000000046799,False
docker_test_4.yml,python_antlr,148,0.3677000004245201,False
docker_test_4.yml,python_antlr,149,0.3615000005083857,False
docker_test_4.yml,python_antlr,150,0.3634999993664678,False
docker_test_4.yml,python_antlr,151,0.3580000002330052,False
docker_test_4.yml,python_antlr,152,0.3608999995776685,False
docker_test_4.yml,python_antlr,153,0.3594999998313142,False
docker_test_4.yml,python_antlr,154,0.3630999999586493,False
docker_test_4.yml,python_antlr,155,0.386100000469014,False
docker_test_4.yml,python_antlr,156,0.3660000002128072,False
docker_test_4.yml,python_antlr,157,0.3765999999814085,False
docker_test_4.yml,python_antlr,158,0.3691000001708744,False
docker_test_4.yml,python_antlr,159,0.3630999999586493,False
docker_test_4.yml,python_antlr,160,0.3947999994124984,False
docker_test_4.yml,python_antlr,161,0.3649999998742714,False
docker_test_4.yml,python_antlr,162,0.367999999980384,False
docker_test_4.yml,python_antlr,163,0.3648999991128221,False
docker_test_4.yml,python_antlr,164,0.4472999999052263,False
docker_test_4.yml,python_antlr,165,0.3646999994089128,False
docker_test_4.yml,python_antlr,166,0.361698999768123,False
docker_test_4.yml,python_antlr,167,0.363899999683781,False
docker_test_4.yml,python_antlr,168,0.3860999995595193,False
docker_test_4.yml,python_antlr,169,0.4103999999642838,False
docker_test_4.yml,python_antlr,170,0.3639000005932757,False
docker_test_4.yml,python_antlr,171,0.3626000006988761,False
docker_test_4.yml,python_antlr,172,0.3575000000637374,False
docker_test_4.yml,python_antlr,173,0.4564999999274732,False
docker_test_4.yml,python_antlr,174,0.3700999995999154,False
docker_test_4.yml,python_antlr,175,0.36290000025474,False
docker_test_4.yml,python_antlr,176,1.1915000004592002,False
docker_test_4.yml,python_antlr,177,0.4202000000077532,False
docker_test_4.yml,python_antlr,178,0.3892000004270812,False
docker_test_4.yml,python_antlr,179,0.4160999997111503,False
docker_test_4.yml,python_antlr,180,0.421200000346289,False
docker_test_4.yml,python_antlr,181,0.3760999998121406,False
docker_test_4.yml,python_antlr,182,0.4576000001179636,False
docker_test_4.yml,python_antlr,183,0.3829000006589922,False
docker_test_4.yml,python_antlr,184,0.3643000000010943,False
docker_test_4.yml,python_antlr,185,0.3593000001274049,False
docker_test_4.yml,python_antlr,186,0.3930000002583256,False
docker_test_4.yml,python_antlr,187,0.361499999598891,False
docker_test_4.yml,python_antlr,188,0.3597999993871781,False
docker_test_4.yml,python_antlr,189,0.3640000004452304,False
docker_test_4.yml,python_antlr,190,0.3607999997257138,False
docker_test_4.yml,python_antlr,191,0.3556000001481152,False
docker_test_4.yml,python_antlr,192,0.3600999998525367,False
docker_test_4.yml,python_antlr,193,0.4272999995009741,False
docker_test_4.yml,python_antlr,194,0.3656999997474486,False
docker_test_4.yml,python_antlr,195,0.3641989997049677,False
docker_test_4.yml,python_antlr,196,0.3821999998763203,False
docker_test_4.yml,python_antlr,197,0.5658000000039465,False
docker_test_4.yml,python_antlr,198,0.4491999998208484,False
docker_test_4.yml,python_antlr,199,0.3831000003629015,False
docker_test_5.yml,python_antlr,0,1.2427999999999884,False
docker_test_5.yml,python_antlr,1,0.5596000000878121,False
docker_test_5.yml,python_antlr,2,0.4924000004393747,False
docker_test_5.yml,python_antlr,3,0.4280000002836459,False
docker_test_5.yml,python_antlr,4,0.4895000001852168,False
docker_test_5.yml,python_antlr,5,0.3741990003618411,False
docker_test_5.yml,python_antlr,6,0.4988000000594184,False
docker_test_5.yml,python_antlr,7,0.3756000005523674,False
docker_test_5.yml,python_antlr,8,0.3643000000010943,False
docker_test_5.yml,python_antlr,9,0.3637999998318264,False
docker_test_5.yml,python_antlr,10,0.3625999997893814,False
docker_test_5.yml,python_antlr,11,0.4206000003250665,False
docker_test_5.yml,python_antlr,12,0.3689000004669651,False
docker_test_5.yml,python_antlr,13,0.3685000001496519,False
docker_test_5.yml,python_antlr,14,0.3680999998323386,False
docker_test_5.yml,python_antlr,15,0.3695999994306476,False
docker_test_5.yml,python_antlr,16,0.4914999999527936,False
docker_test_5.yml,python_antlr,17,0.3722000001289416,False
docker_test_5.yml,python_antlr,18,0.3694999995786929,False
docker_test_5.yml,python_antlr,19,0.36530000033963,False
docker_test_5.yml,python_antlr,20,0.3622000003815628,False
docker_test_5.yml,python_antlr,21,0.3628000004027853,False
docker_test_5.yml,python_antlr,22,0.3618000000642496,False
docker_test_5.yml,python_antlr,23,0.4128000000491738,False
docker_test_5.yml,python_antlr,24,0.3684000002976972,False
docker_test_5.yml,python_antlr,25,0.3623000002335175,False
docker_test_5.yml,python_antlr,26,0.3898999993907637,False
docker_test_5.yml,python_antlr,27,0.3722999999808962,False
docker_test_5.yml,python_antlr,28,0.3686000000016065,False
docker_test_5.yml,python_antlr,29,0.3649000000223168,False
docker_test_5.yml,python_antlr,30,0.3667000000859843,False
docker_test_5.yml,python_antlr,31,0.36290000025474,False
docker_test_5.yml,python_antlr,32,0.3586999991966877,False
docker_test_5.yml,python_antlr,33,0.3581999999369145,False
docker_test_5.yml,python_antlr,34,0.3608999995776685,False
docker_test_5.yml,python_antlr,35,0.3636000001279171,False
docker_test_5.yml,python_antlr,36,0.3980989995397976,False
docker_test_5.yml,python_antlr,37,0.3962000000683474,False
docker_test_5.yml,python_antlr,38,0.3630999999586493,False
docker_test_5.yml,python_antlr,39,0.3587000001061824,False
docker_test_5.yml,python_antlr,40,0.3597000004447181,False
docker_test_5.yml,python_antlr,41,1.1894999997821287,False
docker_test_5.yml,python_antlr,42,0.4365000004327157,False
docker_test_5.yml,python_antlr,43,0.3831000003629015,False
docker_test_5.yml,python_antlr,44,0.3726999993887148,False
docker_test_5.yml,python_antlr,45,0.4106000005776877,False
docker_test_5.yml,python_antlr,46,0.3716999999596737,False
docker_test_5.yml,python_antlr,47,0.4109999999855063,False
docker_test_5.yml,python_antlr,48,0.3654000001915847,False
docker_test_5.yml,python_antlr,49,0.3635000002759625,False
docker_test_5.yml,python_antlr,50,0.4458000003069173,False
docker_test_5.yml,python_antlr,51,0.370400000065274,False
docker_test_5.yml,python_antlr,52,0.364100000297185,False
docker_test_5.yml,python_antlr,53,0.3685000001496519,False
docker_test_5.yml,python_antlr,54,0.3630999999586493,False
docker_test_5.yml,python_antlr,55,0.3919000000678352,False
docker_test_5.yml,python_antlr,56,0.3694999995786929,False
docker_test_5.yml,python_antlr,57,0.3606999998737592,False
docker_test_5.yml,python_antlr,58,0.3615000005083857,False
docker_test_5.yml,python_antlr,59,0.3575000000637374,False
docker_test_5.yml,python_antlr,60,0.3607999997257138,False
docker_test_5.yml,python_antlr,61,0.362699999641336,False
docker_test_5.yml,python_antlr,62,0.3618000000642496,False
docker_test_5.yml,python_antlr,63,0.3869000001941458,False
docker_test_5.yml,python_antlr,64,0.3755999996428727,False
docker_test_5.yml,python_antlr,65,0.3645990000222809,False
docker_test_5.yml,python_antlr,66,0.3823000006377697,False
docker_test_5.yml,python_antlr,67,0.3673999999591615,False
docker_test_5.yml,python_antlr,68,0.3636000001279171,False
docker_test_5.yml,python_antlr,69,0.3643000000010943,False
docker_test_5.yml,python_antlr,70,0.3633999995145132,False
docker_test_5.yml,python_antlr,71,0.3593000001274049,False
docker_test_5.yml,python_antlr,72,0.3618999999162042,False
docker_test_5.yml,python_antlr,73,0.3592000002754503,False
docker_test_5.yml,python_antlr,74,0.358799999958137,False
docker_test_5.yml,python_antlr,75,0.356399999873247,False
docker_test_5.yml,python_antlr,76,0.3561000003173831,False
docker_test_5.yml,python_antlr,77,0.3800000004048343,False
docker_test_5.yml,python_antlr,78,0.3631999998106039,False
docker_test_5.yml,python_antlr,79,0.3636000001279171,False
docker_test_5.yml,python_antlr,80,0.4798999998456565,False
docker_test_5.yml,python_antlr,81,0.3792999996221624,False
docker_test_5.yml,python_antlr,82,8.52089900035935,False
docker_test_5.yml,python_antlr,83,0.5270000001473818,False
docker_test_5.yml,python_antlr,84,0.390000000152213,False
docker_test_5.yml,python_antlr,85,0.3726000004462548,False
docker_test_5.yml,python_antlr,86,0.4677999995692516,False
docker_test_5.yml,python_antlr,87,0.3836999994746293,False
docker_test_5.yml,python_antlr,88,0.36530000033963,False
docker_test_5.yml,python_antlr,89,0.3659999993033125,False
docker_test_5.yml,python_antlr,90,0.4166999997323728,False
docker_test_5.yml,python_antlr,91,0.366599999324535,False
docker_test_5.yml,python_antlr,92,0.3655999998954939,False
docker_test_5.yml,python_antlr,93,0.3657000006569433,False
docker_test_5.yml,python_antlr,94,0.3620000006776536,False
docker_test_5.yml,python_antlr,95,0.3646000004664529,False
docker_test_5.yml,python_antlr,96,0.3618999999162042,False
docker_test_5.yml,python_antlr,97,0.3932999998141895,False
docker_test_5.yml,python_antlr,98,0.4039000004922854,False
docker_test_5.yml,python_antlr,99,0.3655999998954939,False
docker_test_5.yml,python_antlr,100,0.3669999996418482,False
docker_test_5.yml,python_antlr,101,0.3611000001910724,False
docker_test_5.yml,python_antlr,102,0.3657999995994032,False
docker_test_5.yml,python_antlr,103,0.3894000001309905,False
docker_test_5.yml,python_antlr,104,0.3853999996863422,False
docker_test_5.yml,python_antlr,105,0.3632999996625585,False
docker_test_5.yml,python_antlr,106,0.3684990006149746,False
docker_test_5.yml,python_antlr,107,0.3881000002365908,False
docker_test_5.yml,python_antlr,108,0.3656999997474486,False
docker_test_5.yml,python_antlr,109,0.3604000003178953,False
docker_test_5.yml,python_antlr,110,0.3589999996620463,False
docker_test_5.yml,python_antlr,111,0.3581999999369145,False
docker_test_5.yml,python_antlr,112,0.3645999995569582,False
docker_test_5.yml,python_antlr,113,0.3628000004027853,False
docker_test_5.yml,python_antlr,114,0.3624999999374267,False
docker_test_5.yml,python_antlr,115,0.3601999997044913,False
docker_test_5.yml,python_antlr,116,0.3594999998313142,False
docker_test_5.yml,python_antlr,117,0.3951999997298117,False
docker_test_5.yml,python_antlr,118,0.3768000005948124,False
docker_test_5.yml,python_antlr,119,0.3623000002335175,False
docker_test_5.yml,python_antlr,120,0.3597000004447181,False
docker_test_5.yml,python_antlr,121,0.3571999995983788,False
docker_test_5.yml,python_antlr,122,0.3624999999374267,False
docker_test_5.yml,python_antlr,123,0.3627000005508307,False
docker_test_5.yml,python_antlr,124,1.4670000000478467,False
docker_test_5.yml,python_antlr,125,0.4873000007137307,False
docker_test_5.yml,python_antlr,126,0.3772999998545856,False
docker_test_5.yml,python_antlr,127,0.3716000001077191,False
docker_test_5.yml,python_antlr,128,0.4188000002613989,False
docker_test_5.yml,python_antlr,129,0.4258999997546198,False
docker_test_5.yml,python_antlr,130,0.3754999997909181,False
docker_test_5.yml,python_antlr,131,0.3710999999384512,False
docker_test_5.yml,python_antlr,132,0.3646000004664529,False
docker_test_5.yml,python_antlr,133,0.3649000000223168,False
docker_test_5.yml,python_antlr,134,0.3659989997686352,False
docker_test_5.yml,python_antlr,135,0.3845999999612104,False
docker_test_5.yml,python_antlr,136,0.3654000001915847,False
docker_test_5.yml,python_antlr,137,0.3686999998535611,False
docker_test_5.yml,python_antlr,138,0.3643000000010943,False
docker_test_5.yml,python_antlr,139,0.3599000001486274,False
docker_test_5.yml,python_antlr,140,0.409600000239152,False
docker_test_5.yml,python_antlr,141,0.3636999999798718,False
docker_test_5.yml,python_antlr,142,0.3646000004664529,False
docker_test_5.yml,python_antlr,143,0.3651999995781807,False
docker_test_5.yml,python_antlr,144,0.3604000003178953,False
docker_test_5.yml,python_antlr,145,0.3643999998530489,False
docker_test_5.yml,python_antlr,146,0.3865999997287872,False
docker_test_5.yml,python_antlr,147,0.3615999994508456,False
docker_test_5.yml,python_antlr,148,0.3642000001491396,False
docker_test_5.yml,python_antlr,149,0.3581999999369145,False
docker_test_5.yml,python_antlr,150,0.3637999998318264,False
docker_test_5.yml,python_antlr,151,0.3618000000642496,False
docker_test_5.yml,python_antlr,152,0.4153999998379731,False
docker_test_5.yml,python_antlr,153,0.3647000003184075,False
docker_test_5.yml,python_antlr,154,0.3610000003391178,False
docker_test_5.yml,python_antlr,155,0.3681999996842933,False
docker_test_5.yml,python_antlr,156,0.3662999997686711,False
docker_test_5.yml,python_antlr,157,0.383700000384124,False
docker_test_5.yml,python_antlr,158,0.3609999994296231,False
docker_test_5.yml,python_antlr,159,0.3637999998318264,False
docker_test_5.yml,python_antlr,160,0.3601999997044913,False
docker_test_5.yml,python_antlr,161,0.3609000004871632,False
docker_test_5.yml,python_antlr,162,0.3644999997050036,False
docker_test_5.yml,python_antlr,163,0.3627999994932906,False
docker_test_5.yml,python_antlr,164,0.3778999998758081,False
docker_test_5.yml,python_antlr,165,0.3796999999394757,False
docker_test_5.yml,python_antlr,166,0.3614990000642137,False
docker_test_5.yml,python_antlr,167,0.3821000000243657,False
docker_test_5.yml,python_antlr,168,0.3649999998742714,False
docker_test_5.yml,python_antlr,169,0.3587000001061824,False
docker_test_5.yml,python_antlr,170,0.4396999993332429,False
docker_test_5.yml,python_antlr,171,0.3747000000657863,False
docker_test_5.yml,python_antlr,172,0.363899999683781,False
docker_test_5.yml,python_antlr,173,0.3599000001486274,False
docker_test_5.yml,python_antlr,174,0.3633000005720532,False
docker_test_5.yml,python_antlr,175,0.3640999993876903,False
docker_test_5.yml,python_antlr,176,0.4118999995625927,False
docker_test_5.yml,python_antlr,177,0.3649999998742714,False
docker_test_5.yml,python_antlr,178,0.4586999993989593,False
docker_test_5.yml,python_antlr,179,0.3646000004664529,False
docker_test_5.yml,python_antlr,180,0.3605000001698499,False
docker_test_5.yml,python_antlr,181,0.3583000006983639,False
docker_test_5.yml,python_antlr,182,0.4414999993969104,False
docker_test_5.yml,python_antlr,183,0.3679000001284294,False
docker_test_5.yml,python_antlr,184,0.3620000006776536,False
docker_test_5.yml,python_antlr,185,0.3691000001708744,False
docker_test_5.yml,python_antlr,186,0.3674999998111161,False
docker_test_5.yml,python_antlr,187,0.3951999997298117,False
docker_test_5.yml,python_antlr,188,0.3878999996231869,False
docker_test_5.yml,python_antlr,189,0.3546999996615341,False
docker_test_5.yml,python_antlr,190,0.3604000003178953,False
docker_test_5.yml,python_antlr,191,0.357800000529096,False
docker_test_5.yml,python_antlr,192,0.3566000004866509,False
docker_test_5.yml,python_antlr,193,0.3600999998525367,False
docker_test_5.yml,python_antlr,194,0.3572999994503334,False
docker_test_5.yml,python_antlr,195,0.3648000001703622,False
docker_test_5.yml,python_antlr,196,0.3652000004876754,False
docker_test_5.yml,python_antlr,197,0.3612999998949817,False
docker_test_5.yml,python_antlr,198,0.4344989993114723,False
docker_test_5.yml,python_antlr,199,0.3812000004472793,False
docker_test_6.yml,python_antlr,0,0.6739000000379747,False
docker_test_6.yml,python_antlr,1,0.397700000576151,False
docker_test_6.yml,python_antlr,2,0.3746000002138316,False
docker_test_6.yml,python_antlr,3,0.3655000000435393,False
docker_test_6.yml,python_antlr,4,0.4827000002478598,False
docker_test_6.yml,python_antlr,5,0.3895999998348998,False
docker_test_6.yml,python_antlr,6,0.3662000008262112,False
docker_test_6.yml,python_antlr,7,0.5516999999599648,False
docker_test_6.yml,python_antlr,8,0.388599999496364,False
docker_test_6.yml,python_antlr,9,0.3715000002557644,False
docker_test_6.yml,python_antlr,10,0.3633000005720532,False
docker_test_6.yml,python_antlr,11,0.3712000006999005,False
docker_test_6.yml,python_antlr,12,0.4369990001578117,False
docker_test_6.yml,python_antlr,13,0.4060999999637715,False
docker_test_6.yml,python_antlr,14,0.3696000003401423,False
docker_test_6.yml,python_antlr,15,0.3649999998742714,False
docker_test_6.yml,python_antlr,16,0.3630999999586493,False
docker_test_6.yml,python_antlr,17,0.3651999995781807,False
docker_test_6.yml,python_antlr,18,0.3620999996201135,False
docker_test_6.yml,python_antlr,19,0.4210999995848397,False
docker_test_6.yml,python_antlr,20,0.4032000006191083,False
docker_test_6.yml,python_antlr,21,0.3713000005518552,False
docker_test_6.yml,python_antlr,22,0.3609999994296231,False
docker_test_6.yml,python_antlr,23,0.3640999993876903,False
docker_test_6.yml,python_antlr,24,0.3894999999829451,False
docker_test_6.yml,python_antlr,25,0.3606999998737592,False
docker_test_6.yml,python_antlr,26,0.3630000001066946,False
docker_test_6.yml,python_antlr,27,0.3636000001279171,False
docker_test_6.yml,python_antlr,28,0.3621999994720681,False
docker_test_6.yml,python_antlr,29,0.3684000002976972,False
docker_test_6.yml,python_antlr,30,0.3621000005296082,False
docker_test_6.yml,python_antlr,31,0.3624999999374267,False
docker_test_6.yml,python_antlr,32,0.3580000002330052,False
docker_test_6.yml,python_antlr,33,0.3589999996620463,False
docker_test_6.yml,python_antlr,34,0.3584000005503185,False
docker_test_6.yml,python_antlr,35,0.4230999993524165,False
docker_test_6.yml,python_antlr,36,0.3705999997691833,False
docker_test_6.yml,python_antlr,37,0.4091999999218387,False
docker_test_6.yml,python_antlr,38,0.3762999995160498,False
docker_test_6.yml,python_antlr,39,0.3680999998323386,False
docker_test_6.yml,python_antlr,40,0.3676000005725655,False
docker_test_6.yml,python_antlr,41,0.3648000001703622,False
docker_test_6.yml,python_antlr,42,0.3588999998100917,False
docker_test_6.yml,python_antlr,43,0.3639990000010584,False
docker_test_6.yml,python_antlr,44,0.3643999998530489,False
docker_test_6.yml,python_antlr,45,0.4052000003866851,False
docker_test_6.yml,python_antlr,46,0.3628999993452453,False
docker_test_6.yml,python_antlr,47,0.3600999998525367,False
docker_test_6.yml,python_antlr,48,0.3606000000218046,False
docker_test_6.yml,python_antlr,49,0.3680999998323386,False
docker_test_6.yml,python_antlr,50,0.3637999998318264,False
docker_test_6.yml,python_antlr,51,0.360299999556446,False
docker_test_6.yml,python_antlr,52,0.3614000006564311,False
docker_test_6.yml,python_antlr,53,0.4867999996349681,False
docker_test_6.yml,python_antlr,54,0.3691000001708744,False
docker_test_6.yml,python_antlr,55,0.4564000000755186,False
docker_test_6.yml,python_antlr,56,0.3712000006999005,False
docker_test_6.yml,python_antlr,57,0.3662999997686711,False
docker_test_6.yml,python_antlr,58,0.3612000000430271,False
docker_test_6.yml,python_antlr,59,0.3606000000218046,False
docker_test_6.yml,python_antlr,60,0.3628999993452453,False
docker_test_6.yml,python_antlr,61,0.36530000033963,False
docker_test_6.yml,python_antlr,62,0.4148999996687053,False
docker_test_6.yml,python_antlr,63,0.3614000006564311,False
docker_test_6.yml,python_antlr,64,0.3657999995994032,False
docker_test_6.yml,python_antlr,65,0.3839000000880332,False
docker_test_6.yml,python_antlr,66,0.3659999993033125,False
docker_test_6.yml,python_antlr,67,0.3918000002158806,False
docker_test_6.yml,python_antlr,68,0.3679000001284294,False
docker_test_6.yml,python_antlr,69,0.3643000000010943,False
docker_test_6.yml,python_antlr,70,0.3636000001279171,False
docker_test_6.yml,python_antlr,71,0.3614000006564311,False
docker_test_6.yml,python_antlr,72,0.3594999998313142,False
docker_test_6.yml,python_antlr,73,0.363899999683781,False
docker_test_6.yml,python_antlr,74,0.3590999995140009,False
docker_test_6.yml,python_antlr,75,0.3541989999575889,False
docker_test_6.yml,python_antlr,76,0.3840000008494826,False
docker_test_6.yml,python_antlr,77,0.3624999999374267,False
docker_test_6.yml,python_antlr,78,0.3644999997050036,False
docker_test_6.yml,python_antlr,79,0.3663999996206257,False
docker_test_6.yml,python_antlr,80,0.392699999792967,False
docker_test_6.yml,python_antlr,81,0.3795000002355664,False
docker_test_6.yml,python_antlr,82,0.3588999998100917,False
docker_test_6.yml,python_antlr,83,0.3620999996201135,False
docker_test_6.yml,python_antlr,84,0.3569999998944695,False
docker_test_6.yml,python_antlr,85,0.3576999997676466,False
docker_test_6.yml,python_antlr,86,0.358799999958137,False
docker_test_6.yml,python_antlr,87,0.3771000001506763,False
docker_test_6.yml,python_antlr,88,0.3603999994084006,False
docker_test_6.yml,python_antlr,89,0.3588999998100917,False
docker_test_6.yml,python_antlr,90,0.3668999997898936,False
docker_test_6.yml,python_antlr,91,0.3668999997898936,False
docker_test_6.yml,python_antlr,92,0.3612999998949817,False
docker_test_6.yml,python_antlr,93,0.3624999999374267,False
docker_test_6.yml,python_antlr,94,0.3842000005533919,False
docker_test_6.yml,python_antlr,95,0.3790000000662985,False
docker_test_6.yml,python_antlr,96,0.3621000005296082,False
docker_test_6.yml,python_antlr,97,0.3785999997489853,False
docker_test_6.yml,python_antlr,98,0.3633999995145132,False
docker_test_6.yml,python_antlr,99,0.3651999995781807,False
docker_test_6.yml,python_antlr,100,0.3594999998313142,False
docker_test_6.yml,python_antlr,101,0.3618999999162042,False
docker_test_6.yml,python_antlr,102,0.3582999997888692,False
docker_test_6.yml,python_antlr,103,0.4915999998047482,False
docker_test_6.yml,python_antlr,104,0.4501000003074296,False
docker_test_6.yml,python_antlr,105,0.3890999996656319,False
docker_test_6.yml,python_antlr,106,0.4181989997960045,False
docker_test_6.yml,python_antlr,107,0.3770000002987217,False
docker_test_6.yml,python_antlr,108,0.4290999995646416,False
docker_test_6.yml,python_antlr,109,0.3714999993462697,False
docker_test_6.yml,python_antlr,110,0.3676999995150254,False
docker_test_6.yml,python_antlr,111,0.3649999998742714,False
docker_test_6.yml,python_antlr,112,0.3647999992608675,False
docker_test_6.yml,python_antlr,113,0.3716999999596737,False
docker_test_6.yml,python_antlr,114,0.3618000000642496,False
docker_test_6.yml,python_antlr,115,0.3646999994089128,False
docker_test_6.yml,python_antlr,116,0.3623000002335175,False
docker_test_6.yml,python_antlr,117,0.361700000212295,False
docker_test_6.yml,python_antlr,118,0.3864000000248779,False
docker_test_6.yml,python_antlr,119,0.36539999928209,False
docker_test_6.yml,python_antlr,120,0.3596000005927635,False
docker_test_6.yml,python_antlr,121,0.3997000003437279,False
docker_test_6.yml,python_antlr,122,0.3661000000647618,False
docker_test_6.yml,python_antlr,123,0.3635000002759625,False
docker_test_6.yml,python_antlr,124,0.3577000006771413,False
docker_test_6.yml,python_antlr,125,0.3630999999586493,False
docker_test_6.yml,python_antlr,126,0.3563000000212923,False
docker_test_6.yml,python_antlr,127,0.3581000000849599,False
docker_test_6.yml,python_antlr,128,0.36530000033963,False
docker_test_6.yml,python_antlr,129,0.3855000004477915,False
docker_test_6.yml,python_antlr,130,0.3630000001066946,False
docker_test_6.yml,python_antlr,131,0.3687999997055158,False
docker_test_6.yml,python_antlr,132,0.3630000001066946,False
docker_test_6.yml,python_antlr,133,0.360299999556446,False
docker_test_6.yml,python_antlr,134,0.3668999997898936,False
docker_test_6.yml,python_antlr,135,0.3663999996206257,False
docker_test_6.yml,python_antlr,136,0.3635000002759625,False
docker_test_6.yml,python_antlr,137,0.3810999996858299,False
docker_test_6.yml,python_antlr,138,0.3639990000010584,False
docker_test_6.yml,python_antlr,139,0.3818000004685018,False
docker_test_6.yml,python_antlr,140,0.3592000002754503,False
docker_test_6.yml,python_antlr,141,0.3634999993664678,False
docker_test_6.yml,python_antlr,142,0.366599999324535,False
docker_test_6.yml,python_antlr,143,0.3648000001703622,False
docker_test_6.yml,python_antlr,144,0.3660999991552671,False
docker_test_6.yml,python_antlr,145,0.3657999995994032,False
docker_test_6.yml,python_antlr,146,0.361700000212295,False
docker_test_6.yml,python_antlr,147,0.3634999993664678,False
docker_test_6.yml,python_antlr,148,0.3630999999586493,False
docker_test_6.yml,python_antlr,149,0.3656999997474486,False
docker_test_6.yml,python_antlr,150,0.7437000003847061,False
docker_test_6.yml,python_antlr,151,0.4681000000346103,False
docker_test_6.yml,python_antlr,152,0.378400000045076,False
docker_test_6.yml,python_antlr,153,0.3709000002345419,False
docker_test_6.yml,python_antlr,154,0.3729000000021187,False
docker_test_6.yml,python_antlr,155,0.3651999995781807,False
docker_test_6.yml,python_antlr,156,0.3631999998106039,False
docker_test_6.yml,python_antlr,157,0.3649000000223168,False
docker_test_6.yml,python_antlr,158,0.3671999993457575,False
docker_test_6.yml,python_antlr,159,0.3920999997717445,False
docker_test_6.yml,python_antlr,160,0.3661000000647618,False
docker_test_6.yml,python_antlr,161,0.3678000002764747,False
docker_test_6.yml,python_antlr,162,0.4330000001573353,False
docker_test_6.yml,python_antlr,163,0.3736999997272505,False
docker_test_6.yml,python_antlr,164,0.3624000000854721,False
docker_test_6.yml,python_antlr,165,0.4180000005362672,False
docker_test_6.yml,python_antlr,166,0.3624999999374267,False
docker_test_6.yml,python_antlr,167,0.3559000006134738,False
docker_test_6.yml,python_antlr,168,0.3625999997893814,False
docker_test_6.yml,python_antlr,169,0.361899000381527,False
docker_test_6.yml,python_antlr,170,0.3869000001941458,False
docker_test_6.yml,python_antlr,171,0.3639999995357357,False
docker_test_6.yml,python_antlr,172,0.428999999712687,False
docker_test_6.yml,python_antlr,173,0.3759999999601859,False
docker_test_6.yml,python_antlr,174,0.3716000001077191,False
docker_test_6.yml,python_antlr,175,0.3682999995362479,False
docker_test_6.yml,python_antlr,176,0.3687000007630558,False
docker_test_6.yml,python_antlr,177,0.3654000001915847,False
docker_test_6.yml,python_antlr,178,0.3634000004240079,False
docker_test_6.yml,python_antlr,179,0.449500000286207,False
docker_test_6.yml,python_antlr,180,0.3686000000016065,False
docker_test_6.yml,python_antlr,181,0.3661999999167165,False
docker_test_6.yml,python_antlr,182,0.363899999683781,False
docker_test_6.yml,python_antlr,183,0.3599000001486274,False
docker_test_6.yml,python_antlr,184,0.3648000001703622,False
docker_test_6.yml,python_antlr,185,0.3630999999586493,False
docker_test_6.yml,python_antlr,186,0.3636999999798718,False
docker_test_6.yml,python_antlr,187,0.361700000212295,False
docker_test_6.yml,python_antlr,188,0.3630999999586493,False
docker_test_6.yml,python_antlr,189,0.3622000003815628,False
docker_test_6.yml,python_antlr,190,0.3797999997914303,False
docker_test_6.yml,python_antlr,191,0.361700000212295,False
docker_test_6.yml,python_antlr,192,0.3635000002759625,False
docker_test_6.yml,python_antlr,193,0.3623000002335175,False
docker_test_6.yml,python_antlr,194,6.978098999752547,False
docker_test_6.yml,python_antlr,195,0.4546000000118511,False
docker_test_6.yml,python_antlr,196,0.3824999994321842,False
docker_test_6.yml,python_antlr,197,0.3750999994736048,False
docker_test_6.yml,python_antlr,198,0.3689000004669651,False
docker_test_6.yml,python_antlr,199,0.3672000002552522,False
docker_test_7.yml,python_antlr,0,0.6739999998899293,False
docker_test_7.yml,python_antlr,1,0.3910000004907488,False
docker_test_7.yml,python_antlr,2,0.379600000087521,False
docker_test_7.yml,python_antlr,3,0.3719000005730777,False
docker_test_7.yml,python_antlr,4,0.3678000002764747,False
docker_test_7.yml,python_antlr,5,0.5002999996577273,False
docker_test_7.yml,python_antlr,6,0.3748999997696955,False
docker_test_7.yml,python_antlr,7,0.3690000003189198,False
docker_test_7.yml,python_antlr,8,0.3642000001491396,False
docker_test_7.yml,python_antlr,9,0.5529999998543644,False
docker_test_7.yml,python_antlr,10,0.4760000001624576,False
docker_test_7.yml,python_antlr,11,0.4165000000284635,False
docker_test_7.yml,python_antlr,12,0.3709000002345419,False
docker_test_7.yml,python_antlr,13,0.3703000002133194,False
docker_test_7.yml,python_antlr,14,0.4063999995196354,False
docker_test_7.yml,python_antlr,15,0.3631999998106039,False
docker_test_7.yml,python_antlr,16,0.361700000212295,False
docker_test_7.yml,python_antlr,17,0.3618999999162042,False
docker_test_7.yml,python_antlr,18,0.3646999994089128,False
docker_test_7.yml,python_antlr,19,0.3610999992815777,False
docker_test_7.yml,python_antlr,20,0.3630000001066946,False
docker_test_7.yml,python_antlr,21,0.3603999994084006,False
docker_test_7.yml,python_antlr,22,0.3659000003608526,False
docker_test_7.yml,python_antlr,23,0.4300999999031774,False
docker_test_7.yml,python_antlr,24,0.4280990006009233,False
docker_test_7.yml,python_antlr,25,0.5366999994294019,False
docker_test_7.yml,python_antlr,26,0.395300000491261,False
docker_test_7.yml,python_antlr,27,0.3727000002982095,False
docker_test_7.yml,python_antlr,28,0.3803000008701929,False
docker_test_7.yml,python_antlr,29,0.3636000001279171,False
docker_test_7.yml,python_antlr,30,0.3618999999162042,False
docker_test_7.yml,python_antlr,31,0.3689000004669651,False
docker_test_7.yml,python_antlr,32,0.3624000000854721,False
docker_test_7.yml,python_antlr,33,0.3669999996418482,False
docker_test_7.yml,python_antlr,34,0.3660000002128072,False
docker_test_7.yml,python_antlr,35,0.4508000001806067,False
docker_test_7.yml,python_antlr,36,0.3655999998954939,False
docker_test_7.yml,python_antlr,37,0.3659000003608526,False
docker_test_7.yml,python_antlr,38,0.3619999997681589,False
docker_test_7.yml,python_antlr,39,0.3609999994296231,False
docker_test_7.yml,python_antlr,40,0.3606000000218046,False
docker_test_7.yml,python_antlr,41,0.3599000001486274,False
docker_test_7.yml,python_antlr,42,0.3581000000849599,False
docker_test_7.yml,python_antlr,43,0.3611000001910724,False
docker_test_7.yml,python_antlr,44,0.36290000025474,False
docker_test_7.yml,python_antlr,45,0.3827999998975429,False
docker_test_7.yml,python_antlr,46,0.3627000005508307,False
docker_test_7.yml,python_antlr,47,0.3608000006352085,False
docker_test_7.yml,python_antlr,48,0.3630999999586493,False
docker_test_7.yml,python_antlr,49,0.3675999996630708,False
docker_test_7.yml,python_antlr,50,0.5862999996679719,False
docker_test_7.yml,python_antlr,51,0.5745999997088802,False
docker_test_7.yml,python_antlr,52,0.3906000001734355,False
docker_test_7.yml,python_antlr,53,0.3743999996004277,False
docker_test_7.yml,python_antlr,54,0.3632990001278813,False
docker_test_7.yml,python_antlr,55,0.3991000003225053,False
docker_test_7.yml,python_antlr,56,0.3664000005301204,False
docker_test_7.yml,python_antlr,57,0.3659000003608526,False
docker_test_7.yml,python_antlr,58,0.3663999996206257,False
docker_test_7.yml,python_antlr,59,0.3674999998111161,False
docker_test_7.yml,python_antlr,60,0.3622000003815628,False
docker_test_7.yml,python_antlr,61,0.3605000001698499,False
docker_test_7.yml,python_antlr,62,0.3609000004871632,False
docker_test_7.yml,python_antlr,63,0.4146000001128413,False
docker_test_7.yml,python_antlr,64,0.3663000006781658,False
docker_test_7.yml,python_antlr,65,0.3903999995600316,False
docker_test_7.yml,python_antlr,66,0.3622000003815628,False
docker_test_7.yml,python_antlr,67,0.3588999998100917,False
docker_test_7.yml,python_antlr,68,0.3631999998106039,False
docker_test_7.yml,python_antlr,69,0.3604000003178953,False
docker_test_7.yml,python_antlr,70,0.3632999996625585,False
docker_test_7.yml,python_antlr,71,0.3649999998742714,False
docker_test_7.yml,python_antlr,72,0.3624999999374267,False
docker_test_7.yml,python_antlr,73,0.3619999997681589,False
docker_test_7.yml,python_antlr,74,0.3627999994932906,False
docker_test_7.yml,python_antlr,75,0.4157000003033317,False
docker_test_7.yml,python_antlr,76,0.3917000003639259,False
docker_test_7.yml,python_antlr,77,0.3654000001915847,False
docker_test_7.yml,python_antlr,78,0.3630999999586493,False
docker_test_7.yml,python_antlr,79,0.3600000000005821,False
docker_test_7.yml,python_antlr,80,0.3649000000223168,False
docker_test_7.yml,python_antlr,81,0.3636999999798718,False
docker_test_7.yml,python_antlr,82,0.3603999994084006,False
docker_test_7.yml,python_antlr,83,0.3646000004664529,False
docker_test_7.yml,python_antlr,84,0.3594999998313142,False
docker_test_7.yml,python_antlr,85,0.3611000001910724,False
docker_test_7.yml,python_antlr,86,0.42529900019872,False
docker_test_7.yml,python_antlr,87,0.3820000001724111,False
docker_test_7.yml,python_antlr,88,0.4182000002401764,False
docker_test_7.yml,python_antlr,89,0.3630000001066946,False
docker_test_7.yml,python_antlr,90,0.3606000000218046,False
docker_test_7.yml,python_antlr,91,0.3627000005508307,False
docker_test_7.yml,python_antlr,92,0.4358000005595386,False
docker_test_7.yml,python_antlr,93,0.3664999994725804,False
docker_test_7.yml,python_antlr,94,0.361499999598891,False
docker_test_7.yml,python_antlr,95,0.3627000005508307,False
docker_test_7.yml,python_antlr,96,0.3639000005932757,False
docker_test_7.yml,python_antlr,97,0.3880999993270961,False
docker_test_7.yml,python_antlr,98,0.3692999998747837,False
docker_test_7.yml,python_antlr,99,0.356399999873247,False
docker_test_7.yml,python_antlr,100,0.3941999993912759,False
docker_test_7.yml,python_antlr,101,0.3705999997691833,False
docker_test_7.yml,python_antlr,102,0.3641999992396449,False
docker_test_7.yml,python_antlr,103,0.3589999996620463,False
docker_test_7.yml,python_antlr,104,0.3595999996832688,False
docker_test_7.yml,python_antlr,105,0.4114000003028195,False
docker_test_7.yml,python_antlr,106,0.3683999993882025,False
docker_test_7.yml,python_antlr,107,0.3835999996226746,False
docker_test_7.yml,python_antlr,108,0.3592000002754503,False
docker_test_7.yml,python_antlr,109,0.3589999996620463,False
docker_test_7.yml,python_antlr,110,0.3971999994973885,False
docker_test_7.yml,python_antlr,111,0.3659999993033125,False
docker_test_7.yml,python_antlr,112,0.3980999999839696,False
docker_test_7.yml,python_antlr,113,0.363100000868144,False
docker_test_7.yml,python_antlr,114,0.3628000004027853,False
docker_test_7.yml,python_antlr,115,0.3632999996625585,False
docker_test_7.yml,python_antlr,116,0.3563000000212923,False
docker_test_7.yml,python_antlr,117,0.3784990003623534,False
docker_test_7.yml,python_antlr,118,0.3646000004664529,False
docker_test_7.yml,python_antlr,119,0.3583999996408238,False
docker_test_7.yml,python_antlr,120,0.361700000212295,False
docker_test_7.yml,python_antlr,121,0.3546999996615341,False
docker_test_7.yml,python_antlr,122,0.3593999999793595,False
docker_test_7.yml,python_antlr,123,0.4156000004513771,False
docker_test_7.yml,python_antlr,124,0.3636999999798718,False
docker_test_7.yml,python_antlr,125,0.3600999998525367,False
docker_test_7.yml,python_antlr,126,0.3576000008251867,False
docker_test_7.yml,python_antlr,127,0.3680999998323386,False
docker_test_7.yml,python_antlr,128,0.3787999994528945,False
docker_test_7.yml,python_antlr,129,0.3621999994720681,False
docker_test_7.yml,python_antlr,130,0.3640000004452304,False
docker_test_7.yml,python_antlr,131,0.3636999999798718,False
docker_test_7.yml,python_antlr,132,0.3582999997888692,False
docker_test_7.yml,python_antlr,133,0.3606000000218046,False
docker_test_7.yml,python_antlr,134,0.3611000001910724,False
docker_test_7.yml,python_antlr,135,0.4187000004094443,False
docker_test_7.yml,python_antlr,136,0.3606000000218046,False
docker_test_7.yml,python_antlr,137,0.3624999999374267,False
docker_test_7.yml,python_antlr,138,0.3580999991754652,False
docker_test_7.yml,python_antlr,139,0.3850000002785236,False
docker_test_7.yml,python_antlr,140,0.3604000003178953,False
docker_test_7.yml,python_antlr,141,0.354900000274938,False
docker_test_7.yml,python_antlr,142,0.3570999997464241,False
docker_test_7.yml,python_antlr,143,0.3565000006346963,False
docker_test_7.yml,python_antlr,144,0.3623000002335175,False
docker_test_7.yml,python_antlr,145,0.3592000002754503,False
docker_test_7.yml,python_antlr,146,0.8765999991737772,False
docker_test_7.yml,python_antlr,147,0.514898999426805,False
docker_test_7.yml,python_antlr,148,0.4308000006858492,False
docker_test_7.yml,python_antlr,149,0.3734000001713866,False
docker_test_7.yml,python_antlr,150,0.3738999994311598,False
docker_test_7.yml,python_antlr,151,0.3704999999172287,False
docker_test_7.yml,python_antlr,152,0.3716999999596737,False
docker_test_7.yml,python_antlr,153,0.4166999997323728,False
docker_test_7.yml,python_antlr,154,0.3724999996848055,False
docker_test_7.yml,python_antlr,155,0.36290000025474,False
docker_test_7.yml,python_antlr,156,0.4015999993498553,False
docker_test_7.yml,python_antlr,157,0.3673999999591615,False
docker_test_7.yml,python_antlr,158,0.3915000006600166,False
docker_test_7.yml,python_antlr,159,0.3689000004669651,False
docker_test_7.yml,python_antlr,160,0.360200000613986,False
docker_test_7.yml,python_antlr,161,0.3612000000430271,False
docker_test_7.yml,python_antlr,162,0.3637999998318264,False
docker_test_7.yml,python_antlr,163,0.3624000000854721,False
docker_test_7.yml,python_antlr,164,0.3666000002340297,False
docker_test_7.yml,python_antlr,165,0.3600999998525367,False
docker_test_7.yml,python_antlr,166,0.3619000008256989,False
docker_test_7.yml,python_antlr,167,0.3557999998520245,False
docker_test_7.yml,python_antlr,168,0.361700000212295,False
docker_test_7.yml,python_antlr,169,0.3818999994109617,False
docker_test_7.yml,python_antlr,170,0.357800000529096,False
docker_test_7.yml,python_antlr,171,0.3616000003603403,False
docker_test_7.yml,python_antlr,172,0.3600999998525367,False
docker_test_7.yml,python_antlr,173,0.3573000003598281,False
docker_test_7.yml,python_antlr,174,0.4343999999036896,False
docker_test_7.yml,python_antlr,175,0.3657999995994032,False
docker_test_7.yml,python_antlr,176,0.3609999994296231,False
docker_test_7.yml,python_antlr,177,0.3674999998111161,False
docker_test_7.yml,python_antlr,178,0.3618999999162042,False
docker_test_7.yml,python_antlr,179,0.3640990007625078,False
docker_test_7.yml,python_antlr,180,0.4448999998203362,False
docker_test_7.yml,python_antlr,181,0.3609999994296231,False
docker_test_7.yml,python_antlr,182,0.3652000004876754,False
docker_test_7.yml,python_antlr,183,0.3654000001915847,False
docker_test_7.yml,python_antlr,184,0.3690000003189198,False
docker_test_7.yml,python_antlr,185,0.3613999997469364,False
docker_test_7.yml,python_antlr,186,0.3636000001279171,False
docker_test_7.yml,python_antlr,187,0.3608999995776685,False
docker_test_7.yml,python_antlr,188,0.3595000007408089,False
docker_test_7.yml,python_antlr,189,0.3587000001061824,False
docker_test_7.yml,python_antlr,190,0.3960000003644381,False
docker_test_7.yml,python_antlr,191,0.361700000212295,False
docker_test_7.yml,python_antlr,192,0.4162999994150596,False
docker_test_7.yml,python_antlr,193,0.3606999998737592,False
docker_test_7.yml,python_antlr,194,0.4556999992928467,False
docker_test_7.yml,python_antlr,195,0.3648000001703622,False
docker_test_7.yml,python_antlr,196,0.3663999996206257,False
docker_test_7.yml,python_antlr,197,0.3603000004659407,False
docker_test_7.yml,python_antlr,198,0.4109000001335516,False
docker_test_7.yml,python_antlr,199,0.3627000005508307,False
docker_test_8.yml,python_antlr,0,0.6826999997429084,False
docker_test_8.yml,python_antlr,1,0.396299999920302,False
docker_test_8.yml,python_antlr,2,0.4239999998389976,False
docker_test_8.yml,python_antlr,3,0.4083999992872122,False
docker_test_8.yml,python_antlr,4,0.3722999999808962,False
docker_test_8.yml,python_antlr,5,0.3661999999167165,False
docker_test_8.yml,python_antlr,6,0.3673999999591615,False
docker_test_8.yml,python_antlr,7,0.3643000000010943,False
docker_test_8.yml,python_antlr,8,0.3643000000010943,False
docker_test_8.yml,python_antlr,9,0.3649999998742714,False
docker_test_8.yml,python_antlr,10,0.3598000002966728,False
docker_test_8.yml,python_antlr,11,0.3640000004452304,False
docker_test_8.yml,python_antlr,12,0.3683000004457426,False
docker_test_8.yml,python_antlr,13,0.3916000005119713,False
docker_test_8.yml,python_antlr,14,0.3618999999162042,False
docker_test_8.yml,python_antlr,15,0.3619999997681589,False
docker_test_8.yml,python_antlr,16,0.3616000003603403,False
docker_test_8.yml,python_antlr,17,0.4017999999632593,False
docker_test_8.yml,python_antlr,18,0.3802000001087435,False
docker_test_8.yml,python_antlr,19,0.3601999997044913,False
docker_test_8.yml,python_antlr,20,1.5416989999721409,False
docker_test_8.yml,python_antlr,21,0.5698999993910547,False
docker_test_8.yml,python_antlr,22,0.4414000004544505,False
docker_test_8.yml,python_antlr,23,0.4115000001547741,False
docker_test_8.yml,python_antlr,24,0.4131000005145324,False
docker_test_8.yml,python_antlr,25,0.4075999995620805,False
docker_test_8.yml,python_antlr,26,0.4330000001573353,False
docker_test_8.yml,python_antlr,27,0.4306000000724452,False
docker_test_8.yml,python_antlr,28,0.4456000006030081,False
docker_test_8.yml,python_antlr,29,0.4326999996919767,False
docker_test_8.yml,python_antlr,30,2.66269999974611,False
docker_test_8.yml,python_antlr,31,0.7015999999566702,False
docker_test_8.yml,python_antlr,32,0.5336000003808294,False
docker_test_8.yml,python_antlr,33,0.4406999996717786,False
docker_test_8.yml,python_antlr,34,0.3764000002774992,False
docker_test_8.yml,python_antlr,35,0.3702000003613648,False
docker_test_8.yml,python_antlr,36,0.3723999998328509,False
docker_test_8.yml,python_antlr,37,0.3680999998323386,False
docker_test_8.yml,python_antlr,38,0.3616999993028003,False
docker_test_8.yml,python_antlr,39,0.358799999958137,False
docker_test_8.yml,python_antlr,40,0.3633000005720532,False
docker_test_8.yml,python_antlr,41,0.3630000001066946,False
docker_test_8.yml,python_antlr,42,0.3618999999162042,False
docker_test_8.yml,python_antlr,43,0.4956989996571792,False
docker_test_8.yml,python_antlr,44,0.3723999998328509,False
docker_test_8.yml,python_antlr,45,0.3699000008055009,False
docker_test_8.yml,python_antlr,46,0.3624000000854721,False
docker_test_8.yml,python_antlr,47,0.4005000000688596,False
docker_test_8.yml,python_antlr,48,0.3723999998328509,False
docker_test_8.yml,python_antlr,49,0.3657999995994032,False
docker_test_8.yml,python_antlr,50,0.3642000001491396,False
docker_test_8.yml,python_antlr,51,0.3652999994301353,False
docker_test_8.yml,python_antlr,52,0.3621999994720681,False
docker_test_8.yml,python_antlr,53,0.3897000005963491,False
docker_test_8.yml,python_antlr,54,0.3671000004032976,False
docker_test_8.yml,python_antlr,55,0.364100000297185,False
docker_test_8.yml,python_antlr,56,0.3670000005513429,False
docker_test_8.yml,python_antlr,57,0.3643999998530489,False
docker_test_8.yml,python_antlr,58,0.4102000002603745,False
docker_test_8.yml,python_antlr,59,0.3672000002552522,False
docker_test_8.yml,python_antlr,60,0.3657999995994032,False
docker_test_8.yml,python_antlr,61,0.3594999998313142,False
docker_test_8.yml,python_antlr,62,0.3643999998530489,False
docker_test_8.yml,python_antlr,63,0.3680999998323386,False
docker_test_8.yml,python_antlr,64,1.7578999995748743,False
docker_test_8.yml,python_antlr,65,0.4496000001381617,False
docker_test_8.yml,python_antlr,66,0.4427999992913101,False
docker_test_8.yml,python_antlr,67,0.3716000001077191,False
docker_test_8.yml,python_antlr,68,0.3678000002764747,False
docker_test_8.yml,python_antlr,69,0.4091990003871615,False
docker_test_8.yml,python_antlr,70,0.4017999999632593,False
docker_test_8.yml,python_antlr,71,0.4268000002412009,False
docker_test_8.yml,python_antlr,72,0.36530000033963,False
docker_test_8.yml,python_antlr,73,0.432599999840022,False
docker_test_8.yml,python_antlr,74,0.3767999996853177,False
docker_test_8.yml,python_antlr,75,0.362699999641336,False
docker_test_8.yml,python_antlr,76,0.4145000002608867,False
docker_test_8.yml,python_antlr,77,0.3605000001698499,False
docker_test_8.yml,python_antlr,78,0.3644999997050036,False
docker_test_8.yml,python_antlr,79,0.4099999996469705,False
docker_test_8.yml,python_antlr,80,0.3987999998571467,False
docker_test_8.yml,python_antlr,81,0.4359999993539531,False
docker_test_8.yml,python_antlr,82,0.3663000006781658,False
docker_test_8.yml,python_antlr,83,0.3624999999374267,False
docker_test_8.yml,python_antlr,84,0.4020999995191232,False
docker_test_8.yml,python_antlr,85,0.3650999997262261,False
docker_test_8.yml,python_antlr,86,0.4136999996262602,False
docker_test_8.yml,python_antlr,87,0.3689000004669651,False
docker_test_8.yml,python_antlr,88,0.3951000007873517,False
docker_test_8.yml,python_antlr,89,0.4115000001547741,False
docker_test_8.yml,python_antlr,90,0.3869000001941458,False
docker_test_8.yml,python_antlr,91,0.4104999998162384,False
docker_test_8.yml,python_antlr,92,0.3665000003820751,False
docker_test_8.yml,python_antlr,93,0.3612000000430271,False
docker_test_8.yml,python_antlr,94,0.4189000001133536,False
docker_test_8.yml,python_antlr,95,0.36530000033963,False
docker_test_8.yml,python_antlr,96,0.4035999991174321,False
docker_test_8.yml,python_antlr,97,0.3651999995781807,False
docker_test_8.yml,python_antlr,98,0.3632999996625585,False
docker_test_8.yml,python_antlr,99,0.4167000006418675,False
docker_test_8.yml,python_antlr,100,0.3869989996019285,False
docker_test_8.yml,python_antlr,101,0.4318000001148903,False
docker_test_8.yml,python_antlr,102,0.372100000276987,False
docker_test_8.yml,python_antlr,103,0.3648000001703622,False
docker_test_8.yml,python_antlr,104,0.4154999996899278,False
docker_test_8.yml,python_antlr,105,0.3704999999172287,False
docker_test_8.yml,python_antlr,106,7.023799999842595,False
docker_test_8.yml,python_antlr,107,0.4477000002225395,False
docker_test_8.yml,python_antlr,108,0.4401000005600508,False
docker_test_8.yml,python_antlr,109,0.3693999997267383,False
docker_test_8.yml,python_antlr,110,0.3929999993488309,False
docker_test_8.yml,python_antlr,111,0.4134000000703963,False
docker_test_8.yml,python_antlr,112,0.377200000002631,False
docker_test_8.yml,python_antlr,113,0.5060990006313659,False
docker_test_8.yml,python_antlr,114,0.3901999998561223,False
docker_test_8.yml,python_antlr,115,0.4184999997960403,False
docker_test_8.yml,python_antlr,116,0.369200000022829,False
docker_test_8.yml,python_antlr,117,0.3600000000005821,False
docker_test_8.yml,python_antlr,118,0.4135999997743056,False
docker_test_8.yml,python_antlr,119,0.3649999998742714,False
docker_test_8.yml,python_antlr,120,0.3991000003225053,False
docker_test_8.yml,python_antlr,121,0.370699999621138,False
docker_test_8.yml,python_antlr,122,0.3643000000010943,False
docker_test_8.yml,python_antlr,123,0.4749999998239218,False
docker_test_8.yml,python_antlr,124,0.3624999999374267,False
docker_test_8.yml,python_antlr,125,0.4085999999006162,False
docker_test_8.yml,python_antlr,126,0.3857000001517008,False
docker_test_8.yml,python_antlr,127,0.3639000005932757,False
docker_test_8.yml,python_antlr,128,0.4277999996702419,False
docker_test_8.yml,python_antlr,129,0.3652000004876754,False
docker_test_8.yml,python_antlr,130,0.4374000000098021,False
docker_test_8.yml,python_antlr,131,0.3759999999601859,False
docker_test_8.yml,python_antlr,132,0.3636999999798718,False
docker_test_8.yml,python_antlr,133,0.4534999998213607,False
docker_test_8.yml,python_antlr,134,0.3678000002764747,False
docker_test_8.yml,python_antlr,135,0.7544999998572166,False
docker_test_8.yml,python_antlr,136,0.4089999993084348,False
docker_test_8.yml,python_antlr,137,0.3806000004260568,False
docker_test_8.yml,python_antlr,138,0.3707000005306327,False
docker_test_8.yml,python_antlr,139,0.3677000004245201,False
docker_test_8.yml,python_antlr,140,0.3640000004452304,False
docker_test_8.yml,python_antlr,141,0.3634999993664678,False
docker_test_8.yml,python_antlr,142,0.357799000084924,False
docker_test_8.yml,python_antlr,143,0.4011000000900822,False
docker_test_8.yml,python_antlr,144,0.3634000004240079,False
docker_test_8.yml,python_antlr,145,0.3639999995357357,False
docker_test_8.yml,python_antlr,146,0.3624000000854721,False
docker_test_8.yml,python_antlr,147,0.3645000006144983,False
docker_test_8.yml,python_antlr,148,0.3646000004664529,False
docker_test_8.yml,python_antlr,149,0.3620999996201135,False
docker_test_8.yml,python_antlr,150,0.366799999937939,False
docker_test_8.yml,python_antlr,151,0.3691000001708744,False
docker_test_8.yml,python_antlr,152,0.3987000000051921,False
docker_test_8.yml,python_antlr,153,0.3860000006170594,False
docker_test_8.yml,python_antlr,154,0.3646000004664529,False
docker_test_8.yml,python_antlr,155,0.3575000000637374,False
docker_test_8.yml,python_antlr,156,0.3567000003386056,False
docker_test_8.yml,python_antlr,157,0.3576999997676466,False
docker_test_8.yml,python_antlr,158,0.3649000000223168,False
docker_test_8.yml,python_antlr,159,0.3586000002542278,False
docker_test_8.yml,python_antlr,160,0.3616000003603403,False
docker_test_8.yml,python_antlr,161,0.3575000000637374,False
docker_test_8.yml,python_antlr,162,0.3593999999793595,False
docker_test_8.yml,python_antlr,163,0.4202000000077532,False
docker_test_8.yml,python_antlr,164,0.4314999996495317,False
docker_test_8.yml,python_antlr,165,0.371800000721123,False
docker_test_8.yml,python_antlr,166,0.36290000025474,False
docker_test_8.yml,python_antlr,167,0.3604999992603552,False
docker_test_8.yml,python_antlr,168,0.3666000002340297,False
docker_test_8.yml,python_antlr,169,0.4103999999642838,False
docker_test_8.yml,python_antlr,170,0.3627999994932906,False
docker_test_8.yml,python_antlr,171,0.3598000002966728,False
docker_test_8.yml,python_antlr,172,0.4535000007308554,False
docker_test_8.yml,python_antlr,173,0.3735999998752959,False
docker_test_8.yml,python_antlr,174,0.3911989997504861,False
docker_test_8.yml,python_antlr,175,0.3712000006999005,False
docker_test_8.yml,python_antlr,176,0.3615999994508456,False
docker_test_8.yml,python_antlr,177,0.3586000002542278,False
docker_test_8.yml,python_antlr,178,0.3620999996201135,False
docker_test_8.yml,python_antlr,179,0.3579000003810506,False
docker_test_8.yml,python_antlr,180,0.357399999302288,False
docker_test_8.yml,python_antlr,181,0.3603000004659407,False
docker_test_8.yml,python_antlr,182,0.4202999998597079,False
docker_test_8.yml,python_antlr,183,0.3770999992411816,False
docker_test_8.yml,python_antlr,184,0.4292000003260909,False
docker_test_8.yml,python_antlr,185,0.4223999994792393,False
docker_test_8.yml,python_antlr,186,0.3751000003830995,False
docker_test_8.yml,python_antlr,187,0.3688000006150105,False
docker_test_8.yml,python_antlr,188,0.3587000001061824,False
docker_test_8.yml,python_antlr,189,0.360200000613986,False
docker_test_8.yml,python_antlr,190,0.3677000004245201,False
docker_test_8.yml,python_antlr,191,0.366799999937939,False
docker_test_8.yml,python_antlr,192,0.3643000000010943,False
docker_test_8.yml,python_antlr,193,0.3618999999162042,False
docker_test_8.yml,python_antlr,194,0.3657000006569433,False
docker_test_8.yml,python_antlr,195,0.394100000448816,False
docker_test_8.yml,python_antlr,196,0.36530000033963,False
docker_test_8.yml,python_antlr,197,0.3649999998742714,False
docker_test_8.yml,python_antlr,198,0.3616999993028003,False
docker_test_8.yml,python_antlr,199,0.3593000001274049,False
docker_test_9.yml,python_antlr,0,0.8035999999265186,False
docker_test_9.yml,python_antlr,1,0.4060000001118169,False
docker_test_9.yml,python_antlr,2,0.3749999996216502,False
docker_test_9.yml,python_antlr,3,0.3710000000864966,False
docker_test_9.yml,python_antlr,4,0.3657000006569433,False
docker_test_9.yml,python_antlr,5,0.3671999993457575,False
docker_test_9.yml,python_antlr,6,0.3627999994932906,False
docker_test_9.yml,python_antlr,7,0.3634000004240079,False
docker_test_9.yml,python_antlr,8,0.3630999999586493,False
docker_test_9.yml,python_antlr,9,0.4012999997939914,False
docker_test_9.yml,python_antlr,10,0.3980999999839696,False
docker_test_9.yml,python_antlr,11,0.3743999996004277,False
docker_test_9.yml,python_antlr,12,0.3628999993452453,False
docker_test_9.yml,python_antlr,13,0.3612000000430271,False
docker_test_9.yml,python_antlr,14,0.3676999995150254,False
docker_test_9.yml,python_antlr,15,0.3606000000218046,False
docker_test_9.yml,python_antlr,16,0.364100000297185,False
docker_test_9.yml,python_antlr,17,0.3664999994725804,False
docker_test_9.yml,python_antlr,18,0.3591999993659556,False
docker_test_9.yml,python_antlr,19,0.3580000002330052,False
docker_test_9.yml,python_antlr,20,0.3590989999793237,False
docker_test_9.yml,python_antlr,21,0.5021999995733495,False
docker_test_9.yml,python_antlr,22,0.3694999995786929,False
docker_test_9.yml,python_antlr,23,0.36290000025474,False
docker_test_9.yml,python_antlr,24,0.415900000007241,False
docker_test_9.yml,python_antlr,25,0.3692999998747837,False
docker_test_9.yml,python_antlr,26,0.3643000000010943,False
docker_test_9.yml,python_antlr,27,0.3623000002335175,False
docker_test_9.yml,python_antlr,28,0.3620999996201135,False
docker_test_9.yml,python_antlr,29,0.3649999998742714,False
docker_test_9.yml,python_antlr,30,0.3620999996201135,False
docker_test_9.yml,python_antlr,31,0.3894999999829451,False
docker_test_9.yml,python_antlr,32,0.3644999997050036,False
docker_test_9.yml,python_antlr,33,0.3607999997257138,False
docker_test_9.yml,python_antlr,34,0.3633999995145132,False
docker_test_9.yml,python_antlr,35,0.6059999996068655,False
docker_test_9.yml,python_antlr,36,0.4361999999673571,False
docker_test_9.yml,python_antlr,37,0.409600000239152,False
docker_test_9.yml,python_antlr,38,0.3842999994958518,False
docker_test_9.yml,python_antlr,39,0.372100000276987,False
docker_test_9.yml,python_antlr,40,0.4121999991184566,False
docker_test_9.yml,python_antlr,41,0.4238000001350883,False
docker_test_9.yml,python_antlr,42,0.3697000001920969,False
docker_test_9.yml,python_antlr,43,0.3649999998742714,False
docker_test_9.yml,python_antlr,44,0.3686999998535611,False
docker_test_9.yml,python_antlr,45,0.3636999999798718,False
docker_test_9.yml,python_antlr,46,0.3625999997893814,False
docker_test_9.yml,python_antlr,47,0.3666000002340297,False
docker_test_9.yml,python_antlr,48,0.3636000001279171,False
docker_test_9.yml,python_antlr,49,0.4308999996283091,False
docker_test_9.yml,python_antlr,50,0.3618999999162042,False
docker_test_9.yml,python_antlr,51,0.3891989999829093,False
docker_test_9.yml,python_antlr,52,0.3599000001486274,False
docker_test_9.yml,python_antlr,53,0.4140000000916188,False
docker_test_9.yml,python_antlr,54,0.3675000007206108,False
docker_test_9.yml,python_antlr,55,0.3589999996620463,False
docker_test_9.yml,python_antlr,56,0.3624000000854721,False
docker_test_9.yml,python_antlr,57,0.3594999998313142,False
docker_test_9.yml,python_antlr,58,0.3606999998737592,False
docker_test_9.yml,python_antlr,59,0.3592000002754503,False
docker_test_9.yml,python_antlr,60,0.361700000212295,False
docker_test_9.yml,python_antlr,61,0.3604999992603552,False
docker_test_9.yml,python_antlr,62,0.3870999998980551,False
docker_test_9.yml,python_antlr,63,0.3780999995797174,False
docker_test_9.yml,python_antlr,64,0.3743999996004277,False
docker_test_9.yml,python_antlr,65,0.3686000000016065,False
docker_test_9.yml,python_antlr,66,0.3648000001703622,False
docker_test_9.yml,python_antlr,67,0.4350999997768667,False
docker_test_9.yml,python_antlr,68,0.3675999996630708,False
docker_test_9.yml,python_antlr,69,0.3691000001708744,False
docker_test_9.yml,python_antlr,70,0.3624999999374267,False
docker_test_9.yml,python_antlr,71,0.3654999991340446,False
docker_test_9.yml,python_antlr,72,0.3874000003634137,False
docker_test_9.yml,python_antlr,73,0.3630000001066946,False
docker_test_9.yml,python_antlr,74,0.3622999993240228,False
docker_test_9.yml,python_antlr,75,0.3630999999586493,False
docker_test_9.yml,python_antlr,76,0.3630000001066946,False
docker_test_9.yml,python_antlr,77,0.361499999598891,False
docker_test_9.yml,python_antlr,78,0.3655999998954939,False
docker_test_9.yml,python_antlr,79,0.3639999995357357,False
docker_test_9.yml,python_antlr,80,0.3627999994932906,False
docker_test_9.yml,python_antlr,81,0.4165000000284635,False
docker_test_9.yml,python_antlr,82,0.3659990006781299,False
docker_test_9.yml,python_antlr,83,0.3831000003629015,False
docker_test_9.yml,python_antlr,84,0.36290000025474,False
docker_test_9.yml,python_antlr,85,0.3627000005508307,False
docker_test_9.yml,python_antlr,86,0.3644000007625436,False
docker_test_9.yml,python_antlr,87,0.359000000571541,False
docker_test_9.yml,python_antlr,88,0.3551999998308019,False
docker_test_9.yml,python_antlr,89,0.3624999999374267,False
docker_test_9.yml,python_antlr,90,0.9081999996851664,False
docker_test_9.yml,python_antlr,91,0.4075000006196205,False
docker_test_9.yml,python_antlr,92,0.412099999266502,False
docker_test_9.yml,python_antlr,93,0.3647000003184075,False
docker_test_9.yml,python_antlr,94,0.4621999996743398,False
docker_test_9.yml,python_antlr,95,0.3698000000440515,False
docker_test_9.yml,python_antlr,96,0.36539999928209,False
docker_test_9.yml,python_antlr,97,0.3643999998530489,False
docker_test_9.yml,python_antlr,98,0.3636999999798718,False
docker_test_9.yml,python_antlr,99,0.3636000001279171,False
docker_test_9.yml,python_antlr,100,0.3620000006776536,False
docker_test_9.yml,python_antlr,101,0.3613999997469364,False
docker_test_9.yml,python_antlr,102,0.3796999999394757,False
docker_test_9.yml,python_antlr,103,0.3664999994725804,False
docker_test_9.yml,python_antlr,104,0.3596999995352234,False
docker_test_9.yml,python_antlr,105,0.3594999998313142,False
docker_test_9.yml,python_antlr,106,0.359000000571541,False
docker_test_9.yml,python_antlr,107,0.3610999992815777,False
docker_test_9.yml,python_antlr,108,0.4274000002624234,False
docker_test_9.yml,python_antlr,109,0.3638000007413211,False
docker_test_9.yml,python_antlr,110,0.3630999999586493,False
docker_test_9.yml,python_antlr,111,0.3690000003189198,False
docker_test_9.yml,python_antlr,112,0.3626000006988761,False
docker_test_9.yml,python_antlr,113,0.4595989994413685,False
docker_test_9.yml,python_antlr,114,0.5870000004506437,False
docker_test_9.yml,python_antlr,115,0.8057999993980047,False
docker_test_9.yml,python_antlr,116,1.7955999992409488,False
docker_test_9.yml,python_antlr,117,0.4873999996561906,False
docker_test_9.yml,python_antlr,118,1.5093000001797918,False
docker_test_9.yml,python_antlr,119,3.868300000249292,False
docker_test_9.yml,python_antlr,120,0.4402000004120054,False
docker_test_9.yml,python_antlr,121,0.3882000000885455,False
docker_test_9.yml,python_antlr,122,0.5057999997006846,False
docker_test_9.yml,python_antlr,123,0.3871990002153325,False
docker_test_9.yml,python_antlr,124,0.4258999997546198,False
docker_test_9.yml,python_antlr,125,0.373099999706028,False
docker_test_9.yml,python_antlr,126,0.3662999997686711,False
docker_test_9.yml,python_antlr,127,0.3656999997474486,False
docker_test_9.yml,python_antlr,128,0.4705000001195003,False
docker_test_9.yml,python_antlr,129,0.4045999994559679,False
docker_test_9.yml,python_antlr,130,0.3724999996848055,False
docker_test_9.yml,python_antlr,131,0.367999999980384,False
docker_test_9.yml,python_antlr,132,0.3628000004027853,False
docker_test_9.yml,python_antlr,133,0.3589999996620463,False
docker_test_9.yml,python_antlr,134,0.4012999997939914,False
docker_test_9.yml,python_antlr,135,0.3686000000016065,False
docker_test_9.yml,python_antlr,136,0.3655000000435393,False
docker_test_9.yml,python_antlr,137,0.3623000002335175,False
docker_test_9.yml,python_antlr,138,0.3610999992815777,False
docker_test_9.yml,python_antlr,139,0.3632999996625585,False
docker_test_9.yml,python_antlr,140,0.3655000000435393,False
docker_test_9.yml,python_antlr,141,0.4202000000077532,False
docker_test_9.yml,python_antlr,142,0.3673999999591615,False
docker_test_9.yml,python_antlr,143,0.3689999994094251,False
docker_test_9.yml,python_antlr,144,0.3802999999606982,False
docker_test_9.yml,python_antlr,145,0.373300000319432,False
docker_test_9.yml,python_antlr,146,0.3661000000647618,False
docker_test_9.yml,python_antlr,147,0.3593999999793595,False
docker_test_9.yml,python_antlr,148,0.3606000000218046,False
docker_test_9.yml,python_antlr,149,0.3624000000854721,False
docker_test_9.yml,python_antlr,150,0.3572999994503334,False
docker_test_9.yml,python_antlr,151,0.3636999999798718,False
docker_test_9.yml,python_antlr,152,0.359000000571541,False
docker_test_9.yml,python_antlr,153,0.3634000004240079,False
docker_test_9.yml,python_antlr,154,0.4107999993721023,False
docker_test_9.yml,python_antlr,155,0.4655989996535936,False
docker_test_9.yml,python_antlr,156,1.3151000002835644,False
docker_test_9.yml,python_antlr,157,0.4360000002634479,False
docker_test_9.yml,python_antlr,158,0.3799999994953396,False
docker_test_9.yml,python_antlr,159,0.3713000005518552,False
docker_test_9.yml,python_antlr,160,0.374500000361877,False
docker_test_9.yml,python_antlr,161,0.3703000002133194,False
docker_test_9.yml,python_antlr,162,0.3696000003401423,False
docker_test_9.yml,python_antlr,163,0.4793999996763887,False
docker_test_9.yml,python_antlr,164,0.3710999999384512,False
docker_test_9.yml,python_antlr,165,0.3939999996873666,False
docker_test_9.yml,python_antlr,166,5.401500000516535,False
docker_test_9.yml,python_antlr,167,0.479299999824434,False
docker_test_9.yml,python_antlr,168,0.3878000006807269,False
docker_test_9.yml,python_antlr,169,0.3719000005730777,False
docker_test_9.yml,python_antlr,170,0.4744990001199767,False
docker_test_9.yml,python_antlr,171,0.3661000000647618,False
docker_test_9.yml,python_antlr,172,0.3630000001066946,False
docker_test_9.yml,python_antlr,173,0.3640000004452304,False
docker_test_9.yml,python_antlr,174,0.3609000004871632,False
docker_test_9.yml,python_antlr,175,0.3633999995145132,False
docker_test_9.yml,python_antlr,176,0.3609999994296231,False
docker_test_9.yml,python_antlr,177,0.3606000000218046,False
docker_test_9.yml,python_antlr,178,0.3635000002759625,False
docker_test_9.yml,python_antlr,179,0.3623000002335175,False
docker_test_9.yml,python_antlr,180,0.3845999999612104,False
docker_test_9.yml,python_antlr,181,0.4706999998234096,False
docker_test_9.yml,python_antlr,182,0.3894999999829451,False
docker_test_9.yml,python_antlr,183,0.3610000003391178,False
docker_test_9.yml,python_antlr,184,0.4347000003690482,False
docker_test_9.yml,python_antlr,185,0.3635000002759625,False
docker_test_9.yml,python_antlr,186,0.3644999997050036,False
docker_test_9.yml,python_antlr,187,0.3607999997257138,False
docker_test_9.yml,python_antlr,188,0.3624999999374267,False
docker_test_9.yml,python_antlr,189,0.3593000001274049,False
docker_test_9.yml,python_antlr,190,0.3597000004447181,False
docker_test_9.yml,python_antlr,191,0.3868000003421912,False
docker_test_9.yml,python_antlr,192,0.3624999999374267,False
docker_test_9.yml,python_antlr,193,0.3630999999586493,False
docker_test_9.yml,python_antlr,194,0.8386999998037936,False
docker_test_9.yml,python_antlr,195,0.3959000005124835,False
docker_test_9.yml,python_antlr,196,0.3671999993457575,False
docker_test_9.yml,python_antlr,197,0.361700000212295,False
docker_test_9.yml,python_antlr,198,0.3639999995357357,False
docker_test_9.yml,python_antlr,199,0.3615999994508456,False
docker_test_1.yml,java_antlr,0,604.323347,False
docker_test_1.yml,java_antlr,1,0.8674,False
docker_test_1.yml,java_antlr,2,0.6862,False
docker_test_1.yml,java_antlr,3,0.8845,False
docker_test_1.yml,java_antlr,4,0.7957,False
docker_test_1.yml,java_antlr,5,0.8319,False
docker_test_1.yml,java_antlr,6,1.3056,False
docker_test_1.yml,java_antlr,7,0.8318,False
docker_test_1.yml,java_antlr,8,1.1354,False
docker_test_1.yml,java_antlr,9,0.7308,False
docker_test_1.yml,java_antlr,10,1.921,False
docker_test_1.yml,java_antlr,11,0.8091,False
docker_test_1.yml,java_antlr,12,1.1632,False
docker_test_1.yml,java_antlr,13,2.1824,False
docker_test_1.yml,java_antlr,14,0.7608,False
docker_test_1.yml,java_antlr,15,0.6958,False
docker_test_1.yml,java_antlr,16,0.6894,False
docker_test_1.yml,java_antlr,17,0.8236,False
docker_test_1.yml,java_antlr,18,0.8059,False
docker_test_1.yml,java_antlr,19,0.6773,False
docker_test_1.yml,java_antlr,20,0.773999,False
docker_test_1.yml,java_antlr,21,0.7153,False
docker_test_1.yml,java_antlr,22,0.6096,False
docker_test_1.yml,java_antlr,23,0.8061,False
docker_test_1.yml,java_antlr,24,0.5564,False
docker_test_1.yml,java_antlr,25,0.5306,False
docker_test_1.yml,java_antlr,26,0.8781,False
docker_test_1.yml,java_antlr,27,0.6659,False
docker_test_1.yml,java_antlr,28,0.5712,False
docker_test_1.yml,java_antlr,29,0.5994,False
docker_test_1.yml,java_antlr,30,0.4997,False
docker_test_1.yml,java_antlr,31,0.7155,False
docker_test_1.yml,java_antlr,32,0.69,False
docker_test_1.yml,java_antlr,33,0.7898,False
docker_test_1.yml,java_antlr,34,0.6032,False
docker_test_1.yml,java_antlr,35,0.4931,False
docker_test_1.yml,java_antlr,36,1.0317,False
docker_test_1.yml,java_antlr,37,0.6227,False
docker_test_1.yml,java_antlr,38,0.7368,False
docker_test_1.yml,java_antlr,39,0.5584,False
docker_test_1.yml,java_antlr,40,0.5321,False
docker_test_1.yml,java_antlr,41,0.4199,False
docker_test_1.yml,java_antlr,42,0.4919,False
docker_test_1.yml,java_antlr,43,0.5083,False
docker_test_1.yml,java_antlr,44,0.3944,False
docker_test_1.yml,java_antlr,45,0.4772,False
docker_test_1.yml,java_antlr,46,0.8186,False
docker_test_1.yml,java_antlr,47,0.4568,False
docker_test_1.yml,java_antlr,48,0.4187,False
docker_test_1.yml,java_antlr,49,0.3545,False
docker_test_1.yml,java_antlr,50,0.4345,False
docker_test_1.yml,java_antlr,51,0.4315,False
docker_test_1.yml,java_antlr,52,0.3611,False
docker_test_1.yml,java_antlr,53,0.3102,False
docker_test_1.yml,java_antlr,54,0.2741,False
docker_test_1.yml,java_antlr,55,0.3047,False
docker_test_1.yml,java_antlr,56,0.3034,False
docker_test_1.yml,java_antlr,57,0.4356,False
docker_test_1.yml,java_antlr,58,0.3837,False
docker_test_1.yml,java_antlr,59,0.3181,False
docker_test_1.yml,java_antlr,60,0.3064,False
docker_test_1.yml,java_antlr,61,0.5079,False
docker_test_1.yml,java_antlr,62,0.5319,False
docker_test_1.yml,java_antlr,63,0.4277,False
docker_test_1.yml,java_antlr,64,0.4881,False
docker_test_1.yml,java_antlr,65,0.3622,False
docker_test_1.yml,java_antlr,66,0.2869,False
docker_test_1.yml,java_antlr,67,0.2892,False
docker_test_1.yml,java_antlr,68,0.3599,False
docker_test_1.yml,java_antlr,69,0.3675,False
docker_test_1.yml,java_antlr,70,0.3016,False
docker_test_1.yml,java_antlr,71,0.3463,False
docker_test_1.yml,java_antlr,72,0.343999,False
docker_test_1.yml,java_antlr,73,0.3553,False
docker_test_1.yml,java_antlr,74,0.3926,False
docker_test_1.yml,java_antlr,75,0.2972,False
docker_test_1.yml,java_antlr,76,0.4571,False
docker_test_1.yml,java_antlr,77,0.3669,False
docker_test_1.yml,java_antlr,78,0.3818,False
docker_test_1.yml,java_antlr,79,0.4064,False
docker_test_1.yml,java_antlr,80,0.3755,False
docker_test_1.yml,java_antlr,81,0.3624,False
docker_test_1.yml,java_antlr,82,0.3101,False
docker_test_1.yml,java_antlr,83,0.3494,False
docker_test_1.yml,java_antlr,84,0.9831,False
docker_test_1.yml,java_antlr,85,0.3403,False
docker_test_1.yml,java_antlr,86,0.2989,False
docker_test_1.yml,java_antlr,87,0.4124,False
docker_test_1.yml,java_antlr,88,0.4029,False
docker_test_1.yml,java_antlr,89,0.465899,False
docker_test_1.yml,java_antlr,90,0.4238,False
docker_test_1.yml,java_antlr,91,0.2704,False
docker_test_1.yml,java_antlr,92,0.3308,False
docker_test_1.yml,java_antlr,93,0.5347,False
docker_test_1.yml,java_antlr,94,0.3038,False
docker_test_1.yml,java_antlr,95,0.3391,False
docker_test_1.yml,java_antlr,96,0.3059,False
docker_test_1.yml,java_antlr,97,0.2871,False
docker_test_1.yml,java_antlr,98,0.2965,False
docker_test_1.yml,java_antlr,99,0.2812,False
docker_test_1.yml,java_antlr,100,0.5615,False
docker_test_1.yml,java_antlr,101,0.3045,False
docker_test_1.yml,java_antlr,102,0.2864,False
docker_test_1.yml,java_antlr,103,0.4035,False
docker_test_1.yml,java_antlr,104,0.3442,False
docker_test_1.yml,java_antlr,105,0.3879,False
docker_test_1.yml,java_antlr,106,0.345,False
docker_test_1.yml,java_antlr,107,3.539999,False
docker_test_1.yml,java_antlr,108,0.3491,False
docker_test_1.yml,java_antlr,109,0.3854,False
docker_test_1.yml,java_antlr,110,0.4396,False
docker_test_1.yml,java_antlr,111,0.4167,False
docker_test_1.yml,java_antlr,112,0.374,False
docker_test_1.yml,java_antlr,113,0.8446,False
docker_test_1.yml,java_antlr,114,0.3547,False
docker_test_1.yml,java_antlr,115,0.3052,False
docker_test_1.yml,java_antlr,116,0.3127,False
docker_test_1.yml,java_antlr,117,0.4052,False
docker_test_1.yml,java_antlr,118,0.3091,False
docker_test_1.yml,java_antlr,119,0.361099,False
docker_test_1.yml,java_antlr,120,0.3073,False
docker_test_1.yml,java_antlr,121,0.3347,False
docker_test_1.yml,java_antlr,122,0.4646,False
docker_test_1.yml,java_antlr,123,0.3336,False
docker_test_1.yml,java_antlr,124,0.3361,False
docker_test_1.yml,java_antlr,125,0.357,False
docker_test_1.yml,java_antlr,126,0.3384,False
docker_test_1.yml,java_antlr,127,0.6107,False
docker_test_1.yml,java_antlr,128,0.4076,False
docker_test_1.yml,java_antlr,129,0.3424,False
docker_test_1.yml,java_antlr,130,0.2874,False
docker_test_1.yml,java_antlr,131,0.3758,False
docker_test_1.yml,java_antlr,132,0.2872,False
docker_test_1.yml,java_antlr,133,0.3297,False
docker_test_1.yml,java_antlr,134,0.3595,False
docker_test_1.yml,java_antlr,135,0.2438,False
docker_test_1.yml,java_antlr,136,0.2797,False
docker_test_1.yml,java_antlr,137,0.4687,False
docker_test_1.yml,java_antlr,138,0.2425,False
docker_test_1.yml,java_antlr,139,0.2234,False
docker_test_1.yml,java_antlr,140,0.3202,False
docker_test_1.yml,java_antlr,141,0.4076,False
docker_test_1.yml,java_antlr,142,0.3748,False
docker_test_1.yml,java_antlr,143,0.2516,False
docker_test_1.yml,java_antlr,144,0.2553,False
docker_test_1.yml,java_antlr,145,0.2435,False
docker_test_1.yml,java_antlr,146,0.2455,False
docker_test_1.yml,java_antlr,147,0.3419,False
docker_test_1.yml,java_antlr,148,0.2655,False
docker_test_1.yml,java_antlr,149,0.3209,False
docker_test_1.yml,java_antlr,150,0.2569,False
docker_test_1.yml,java_antlr,151,0.3459,False
docker_test_1.yml,java_antlr,152,0.232,False
docker_test_1.yml,java_antlr,153,0.2306,False
docker_test_1.yml,java_antlr,154,0.2909,False
docker_test_1.yml,java_antlr,155,0.2554,False
docker_test_1.yml,java_antlr,156,0.2746,False
docker_test_1.yml,java_antlr,157,0.422899,False
docker_test_1.yml,java_antlr,158,0.3288,False
docker_test_1.yml,java_antlr,159,0.5837,False
docker_test_1.yml,java_antlr,160,0.3169,False
docker_test_1.yml,java_antlr,161,0.2711,False
docker_test_1.yml,java_antlr,162,0.2338,False
docker_test_1.yml,java_antlr,163,0.2555,False
docker_test_1.yml,java_antlr,164,0.2984,False
docker_test_1.yml,java_antlr,165,0.2437,False
docker_test_1.yml,java_antlr,166,0.2585,False
docker_test_1.yml,java_antlr,167,0.2353,False
docker_test_1.yml,java_antlr,168,0.3864,False
docker_test_1.yml,java_antlr,169,0.2809,False
docker_test_1.yml,java_antlr,170,0.3986,False
docker_test_1.yml,java_antlr,171,0.2874,False
docker_test_1.yml,java_antlr,172,0.2895,False
docker_test_1.yml,java_antlr,173,0.3059,False
docker_test_1.yml,java_antlr,174,0.2646,False
docker_test_1.yml,java_antlr,175,0.2562,False
docker_test_1.yml,java_antlr,176,0.2571,False
docker_test_1.yml,java_antlr,177,0.403199,False
docker_test_1.yml,java_antlr,178,0.2392,False
docker_test_1.yml,java_antlr,179,0.237,False
docker_test_1.yml,java_antlr,180,0.3623,False
docker_test_1.yml,java_antlr,181,0.2888,False
docker_test_1.yml,java_antlr,182,0.2195,False
docker_test_1.yml,java_antlr,183,0.209,False
docker_test_1.yml,java_antlr,184,0.1926,False
docker_test_1.yml,java_antlr,185,0.2694,False
docker_test_1.yml,java_antlr,186,0.4336,False
docker_test_1.yml,java_antlr,187,0.3889,False
docker_test_1.yml,java_antlr,188,0.2698,False
docker_test_1.yml,java_antlr,189,0.2642,False
docker_test_1.yml,java_antlr,190,0.279,False
docker_test_1.yml,java_antlr,191,0.3491,False
docker_test_1.yml,java_antlr,192,0.2737,False
docker_test_1.yml,java_antlr,193,0.2795,False
docker_test_1.yml,java_antlr,194,0.3269,False
docker_test_1.yml,java_antlr,195,0.237,False
docker_test_1.yml,java_antlr,196,0.3141,False
docker_test_1.yml,java_antlr,197,0.419,False
docker_test_1.yml,java_antlr,198,0.2296,False
docker_test_1.yml,java_antlr,199,0.2277,False
docker_test_10.yml,java_antlr,0,0.9733,False
docker_test_10.yml,java_antlr,1,0.3535,False
docker_test_10.yml,java_antlr,2,0.3721,False
docker_test_10.yml,java_antlr,3,0.2582,False
docker_test_10.yml,java_antlr,4,0.2441,False
docker_test_10.yml,java_antlr,5,0.2485,False
docker_test_10.yml,java_antlr,6,0.4406,False
docker_test_10.yml,java_antlr,7,0.2917,False
docker_test_10.yml,java_antlr,8,0.2433,False
docker_test_10.yml,java_antlr,9,0.2755,False
docker_test_10.yml,java_antlr,10,0.5914,False
docker_test_10.yml,java_antlr,11,0.2801,False
docker_test_10.yml,java_antlr,12,0.3392,False
docker_test_10.yml,java_antlr,13,0.2253,False
docker_test_10.yml,java_antlr,14,0.2078,False
docker_test_10.yml,java_antlr,15,0.1977,False
docker_test_10.yml,java_antlr,16,0.353,False
docker_test_10.yml,java_antlr,17,0.2323,False
docker_test_10.yml,java_antlr,18,0.2534,False
docker_test_10.yml,java_antlr,19,0.2399,False
docker_test_10.yml,java_antlr,20,0.2469,False
docker_test_10.yml,java_antlr,21,0.2803,False
docker_test_10.yml,java_antlr,22,0.2359,False
docker_test_10.yml,java_antlr,23,0.2317,False
docker_test_10.yml,java_antlr,24,0.2332,False
docker_test_10.yml,java_antlr,25,0.4163,False
docker_test_10.yml,java_antlr,26,0.2419,False
docker_test_10.yml,java_antlr,27,0.2577,False
docker_test_10.yml,java_antlr,28,0.2603,False
docker_test_10.yml,java_antlr,29,0.2322,False
docker_test_10.yml,java_antlr,30,0.3533,False
docker_test_10.yml,java_antlr,31,0.4112,False
docker_test_10.yml,java_antlr,32,0.2414,False
docker_test_10.yml,java_antlr,33,0.2439,False
docker_test_10.yml,java_antlr,34,0.2919,False
docker_test_10.yml,java_antlr,35,0.3705,False
docker_test_10.yml,java_antlr,36,0.2854,False
docker_test_10.yml,java_antlr,37,0.2582,False
docker_test_10.yml,java_antlr,38,0.2734,False
docker_test_10.yml,java_antlr,39,0.2269,False
docker_test_10.yml,java_antlr,40,0.2749,False
docker_test_10.yml,java_antlr,41,0.2396,False
docker_test_10.yml,java_antlr,42,0.2264,False
docker_test_10.yml,java_antlr,43,0.2382,False
docker_test_10.yml,java_antlr,44,0.2405,False
docker_test_10.yml,java_antlr,45,0.4011,False
docker_test_10.yml,java_antlr,46,0.2435,False
docker_test_10.yml,java_antlr,47,0.201,False
docker_test_10.yml,java_antlr,48,0.2744,False
docker_test_10.yml,java_antlr,49,0.2842,False
docker_test_10.yml,java_antlr,50,0.233,False
docker_test_10.yml,java_antlr,51,0.2066,False
docker_test_10.yml,java_antlr,52,0.2371,False
docker_test_10.yml,java_antlr,53,0.2364,False
docker_test_10.yml,java_antlr,54,0.2678,False
docker_test_10.yml,java_antlr,55,0.4309,False
docker_test_10.yml,java_antlr,56,0.2487,False
docker_test_10.yml,java_antlr,57,0.266,False
docker_test_10.yml,java_antlr,58,0.2702,False
docker_test_10.yml,java_antlr,59,0.2341,False
docker_test_10.yml,java_antlr,60,0.2509,False
docker_test_10.yml,java_antlr,61,0.2482,False
docker_test_10.yml,java_antlr,62,0.2303,False
docker_test_10.yml,java_antlr,63,0.3229,False
docker_test_10.yml,java_antlr,64,0.2386,False
docker_test_10.yml,java_antlr,65,0.2389,False
docker_test_10.yml,java_antlr,66,0.2563,False
docker_test_10.yml,java_antlr,67,0.2983,False
docker_test_10.yml,java_antlr,68,0.247,False
docker_test_10.yml,java_antlr,69,0.2308,False
docker_test_10.yml,java_antlr,70,0.2664,False
docker_test_10.yml,java_antlr,71,0.2146,False
docker_test_10.yml,java_antlr,72,0.2143,False
docker_test_10.yml,java_antlr,73,0.3217,False
docker_test_10.yml,java_antlr,74,0.2215,False
docker_test_10.yml,java_antlr,75,0.2123,False
docker_test_10.yml,java_antlr,76,0.2213,False
docker_test_10.yml,java_antlr,77,0.2424,False
docker_test_10.yml,java_antlr,78,0.2067,False
docker_test_10.yml,java_antlr,79,0.2051,False
docker_test_10.yml,java_antlr,80,0.1982,False
docker_test_10.yml,java_antlr,81,0.2136,False
docker_test_10.yml,java_antlr,82,0.2437,False
docker_test_10.yml,java_antlr,83,0.2426,False
docker_test_10.yml,java_antlr,84,0.2661,False
docker_test_10.yml,java_antlr,85,0.4682,False
docker_test_10.yml,java_antlr,86,0.2542,False
docker_test_10.yml,java_antlr,87,0.247999,False
docker_test_10.yml,java_antlr,88,0.2419,False
docker_test_10.yml,java_antlr,89,0.2683,False
docker_test_10.yml,java_antlr,90,0.2705,False
docker_test_10.yml,java_antlr,91,0.2475,False
docker_test_10.yml,java_antlr,92,0.2913,False
docker_test_10.yml,java_antlr,93,0.4625,False
docker_test_10.yml,java_antlr,94,0.2373,False
docker_test_10.yml,java_antlr,95,0.2555,False
docker_test_10.yml,java_antlr,96,0.2894,False
docker_test_10.yml,java_antlr,97,0.2341,False
docker_test_10.yml,java_antlr,98,0.3184,False
docker_test_10.yml,java_antlr,99,1.5103,False
docker_test_10.yml,java_antlr,100,0.5486,False
docker_test_10.yml,java_antlr,101,0.5429,False
docker_test_10.yml,java_antlr,102,0.745699,False
docker_test_10.yml,java_antlr,103,0.4663,False
docker_test_10.yml,java_antlr,104,0.2628,False
docker_test_10.yml,java_antlr,105,0.3406,False
docker_test_10.yml,java_antlr,106,0.2634,False
docker_test_10.yml,java_antlr,107,0.4203,False
docker_test_10.yml,java_antlr,108,0.2366,False
docker_test_10.yml,java_antlr,109,0.2492,False
docker_test_10.yml,java_antlr,110,0.2418,False
docker_test_10.yml,java_antlr,111,0.2217,False
docker_test_10.yml,java_antlr,112,0.3236,False
docker_test_10.yml,java_antlr,113,0.6245,False
docker_test_10.yml,java_antlr,114,1.549,False
docker_test_10.yml,java_antlr,115,0.4792,False
docker_test_10.yml,java_antlr,116,0.8973,False
docker_test_10.yml,java_antlr,117,0.484,False
docker_test_10.yml,java_antlr,118,0.3791,False
docker_test_10.yml,java_antlr,119,0.3343,False
docker_test_10.yml,java_antlr,120,0.2436,False
docker_test_10.yml,java_antlr,121,0.2389,False
docker_test_10.yml,java_antlr,122,0.339,False
docker_test_10.yml,java_antlr,123,0.4211,False
docker_test_10.yml,java_antlr,124,0.3449,False
docker_test_10.yml,java_antlr,125,0.2665,False
docker_test_10.yml,java_antlr,126,0.3031,False
docker_test_10.yml,java_antlr,127,0.2297,False
docker_test_10.yml,java_antlr,128,0.2722,False
docker_test_10.yml,java_antlr,129,0.6575,False
docker_test_10.yml,java_antlr,130,0.4532,False
docker_test_10.yml,java_antlr,131,0.433,False
docker_test_10.yml,java_antlr,132,0.9793,False
docker_test_10.yml,java_antlr,133,2.9617,False
docker_test_10.yml,java_antlr,134,0.2884,False
docker_test_10.yml,java_antlr,135,0.262,False
docker_test_10.yml,java_antlr,136,0.4,False
docker_test_10.yml,java_antlr,137,0.252,False
docker_test_10.yml,java_antlr,138,0.7694,False
docker_test_10.yml,java_antlr,139,1.9407,False
docker_test_10.yml,java_antlr,140,0.4846,False
docker_test_10.yml,java_antlr,141,0.7447,False
docker_test_10.yml,java_antlr,142,0.3958,False
docker_test_10.yml,java_antlr,143,0.2558,False
docker_test_10.yml,java_antlr,144,0.3568,False
docker_test_10.yml,java_antlr,145,0.5159,False
docker_test_10.yml,java_antlr,146,0.592,False
docker_test_10.yml,java_antlr,147,0.2457,False
docker_test_10.yml,java_antlr,148,0.2389,False
docker_test_10.yml,java_antlr,149,0.2564,False
docker_test_10.yml,java_antlr,150,0.2436,False
docker_test_10.yml,java_antlr,151,0.2542,False
docker_test_10.yml,java_antlr,152,0.2353,False
docker_test_10.yml,java_antlr,153,0.3833,False
docker_test_10.yml,java_antlr,154,0.256,False
docker_test_10.yml,java_antlr,155,0.6289,False
docker_test_10.yml,java_antlr,156,1.0304,False
docker_test_10.yml,java_antlr,157,1.3134,False
docker_test_10.yml,java_antlr,158,0.2558,False
docker_test_10.yml,java_antlr,159,0.3896,False
docker_test_10.yml,java_antlr,160,0.2565,False
docker_test_10.yml,java_antlr,161,0.6621,False
docker_test_10.yml,java_antlr,162,0.6029,False
docker_test_10.yml,java_antlr,163,0.3766,False
docker_test_10.yml,java_antlr,164,0.3074,False
docker_test_10.yml,java_antlr,165,0.2451,False
docker_test_10.yml,java_antlr,166,0.2591,False
docker_test_10.yml,java_antlr,167,0.2283,False
docker_test_10.yml,java_antlr,168,0.3102,False
docker_test_10.yml,java_antlr,169,0.2375,False
docker_test_10.yml,java_antlr,170,0.3032,False
docker_test_10.yml,java_antlr,171,0.2465,False
docker_test_10.yml,java_antlr,172,0.2557,False
docker_test_10.yml,java_antlr,173,0.3483,False
docker_test_10.yml,java_antlr,174,0.2554,False
docker_test_10.yml,java_antlr,175,0.4453,False
docker_test_10.yml,java_antlr,176,0.519999,False
docker_test_10.yml,java_antlr,177,0.5583,False
docker_test_10.yml,java_antlr,178,0.638,False
docker_test_10.yml,java_antlr,179,1.4972,False
docker_test_10.yml,java_antlr,180,1.782,False
docker_test_10.yml,java_antlr,181,0.3644,False
docker_test_10.yml,java_antlr,182,0.3753,False
docker_test_10.yml,java_antlr,183,0.4879,False
docker_test_10.yml,java_antlr,184,0.7273,False
docker_test_10.yml,java_antlr,185,0.6237,False
docker_test_10.yml,java_antlr,186,0.3346,False
docker_test_10.yml,java_antlr,187,0.2428,False
docker_test_10.yml,java_antlr,188,0.2183,False
docker_test_10.yml,java_antlr,189,0.2874,False
docker_test_10.yml,java_antlr,190,0.2395,False
docker_test_10.yml,java_antlr,191,0.2804,False
docker_test_10.yml,java_antlr,192,1.8269,False
docker_test_10.yml,java_antlr,193,0.245,False
docker_test_10.yml,java_antlr,194,0.244,False
docker_test_10.yml,java_antlr,195,0.3545,False
docker_test_10.yml,java_antlr,196,0.2146,False
docker_test_10.yml,java_antlr,197,0.2252,False
docker_test_10.yml,java_antlr,198,0.234,False
docker_test_10.yml,java_antlr,199,0.2266,False
docker_test_2.yml,java_antlr,0,0.3964,False
docker_test_2.yml,java_antlr,1,0.2384,False
docker_test_2.yml,java_antlr,2,0.2469,False
docker_test_2.yml,java_antlr,3,0.2678,False
docker_test_2.yml,java_antlr,4,0.3432,False
docker_test_2.yml,java_antlr,5,0.2243,False
docker_test_2.yml,java_antlr,6,0.2026,False
docker_test_2.yml,java_antlr,7,0.2086,False
docker_test_2.yml,java_antlr,8,0.2104,False
docker_test_2.yml,java_antlr,9,0.2083,False
docker_test_2.yml,java_antlr,10,0.1997,False
docker_test_2.yml,java_antlr,11,0.1919,False
docker_test_2.yml,java_antlr,12,0.1964,False
docker_test_2.yml,java_antlr,13,0.2012,False
docker_test_2.yml,java_antlr,14,0.307,False
docker_test_2.yml,java_antlr,15,0.2107,False
docker_test_2.yml,java_antlr,16,0.1993,False
docker_test_2.yml,java_antlr,17,0.213,False
docker_test_2.yml,java_antlr,18,0.2183,False
docker_test_2.yml,java_antlr,19,0.2083,False
docker_test_2.yml,java_antlr,20,0.2247,False
docker_test_2.yml,java_antlr,21,0.2322,False
docker_test_2.yml,java_antlr,22,0.3251,False
docker_test_2.yml,java_antlr,23,0.6247,False
docker_test_2.yml,java_antlr,24,0.2304,False
docker_test_2.yml,java_antlr,25,0.2157,False
docker_test_2.yml,java_antlr,26,0.3067,False
docker_test_2.yml,java_antlr,27,0.2674,False
docker_test_2.yml,java_antlr,28,0.2265,False
docker_test_2.yml,java_antlr,29,0.2059,False
docker_test_2.yml,java_antlr,30,0.1917,False
docker_test_2.yml,java_antlr,31,0.2053,False
docker_test_2.yml,java_antlr,32,0.185,False
docker_test_2.yml,java_antlr,33,0.1912,False
docker_test_2.yml,java_antlr,34,0.1857,False
docker_test_2.yml,java_antlr,35,0.1838,False
docker_test_2.yml,java_antlr,36,0.1867,False
docker_test_2.yml,java_antlr,37,0.1916,False
docker_test_2.yml,java_antlr,38,0.2246,False
docker_test_2.yml,java_antlr,39,0.2008,False
docker_test_2.yml,java_antlr,40,0.2203,False
docker_test_2.yml,java_antlr,41,0.26,False
docker_test_2.yml,java_antlr,42,0.2151,False
docker_test_2.yml,java_antlr,43,0.247,False
docker_test_2.yml,java_antlr,44,0.2169,False
docker_test_2.yml,java_antlr,45,0.3908,False
docker_test_2.yml,java_antlr,46,0.2915,False
docker_test_2.yml,java_antlr,47,0.2214,False
docker_test_2.yml,java_antlr,48,0.2876,False
docker_test_2.yml,java_antlr,49,0.2249,False
docker_test_2.yml,java_antlr,50,0.212,False
docker_test_2.yml,java_antlr,51,0.356399,False
docker_test_2.yml,java_antlr,52,0.2211,False
docker_test_2.yml,java_antlr,53,0.2559,False
docker_test_2.yml,java_antlr,54,0.1904,False
docker_test_2.yml,java_antlr,55,0.1876,False
docker_test_2.yml,java_antlr,56,0.174,False
docker_test_2.yml,java_antlr,57,0.1783,False
docker_test_2.yml,java_antlr,58,0.2926,False
docker_test_2.yml,java_antlr,59,0.2801,False
docker_test_2.yml,java_antlr,60,0.3757,False
docker_test_2.yml,java_antlr,61,0.1777,False
docker_test_2.yml,java_antlr,62,0.198,False
docker_test_2.yml,java_antlr,63,0.1824,False
docker_test_2.yml,java_antlr,64,0.1618,False
docker_test_2.yml,java_antlr,65,0.2513,False
docker_test_2.yml,java_antlr,66,0.1779,False
docker_test_2.yml,java_antlr,67,0.1591,False
docker_test_2.yml,java_antlr,68,0.1837,False
docker_test_2.yml,java_antlr,69,0.1734,False
docker_test_2.yml,java_antlr,70,0.2645,False
docker_test_2.yml,java_antlr,71,0.2294,False
docker_test_2.yml,java_antlr,72,0.1896,False
docker_test_2.yml,java_antlr,73,0.3088,False
docker_test_2.yml,java_antlr,74,0.2307,False
docker_test_2.yml,java_antlr,75,0.2125,False
docker_test_2.yml,java_antlr,76,0.1943,False
docker_test_2.yml,java_antlr,77,0.1981,False
docker_test_2.yml,java_antlr,78,0.2026,False
docker_test_2.yml,java_antlr,79,0.2496,False
docker_test_2.yml,java_antlr,80,0.3181,False
docker_test_2.yml,java_antlr,81,0.2252,False
docker_test_2.yml,java_antlr,82,0.295,False
docker_test_2.yml,java_antlr,83,0.2197,False
docker_test_2.yml,java_antlr,84,0.215,False
docker_test_2.yml,java_antlr,85,0.2596,False
docker_test_2.yml,java_antlr,86,0.2253,False
docker_test_2.yml,java_antlr,87,0.2167,False
docker_test_2.yml,java_antlr,88,0.2227,False
docker_test_2.yml,java_antlr,89,0.3434,False
docker_test_2.yml,java_antlr,90,0.2251,False
docker_test_2.yml,java_antlr,91,0.2195,False
docker_test_2.yml,java_antlr,92,0.2272,False
docker_test_2.yml,java_antlr,93,0.2279,False
docker_test_2.yml,java_antlr,94,0.2229,False
docker_test_2.yml,java_antlr,95,1.1841,False
docker_test_2.yml,java_antlr,96,0.1992,False
docker_test_2.yml,java_antlr,97,0.1985,False
docker_test_2.yml,java_antlr,98,0.195,False
docker_test_2.yml,java_antlr,99,0.2924,False
docker_test_2.yml,java_antlr,100,0.1917,False
docker_test_2.yml,java_antlr,101,0.2317,False
docker_test_2.yml,java_antlr,102,0.1944,False
docker_test_2.yml,java_antlr,103,0.2023,False
docker_test_2.yml,java_antlr,104,0.197,False
docker_test_2.yml,java_antlr,105,0.1833,False
docker_test_2.yml,java_antlr,106,0.1922,False
docker_test_2.yml,java_antlr,107,0.2153,False
docker_test_2.yml,java_antlr,108,0.2097,False
docker_test_2.yml,java_antlr,109,0.3824,False
docker_test_2.yml,java_antlr,110,0.2042,False
docker_test_2.yml,java_antlr,111,0.6987,False
docker_test_2.yml,java_antlr,112,0.282,False
docker_test_2.yml,java_antlr,113,0.2986,False
docker_test_2.yml,java_antlr,114,0.3238,False
docker_test_2.yml,java_antlr,115,0.2942,False
docker_test_2.yml,java_antlr,116,0.1956,False
docker_test_2.yml,java_antlr,117,0.2411,False
docker_test_2.yml,java_antlr,118,0.1969,False
docker_test_2.yml,java_antlr,119,0.1757,False
docker_test_2.yml,java_antlr,120,0.2281,False
docker_test_2.yml,java_antlr,121,0.2209,False
docker_test_2.yml,java_antlr,122,0.2611,False
docker_test_2.yml,java_antlr,123,0.191,False
docker_test_2.yml,java_antlr,124,0.3414,False
docker_test_2.yml,java_antlr,125,0.2178,False
docker_test_2.yml,java_antlr,126,0.2206,False
docker_test_2.yml,java_antlr,127,0.2163,False
docker_test_2.yml,java_antlr,128,0.206,False
docker_test_2.yml,java_antlr,129,0.2399,False
docker_test_2.yml,java_antlr,130,0.2181,False
docker_test_2.yml,java_antlr,131,0.2134,False
docker_test_2.yml,java_antlr,132,0.2236,False
docker_test_2.yml,java_antlr,133,0.1966,False
docker_test_2.yml,java_antlr,134,0.3075,False
docker_test_2.yml,java_antlr,135,0.215,False
docker_test_2.yml,java_antlr,136,0.2106,False
docker_test_2.yml,java_antlr,137,0.2571,False
docker_test_2.yml,java_antlr,138,0.271,False
docker_test_2.yml,java_antlr,139,0.2031,False
docker_test_2.yml,java_antlr,140,0.2075,False
docker_test_2.yml,java_antlr,141,0.2176,False
docker_test_2.yml,java_antlr,142,0.2202,False
docker_test_2.yml,java_antlr,143,0.3347,False
docker_test_2.yml,java_antlr,144,0.2511,False
docker_test_2.yml,java_antlr,145,0.2005,False
docker_test_2.yml,java_antlr,146,0.2082,False
docker_test_2.yml,java_antlr,147,0.2311,False
docker_test_2.yml,java_antlr,148,0.2766,False
docker_test_2.yml,java_antlr,149,0.2659,False
docker_test_2.yml,java_antlr,150,0.2425,False
docker_test_2.yml,java_antlr,151,0.322,False
docker_test_2.yml,java_antlr,152,0.4743,False
docker_test_2.yml,java_antlr,153,0.2051,False
docker_test_2.yml,java_antlr,154,0.3345,False
docker_test_2.yml,java_antlr,155,0.2063,False
docker_test_2.yml,java_antlr,156,0.1828,False
docker_test_2.yml,java_antlr,157,0.2284,False
docker_test_2.yml,java_antlr,158,0.1972,False
docker_test_2.yml,java_antlr,159,0.1865,False
docker_test_2.yml,java_antlr,160,0.1914,False
docker_test_2.yml,java_antlr,161,0.5002,False
docker_test_2.yml,java_antlr,162,0.2084,False
docker_test_2.yml,java_antlr,163,0.2099,False
docker_test_2.yml,java_antlr,164,0.3462,False
docker_test_2.yml,java_antlr,165,0.4652,False
docker_test_2.yml,java_antlr,166,0.2163,False
docker_test_2.yml,java_antlr,167,0.2039,False
docker_test_2.yml,java_antlr,168,0.2114,False
docker_test_2.yml,java_antlr,169,0.235,False
docker_test_2.yml,java_antlr,170,0.2147,False
docker_test_2.yml,java_antlr,171,0.2469,False
docker_test_2.yml,java_antlr,172,0.2279,False
docker_test_2.yml,java_antlr,173,1.6564,False
docker_test_2.yml,java_antlr,174,0.2168,False
docker_test_2.yml,java_antlr,175,0.1806,False
docker_test_2.yml,java_antlr,176,0.215,False
docker_test_2.yml,java_antlr,177,0.1993,False
docker_test_2.yml,java_antlr,178,0.2095,False
docker_test_2.yml,java_antlr,179,0.2357,False
docker_test_2.yml,java_antlr,180,0.1949,False
docker_test_2.yml,java_antlr,181,0.2012,False
docker_test_2.yml,java_antlr,182,0.2975,False
docker_test_2.yml,java_antlr,183,1.847899,False
docker_test_2.yml,java_antlr,184,0.3515,False
docker_test_2.yml,java_antlr,185,0.1989,False
docker_test_2.yml,java_antlr,186,0.1935,False
docker_test_2.yml,java_antlr,187,0.1784,False
docker_test_2.yml,java_antlr,188,0.5078,False
docker_test_2.yml,java_antlr,189,1.6776,False
docker_test_2.yml,java_antlr,190,0.3584,False
docker_test_2.yml,java_antlr,191,0.1957,False
docker_test_2.yml,java_antlr,192,0.1858,False
docker_test_2.yml,java_antlr,193,0.1712,False
docker_test_2.yml,java_antlr,194,0.2687,False
docker_test_2.yml,java_antlr,195,0.1772,False
docker_test_2.yml,java_antlr,196,0.2117,False
docker_test_2.yml,java_antlr,197,0.1774,False
docker_test_2.yml,java_antlr,198,0.1655,False
docker_test_2.yml,java_antlr,199,0.1688,False
docker_test_3.yml,java_antlr,0,0.4298,False
docker_test_3.yml,java_antlr,1,0.2318,False
docker_test_3.yml,java_antlr,2,0.2177,False
docker_test_3.yml,java_antlr,3,0.6141,False
docker_test_3.yml,java_antlr,4,0.225,False
docker_test_3.yml,java_antlr,5,0.2022,False
docker_test_3.yml,java_antlr,6,0.1823,False
docker_test_3.yml,java_antlr,7,0.1761,False
docker_test_3.yml,java_antlr,8,0.1731,False
docker_test_3.yml,java_antlr,9,0.1872,False
docker_test_3.yml,java_antlr,10,0.1679,False
docker_test_3.yml,java_antlr,11,0.2124,False
docker_test_3.yml,java_antlr,12,0.2201,False
docker_test_3.yml,java_antlr,13,0.2805,False
docker_test_3.yml,java_antlr,14,0.1836,False
docker_test_3.yml,java_antlr,15,0.1775,False
docker_test_3.yml,java_antlr,16,0.1767,False
docker_test_3.yml,java_antlr,17,0.1809,False
docker_test_3.yml,java_antlr,18,0.2019,False
docker_test_3.yml,java_antlr,19,0.1605,False
docker_test_3.yml,java_antlr,20,0.3823,False
docker_test_3.yml,java_antlr,21,0.2113,False
docker_test_3.yml,java_antlr,22,0.2258,False
docker_test_3.yml,java_antlr,23,1.0529,False
docker_test_3.yml,java_antlr,24,0.1954,False
docker_test_3.yml,java_antlr,25,0.1932,False
docker_test_3.yml,java_antlr,26,0.2181,False
docker_test_3.yml,java_antlr,27,0.1921,False
docker_test_3.yml,java_antlr,28,0.1833,False
docker_test_3.yml,java_antlr,29,0.1711,False
docker_test_3.yml,java_antlr,30,0.1714,False
docker_test_3.yml,java_antlr,31,0.1701,False
docker_test_3.yml,java_antlr,32,0.1616,False
docker_test_3.yml,java_antlr,33,0.2946,False
docker_test_3.yml,java_antlr,34,0.2322,False
docker_test_3.yml,java_antlr,35,0.189,False
docker_test_3.yml,java_antlr,36,0.2703,False
docker_test_3.yml,java_antlr,37,0.2806,False
docker_test_3.yml,java_antlr,38,0.24,False
docker_test_3.yml,java_antlr,39,0.3394,False
docker_test_3.yml,java_antlr,40,0.235,False
docker_test_3.yml,java_antlr,41,0.2035,False
docker_test_3.yml,java_antlr,42,0.2303,False
docker_test_3.yml,java_antlr,43,0.5591,False
docker_test_3.yml,java_antlr,44,0.4581,False
docker_test_3.yml,java_antlr,45,0.2121,False
docker_test_3.yml,java_antlr,46,0.2285,False
docker_test_3.yml,java_antlr,47,0.2478,False
docker_test_3.yml,java_antlr,48,0.1933,False
docker_test_3.yml,java_antlr,49,0.3704,False
docker_test_3.yml,java_antlr,50,0.6323,False
docker_test_3.yml,java_antlr,51,0.2609,False
docker_test_3.yml,java_antlr,52,0.2234,False
docker_test_3.yml,java_antlr,53,0.2151,False
docker_test_3.yml,java_antlr,54,0.2225,False
docker_test_3.yml,java_antlr,55,0.5313,False
docker_test_3.yml,java_antlr,56,0.3062,False
docker_test_3.yml,java_antlr,57,0.1916,False
docker_test_3.yml,java_antlr,58,3.4072,False
docker_test_3.yml,java_antlr,59,0.3873,False
docker_test_3.yml,java_antlr,60,0.2894,False
docker_test_3.yml,java_antlr,61,0.2186,False
docker_test_3.yml,java_antlr,62,0.2101,False
docker_test_3.yml,java_antlr,63,0.2265,False
docker_test_3.yml,java_antlr,64,0.2973,False
docker_test_3.yml,java_antlr,65,0.6919,False
docker_test_3.yml,java_antlr,66,0.2587,False
docker_test_3.yml,java_antlr,67,0.2813,False
docker_test_3.yml,java_antlr,68,0.2111,False
docker_test_3.yml,java_antlr,69,0.2378,False
docker_test_3.yml,java_antlr,70,0.2288,False
docker_test_3.yml,java_antlr,71,0.2054,False
docker_test_3.yml,java_antlr,72,0.1979,False
docker_test_3.yml,java_antlr,73,0.2288,False
docker_test_3.yml,java_antlr,74,0.2071,False
docker_test_3.yml,java_antlr,75,0.1909,False
docker_test_3.yml,java_antlr,76,1.2197,False
docker_test_3.yml,java_antlr,77,0.2659,False
docker_test_3.yml,java_antlr,78,1.1894,False
docker_test_3.yml,java_antlr,79,0.2186,False
docker_test_3.yml,java_antlr,80,0.3321,False
docker_test_3.yml,java_antlr,81,0.2105,False
docker_test_3.yml,java_antlr,82,0.205,False
docker_test_3.yml,java_antlr,83,0.19,False
docker_test_3.yml,java_antlr,84,0.2822,False
docker_test_3.yml,java_antlr,85,0.2445,False
docker_test_3.yml,java_antlr,86,0.2011,False
docker_test_3.yml,java_antlr,87,0.2764,False
docker_test_3.yml,java_antlr,88,0.2841,False
docker_test_3.yml,java_antlr,89,0.1802,False
docker_test_3.yml,java_antlr,90,0.1744,False
docker_test_3.yml,java_antlr,91,0.3778,False
docker_test_3.yml,java_antlr,92,0.222,False
docker_test_3.yml,java_antlr,93,0.208099,False
docker_test_3.yml,java_antlr,94,0.2753,False
docker_test_3.yml,java_antlr,95,0.1889,False
docker_test_3.yml,java_antlr,96,0.3251,False
docker_test_3.yml,java_antlr,97,0.2451,False
docker_test_3.yml,java_antlr,98,0.1636,False
docker_test_3.yml,java_antlr,99,0.146,False
docker_test_3.yml,java_antlr,100,0.1653,False
docker_test_3.yml,java_antlr,101,0.1449,False
docker_test_3.yml,java_antlr,102,0.1852,False
docker_test_3.yml,java_antlr,103,0.2084,False
docker_test_3.yml,java_antlr,104,0.148,False
docker_test_3.yml,java_antlr,105,0.1531,False
docker_test_3.yml,java_antlr,106,0.1384,False
docker_test_3.yml,java_antlr,107,0.1355,False
docker_test_3.yml,java_antlr,108,0.128,False
docker_test_3.yml,java_antlr,109,0.1416,False
docker_test_3.yml,java_antlr,110,0.4997,False
docker_test_3.yml,java_antlr,111,0.2624,False
docker_test_3.yml,java_antlr,112,0.2185,False
docker_test_3.yml,java_antlr,113,0.2705,False
docker_test_3.yml,java_antlr,114,0.2892,False
docker_test_3.yml,java_antlr,115,0.2376,False
docker_test_3.yml,java_antlr,116,0.1783,False
docker_test_3.yml,java_antlr,117,0.1493,False
docker_test_3.yml,java_antlr,118,0.3526,False
docker_test_3.yml,java_antlr,119,0.2224,False
docker_test_3.yml,java_antlr,120,0.1801,False
docker_test_3.yml,java_antlr,121,0.1669,False
docker_test_3.yml,java_antlr,122,0.2509,False
docker_test_3.yml,java_antlr,123,0.1657,False
docker_test_3.yml,java_antlr,124,0.2835,False
docker_test_3.yml,java_antlr,125,0.1833,False
docker_test_3.yml,java_antlr,126,0.1939,False
docker_test_3.yml,java_antlr,127,0.1635,False
docker_test_3.yml,java_antlr,128,0.1552,False
docker_test_3.yml,java_antlr,129,0.1645,False
docker_test_3.yml,java_antlr,130,0.1598,False
docker_test_3.yml,java_antlr,131,0.1918,False
docker_test_3.yml,java_antlr,132,0.2089,False
docker_test_3.yml,java_antlr,133,0.2476,False
docker_test_3.yml,java_antlr,134,0.1898,False
docker_test_3.yml,java_antlr,135,0.1894,False
docker_test_3.yml,java_antlr,136,0.1823,False
docker_test_3.yml,java_antlr,137,0.2248,False
docker_test_3.yml,java_antlr,138,0.1863,False
docker_test_3.yml,java_antlr,139,0.2294,False
docker_test_3.yml,java_antlr,140,0.2048,False
docker_test_3.yml,java_antlr,141,0.239,False
docker_test_3.yml,java_antlr,142,0.213,False
docker_test_3.yml,java_antlr,143,0.1801,False
docker_test_3.yml,java_antlr,144,0.1688,False
docker_test_3.yml,java_antlr,145,0.1616,False
docker_test_3.yml,java_antlr,146,0.1546,False
docker_test_3.yml,java_antlr,147,0.1609,False
docker_test_3.yml,java_antlr,148,0.1729,False
docker_test_3.yml,java_antlr,149,0.2349,False
docker_test_3.yml,java_antlr,150,0.2464,False
docker_test_3.yml,java_antlr,151,3.6199,False
docker_test_3.yml,java_antlr,152,0.3622,False
docker_test_3.yml,java_antlr,153,0.1934,False
docker_test_3.yml,java_antlr,154,0.227,False
docker_test_3.yml,java_antlr,155,0.2148,False
docker_test_3.yml,java_antlr,156,0.1886,False
docker_test_3.yml,java_antlr,157,0.1938,False
docker_test_3.yml,java_antlr,158,0.2115,False
docker_test_3.yml,java_antlr,159,0.215,False
docker_test_3.yml,java_antlr,160,0.1909,False
docker_test_3.yml,java_antlr,161,1.839199,False
docker_test_3.yml,java_antlr,162,0.176,False
docker_test_3.yml,java_antlr,163,0.2144,False
docker_test_3.yml,java_antlr,164,0.1984,False
docker_test_3.yml,java_antlr,165,0.1657,False
docker_test_3.yml,java_antlr,166,0.1741,False
docker_test_3.yml,java_antlr,167,0.2216,False
docker_test_3.yml,java_antlr,168,0.2328,False
docker_test_3.yml,java_antlr,169,0.1825,False
docker_test_3.yml,java_antlr,170,0.1915,False
docker_test_3.yml,java_antlr,171,0.2079,False
docker_test_3.yml,java_antlr,172,0.2002,False
docker_test_3.yml,java_antlr,173,0.2047,False
docker_test_3.yml,java_antlr,174,16.319899,False
docker_test_3.yml,java_antlr,175,0.2274,False
docker_test_3.yml,java_antlr,176,0.2221,False
docker_test_3.yml,java_antlr,177,0.1891,False
docker_test_3.yml,java_antlr,178,0.1577,False
docker_test_3.yml,java_antlr,179,0.160099,False
docker_test_3.yml,java_antlr,180,0.2031,False
docker_test_3.yml,java_antlr,181,0.1521,False
docker_test_3.yml,java_antlr,182,0.1515,False
docker_test_3.yml,java_antlr,183,0.1452,False
docker_test_3.yml,java_antlr,184,0.2058,False
docker_test_3.yml,java_antlr,185,0.1968,False
docker_test_3.yml,java_antlr,186,0.1869,False
docker_test_3.yml,java_antlr,187,0.1705,False
docker_test_3.yml,java_antlr,188,0.1511,False
docker_test_3.yml,java_antlr,189,0.1606,False
docker_test_3.yml,java_antlr,190,0.1918,False
docker_test_3.yml,java_antlr,191,0.2355,False
docker_test_3.yml,java_antlr,192,0.155,False
docker_test_3.yml,java_antlr,193,0.1365,False
docker_test_3.yml,java_antlr,194,0.1787,False
docker_test_3.yml,java_antlr,195,0.1518,False
docker_test_3.yml,java_antlr,196,0.151,False
docker_test_3.yml,java_antlr,197,0.1588,False
docker_test_3.yml,java_antlr,198,0.1527,False
docker_test_3.yml,java_antlr,199,0.1319,False
docker_test_4.yml,java_antlr,0,0.2809,False
docker_test_4.yml,java_antlr,1,0.1691,False
docker_test_4.yml,java_antlr,2,0.152,False
docker_test_4.yml,java_antlr,3,0.1313,False
docker_test_4.yml,java_antlr,4,0.2308,False
docker_test_4.yml,java_antlr,5,0.2148,False
docker_test_4.yml,java_antlr,6,0.1576,False
docker_test_4.yml,java_antlr,7,0.1682,False
docker_test_4.yml,java_antlr,8,0.1374,False
docker_test_4.yml,java_antlr,9,0.1282,False
docker_test_4.yml,java_antlr,10,0.2172,False
docker_test_4.yml,java_antlr,11,0.1785,False
docker_test_4.yml,java_antlr,12,0.1467,False
docker_test_4.yml,java_antlr,13,0.1289,False
docker_test_4.yml,java_antlr,14,0.16,False
docker_test_4.yml,java_antlr,15,0.1276,False
docker_test_4.yml,java_antlr,16,0.1205,False
docker_test_4.yml,java_antlr,17,0.1231,False
docker_test_4.yml,java_antlr,18,0.1476,False
docker_test_4.yml,java_antlr,19,0.1448,False
docker_test_4.yml,java_antlr,20,0.1544,False
docker_test_4.yml,java_antlr,21,0.134,False
docker_test_4.yml,java_antlr,22,0.14,False
docker_test_4.yml,java_antlr,23,0.1051,False
docker_test_4.yml,java_antlr,24,0.2218,False
docker_test_4.yml,java_antlr,25,0.1459,False
docker_test_4.yml,java_antlr,26,0.141,False
docker_test_4.yml,java_antlr,27,0.1361,False
docker_test_4.yml,java_antlr,28,0.161,False
docker_test_4.yml,java_antlr,29,0.1339,False
docker_test_4.yml,java_antlr,30,0.1335,False
docker_test_4.yml,java_antlr,31,0.1314,False
docker_test_4.yml,java_antlr,32,0.1667,False
docker_test_4.yml,java_antlr,33,0.198,False
docker_test_4.yml,java_antlr,34,0.191,False
docker_test_4.yml,java_antlr,35,0.1681,False
docker_test_4.yml,java_antlr,36,0.1773,False
docker_test_4.yml,java_antlr,37,0.1971,False
docker_test_4.yml,java_antlr,38,0.1623,False
docker_test_4.yml,java_antlr,39,0.1522,False
docker_test_4.yml,java_antlr,40,0.1783,False
docker_test_4.yml,java_antlr,41,0.1997,False
docker_test_4.yml,java_antlr,42,0.1604,False
docker_test_4.yml,java_antlr,43,0.1942,False
docker_test_4.yml,java_antlr,44,0.1547,False
docker_test_4.yml,java_antlr,45,0.1195,False
docker_test_4.yml,java_antlr,46,0.1099,False
docker_test_4.yml,java_antlr,47,0.1061,False
docker_test_4.yml,java_antlr,48,0.1057,False
docker_test_4.yml,java_antlr,49,0.104,False
docker_test_4.yml,java_antlr,50,0.1874,False
docker_test_4.yml,java_antlr,51,0.1115,False
docker_test_4.yml,java_antlr,52,0.1748,False
docker_test_4.yml,java_antlr,53,0.1305,False
docker_test_4.yml,java_antlr,54,0.1935,False
docker_test_4.yml,java_antlr,55,0.1381,False
docker_test_4.yml,java_antlr,56,0.13,False
docker_test_4.yml,java_antlr,57,0.1245,False
docker_test_4.yml,java_antlr,58,0.2084,False
docker_test_4.yml,java_antlr,59,0.1611,False
docker_test_4.yml,java_antlr,60,0.1542,False
docker_test_4.yml,java_antlr,61,0.1453,False
docker_test_4.yml,java_antlr,62,0.1492,False
docker_test_4.yml,java_antlr,63,0.1503,False
docker_test_4.yml,java_antlr,64,0.1173,False
docker_test_4.yml,java_antlr,65,0.158,False
docker_test_4.yml,java_antlr,66,0.1263,False
docker_test_4.yml,java_antlr,67,0.1157,False
docker_test_4.yml,java_antlr,68,0.1173,False
docker_test_4.yml,java_antlr,69,0.1103,False
docker_test_4.yml,java_antlr,70,0.1062,False
docker_test_4.yml,java_antlr,71,0.1101,False
docker_test_4.yml,java_antlr,72,0.1049,False
docker_test_4.yml,java_antlr,73,0.1331,False
docker_test_4.yml,java_antlr,74,0.1424,False
docker_test_4.yml,java_antlr,75,0.1576,False
docker_test_4.yml,java_antlr,76,0.1063,False
docker_test_4.yml,java_antlr,77,0.1371,False
docker_test_4.yml,java_antlr,78,0.1051,False
docker_test_4.yml,java_antlr,79,0.1039,False
docker_test_4.yml,java_antlr,80,0.1027,False
docker_test_4.yml,java_antlr,81,0.1028,False
docker_test_4.yml,java_antlr,82,0.1395,False
docker_test_4.yml,java_antlr,83,0.1077,False
docker_test_4.yml,java_antlr,84,0.1033,False
docker_test_4.yml,java_antlr,85,0.1169,False
docker_test_4.yml,java_antlr,86,0.1151,False
docker_test_4.yml,java_antlr,87,1.1876,False
docker_test_4.yml,java_antlr,88,0.1631,False
docker_test_4.yml,java_antlr,89,0.1511,False
docker_test_4.yml,java_antlr,90,0.1943,False
docker_test_4.yml,java_antlr,91,0.1376,False
docker_test_4.yml,java_antlr,92,0.1321,False
docker_test_4.yml,java_antlr,93,0.2376,False
docker_test_4.yml,java_antlr,94,0.1632,False
docker_test_4.yml,java_antlr,95,0.2471,False
docker_test_4.yml,java_antlr,96,0.1718,False
docker_test_4.yml,java_antlr,97,0.1843,False
docker_test_4.yml,java_antlr,98,0.1776,False
docker_test_4.yml,java_antlr,99,0.2025,False
docker_test_4.yml,java_antlr,100,0.1906,False
docker_test_4.yml,java_antlr,101,0.1665,False
docker_test_4.yml,java_antlr,102,0.2084,False
docker_test_4.yml,java_antlr,103,0.1494,False
docker_test_4.yml,java_antlr,104,0.1514,False
docker_test_4.yml,java_antlr,105,0.1495,False
docker_test_4.yml,java_antlr,106,0.1498,False
docker_test_4.yml,java_antlr,107,0.1515,False
docker_test_4.yml,java_antlr,108,0.1848,False
docker_test_4.yml,java_antlr,109,0.1513,False
docker_test_4.yml,java_antlr,110,2.0059,False
docker_test_4.yml,java_antlr,111,0.5561,False
docker_test_4.yml,java_antlr,112,0.1635,False
docker_test_4.yml,java_antlr,113,0.1445,False
docker_test_4.yml,java_antlr,114,0.1429,False
docker_test_4.yml,java_antlr,115,0.1433,False
docker_test_4.yml,java_antlr,116,0.1285,False
docker_test_4.yml,java_antlr,117,0.1736,False
docker_test_4.yml,java_antlr,118,0.129,False
docker_test_4.yml,java_antlr,119,0.1426,False
docker_test_4.yml,java_antlr,120,0.2309,False
docker_test_4.yml,java_antlr,121,0.1813,False
docker_test_4.yml,java_antlr,122,0.184,False
docker_test_4.yml,java_antlr,123,0.1849,False
docker_test_4.yml,java_antlr,124,0.1843,False
docker_test_4.yml,java_antlr,125,0.1653,False
docker_test_4.yml,java_antlr,126,0.1322,False
docker_test_4.yml,java_antlr,127,0.1766,False
docker_test_4.yml,java_antlr,128,0.1448,False
docker_test_4.yml,java_antlr,129,0.1799,False
docker_test_4.yml,java_antlr,130,0.1473,False
docker_test_4.yml,java_antlr,131,0.1449,False
docker_test_4.yml,java_antlr,132,0.1443,False
docker_test_4.yml,java_antlr,133,0.141,False
docker_test_4.yml,java_antlr,134,0.1363,False
docker_test_4.yml,java_antlr,135,2.184399,False
docker_test_4.yml,java_antlr,136,0.3325,False
docker_test_4.yml,java_antlr,137,0.1561,False
docker_test_4.yml,java_antlr,138,0.1419,False
docker_test_4.yml,java_antlr,139,0.1391,False
docker_test_4.yml,java_antlr,140,0.1348,False
docker_test_4.yml,java_antlr,141,0.1381,False
docker_test_4.yml,java_antlr,142,0.1329,False
docker_test_4.yml,java_antlr,143,0.126,False
docker_test_4.yml,java_antlr,144,0.1189,False
docker_test_4.yml,java_antlr,145,0.1297,False
docker_test_4.yml,java_antlr,146,0.1213,False
docker_test_4.yml,java_antlr,147,0.16,False
docker_test_4.yml,java_antlr,148,0.109,False
docker_test_4.yml,java_antlr,149,0.118,False
docker_test_4.yml,java_antlr,150,0.127,False
docker_test_4.yml,java_antlr,151,0.125,False
docker_test_4.yml,java_antlr,152,0.1381,False
docker_test_4.yml,java_antlr,153,0.1339,False
docker_test_4.yml,java_antlr,154,0.1297,False
docker_test_4.yml,java_antlr,155,0.1731,False
docker_test_4.yml,java_antlr,156,0.1382,False
docker_test_4.yml,java_antlr,157,0.1579,False
docker_test_4.yml,java_antlr,158,0.1561,False
docker_test_4.yml,java_antlr,159,0.1383,False
docker_test_4.yml,java_antlr,160,0.1467,False
docker_test_4.yml,java_antlr,161,0.1346,False
docker_test_4.yml,java_antlr,162,0.183,False
docker_test_4.yml,java_antlr,163,0.1511,False
docker_test_4.yml,java_antlr,164,0.1455,False
docker_test_4.yml,java_antlr,165,0.132,False
docker_test_4.yml,java_antlr,166,0.1299,False
docker_test_4.yml,java_antlr,167,0.2181,False
docker_test_4.yml,java_antlr,168,0.1307,False
docker_test_4.yml,java_antlr,169,0.1314,False
docker_test_4.yml,java_antlr,170,0.1289,False
docker_test_4.yml,java_antlr,171,0.1397,False
docker_test_4.yml,java_antlr,172,0.1566,False
docker_test_4.yml,java_antlr,173,0.1157,False
docker_test_4.yml,java_antlr,174,0.146,False
docker_test_4.yml,java_antlr,175,0.1115,False
docker_test_4.yml,java_antlr,176,0.1133,False
docker_test_4.yml,java_antlr,177,0.1176,False
docker_test_4.yml,java_antlr,178,0.1247,False
docker_test_4.yml,java_antlr,179,0.1298,False
docker_test_4.yml,java_antlr,180,0.099,False
docker_test_4.yml,java_antlr,181,0.1002,False
docker_test_4.yml,java_antlr,182,0.0967,False
docker_test_4.yml,java_antlr,183,0.09,False
docker_test_4.yml,java_antlr,184,0.0917,False
docker_test_4.yml,java_antlr,185,0.0918,False
docker_test_4.yml,java_antlr,186,0.103,False
docker_test_4.yml,java_antlr,187,0.1146,False
docker_test_4.yml,java_antlr,188,0.1977,False
docker_test_4.yml,java_antlr,189,0.1844,False
docker_test_4.yml,java_antlr,190,0.1195,False
docker_test_4.yml,java_antlr,191,0.1058,False
docker_test_4.yml,java_antlr,192,0.0979,False
docker_test_4.yml,java_antlr,193,0.1725,False
docker_test_4.yml,java_antlr,194,0.1046,False
docker_test_4.yml,java_antlr,195,0.0954,False
docker_test_4.yml,java_antlr,196,0.0934,False
docker_test_4.yml,java_antlr,197,0.0937,False
docker_test_4.yml,java_antlr,198,0.0947,False
docker_test_4.yml,java_antlr,199,0.1236,False
docker_test_5.yml,java_antlr,0,0.2252,False
docker_test_5.yml,java_antlr,1,0.1377,False
docker_test_5.yml,java_antlr,2,0.1139,False
docker_test_5.yml,java_antlr,3,0.1036,False
docker_test_5.yml,java_antlr,4,0.0973,False
docker_test_5.yml,java_antlr,5,0.0921,False
docker_test_5.yml,java_antlr,6,0.0938,False
docker_test_5.yml,java_antlr,7,0.0947,False
docker_test_5.yml,java_antlr,8,0.0915,False
docker_test_5.yml,java_antlr,9,0.1334,False
docker_test_5.yml,java_antlr,10,0.0936,False
docker_test_5.yml,java_antlr,11,0.0929,False
docker_test_5.yml,java_antlr,12,0.1159,False
docker_test_5.yml,java_antlr,13,0.2102,False
docker_test_5.yml,java_antlr,14,0.4028,False
docker_test_5.yml,java_antlr,15,0.2149,False
docker_test_5.yml,java_antlr,16,0.1278,False
docker_test_5.yml,java_antlr,17,0.1655,False
docker_test_5.yml,java_antlr,18,0.1145,False
docker_test_5.yml,java_antlr,19,0.1111,False
docker_test_5.yml,java_antlr,20,0.1189,False
docker_test_5.yml,java_antlr,21,0.1081,False
docker_test_5.yml,java_antlr,22,0.1105,False
docker_test_5.yml,java_antlr,23,0.3519,False
docker_test_5.yml,java_antlr,24,0.3289,False
docker_test_5.yml,java_antlr,25,0.1464,False
docker_test_5.yml,java_antlr,26,0.1325,False
docker_test_5.yml,java_antlr,27,0.1916,False
docker_test_5.yml,java_antlr,28,0.7232,False
docker_test_5.yml,java_antlr,29,0.2508,False
docker_test_5.yml,java_antlr,30,0.18,False
docker_test_5.yml,java_antlr,31,0.2973,False
docker_test_5.yml,java_antlr,32,0.2067,False
docker_test_5.yml,java_antlr,33,0.215,False
docker_test_5.yml,java_antlr,34,0.3042,False
docker_test_5.yml,java_antlr,35,0.1394,False
docker_test_5.yml,java_antlr,36,0.1674,False
docker_test_5.yml,java_antlr,37,0.1535,False
docker_test_5.yml,java_antlr,38,0.2424,False
docker_test_5.yml,java_antlr,39,0.145,False
docker_test_5.yml,java_antlr,40,0.2058,False
docker_test_5.yml,java_antlr,41,0.2224,False
docker_test_5.yml,java_antlr,42,0.124,False
docker_test_5.yml,java_antlr,43,0.1992,False
docker_test_5.yml,java_antlr,44,0.1525,False
docker_test_5.yml,java_antlr,45,0.1519,False
docker_test_5.yml,java_antlr,46,0.2137,False
docker_test_5.yml,java_antlr,47,0.1909,False
docker_test_5.yml,java_antlr,48,0.1374,False
docker_test_5.yml,java_antlr,49,0.1397,False
docker_test_5.yml,java_antlr,50,0.1644,False
docker_test_5.yml,java_antlr,51,0.1499,False
docker_test_5.yml,java_antlr,52,0.0861,False
docker_test_5.yml,java_antlr,53,0.1069,False
docker_test_5.yml,java_antlr,54,0.088,False
docker_test_5.yml,java_antlr,55,0.0793,False
docker_test_5.yml,java_antlr,56,0.085,False
docker_test_5.yml,java_antlr,57,0.0871,False
docker_test_5.yml,java_antlr,58,0.117,False
docker_test_5.yml,java_antlr,59,0.107,False
docker_test_5.yml,java_antlr,60,0.2196,False
docker_test_5.yml,java_antlr,61,0.1125,False
docker_test_5.yml,java_antlr,62,0.1016,False
docker_test_5.yml,java_antlr,63,0.1198,False
docker_test_5.yml,java_antlr,64,0.0952,False
docker_test_5.yml,java_antlr,65,0.1018,False
docker_test_5.yml,java_antlr,66,0.0955,False
docker_test_5.yml,java_antlr,67,0.102,False
docker_test_5.yml,java_antlr,68,0.0971,False
docker_test_5.yml,java_antlr,69,0.0945,False
docker_test_5.yml,java_antlr,70,0.0942,False
docker_test_5.yml,java_antlr,71,1.4366,False
docker_test_5.yml,java_antlr,72,0.1447,False
docker_test_5.yml,java_antlr,73,0.1951,False
docker_test_5.yml,java_antlr,74,0.1203,False
docker_test_5.yml,java_antlr,75,0.1769,False
docker_test_5.yml,java_antlr,76,0.1063,False
docker_test_5.yml,java_antlr,77,0.1082,False
docker_test_5.yml,java_antlr,78,0.1137,False
docker_test_5.yml,java_antlr,79,0.1094,False
docker_test_5.yml,java_antlr,80,0.116,False
docker_test_5.yml,java_antlr,81,0.1126,False
docker_test_5.yml,java_antlr,82,0.1407,False
docker_test_5.yml,java_antlr,83,0.1383,False
docker_test_5.yml,java_antlr,84,0.1047,False
docker_test_5.yml,java_antlr,85,0.0957,False
docker_test_5.yml,java_antlr,86,0.0917,False
docker_test_5.yml,java_antlr,87,0.2164,False
docker_test_5.yml,java_antlr,88,0.1368,False
docker_test_5.yml,java_antlr,89,0.124499,False
docker_test_5.yml,java_antlr,90,0.1204,False
docker_test_5.yml,java_antlr,91,0.1291,False
docker_test_5.yml,java_antlr,92,0.0974,False
docker_test_5.yml,java_antlr,93,0.1104,False
docker_test_5.yml,java_antlr,94,0.1102,False
docker_test_5.yml,java_antlr,95,0.1144,False
docker_test_5.yml,java_antlr,96,0.1534,False
docker_test_5.yml,java_antlr,97,0.1084,False
docker_test_5.yml,java_antlr,98,0.1213,False
docker_test_5.yml,java_antlr,99,0.1517,False
docker_test_5.yml,java_antlr,100,0.1087,False
docker_test_5.yml,java_antlr,101,0.1098,False
docker_test_5.yml,java_antlr,102,0.1031,False
docker_test_5.yml,java_antlr,103,0.1084,False
docker_test_5.yml,java_antlr,104,0.0979,False
docker_test_5.yml,java_antlr,105,0.1011,False
docker_test_5.yml,java_antlr,106,0.1055,False
docker_test_5.yml,java_antlr,107,0.1096,False
docker_test_5.yml,java_antlr,108,0.1118,False
docker_test_5.yml,java_antlr,109,0.1067,False
docker_test_5.yml,java_antlr,110,0.0972,False
docker_test_5.yml,java_antlr,111,0.3669,False
docker_test_5.yml,java_antlr,112,0.2106,False
docker_test_5.yml,java_antlr,113,0.1289,False
docker_test_5.yml,java_antlr,114,0.1169,False
docker_test_5.yml,java_antlr,115,0.1112,False
docker_test_5.yml,java_antlr,116,0.0826,False
docker_test_5.yml,java_antlr,117,0.0745,False
docker_test_5.yml,java_antlr,118,0.0706,False
docker_test_5.yml,java_antlr,119,0.0705,False
docker_test_5.yml,java_antlr,120,0.069,False
docker_test_5.yml,java_antlr,121,0.0699,False
docker_test_5.yml,java_antlr,122,0.0709,False
docker_test_5.yml,java_antlr,123,0.1748,False
docker_test_5.yml,java_antlr,124,0.1172,False
docker_test_5.yml,java_antlr,125,0.1101,False
docker_test_5.yml,java_antlr,126,0.0728,False
docker_test_5.yml,java_antlr,127,0.0821,False
docker_test_5.yml,java_antlr,128,0.0945,False
docker_test_5.yml,java_antlr,129,0.0778,False
docker_test_5.yml,java_antlr,130,0.0733,False
docker_test_5.yml,java_antlr,131,0.0714,False
docker_test_5.yml,java_antlr,132,0.0703,False
docker_test_5.yml,java_antlr,133,0.0704,False
docker_test_5.yml,java_antlr,134,0.1056,False
docker_test_5.yml,java_antlr,135,0.0858,False
docker_test_5.yml,java_antlr,136,0.1324,False
docker_test_5.yml,java_antlr,137,0.0898,False
docker_test_5.yml,java_antlr,138,0.0747,False
docker_test_5.yml,java_antlr,139,0.0862,False
docker_test_5.yml,java_antlr,140,0.0847,False
docker_test_5.yml,java_antlr,141,0.0731,False
docker_test_5.yml,java_antlr,142,0.0698,False
docker_test_5.yml,java_antlr,143,0.074,False
docker_test_5.yml,java_antlr,144,0.1309,False
docker_test_5.yml,java_antlr,145,0.1778,False
docker_test_5.yml,java_antlr,146,0.1173,False
docker_test_5.yml,java_antlr,147,0.0817,False
docker_test_5.yml,java_antlr,148,0.078,False
docker_test_5.yml,java_antlr,149,0.1103,False
docker_test_5.yml,java_antlr,150,0.1051,False
docker_test_5.yml,java_antlr,151,0.1653,False
docker_test_5.yml,java_antlr,152,0.1421,False
docker_test_5.yml,java_antlr,153,0.0928,False
docker_test_5.yml,java_antlr,154,0.0986,False
docker_test_5.yml,java_antlr,155,0.0942,False
docker_test_5.yml,java_antlr,156,0.0956,False
docker_test_5.yml,java_antlr,157,0.1736,False
docker_test_5.yml,java_antlr,158,0.0975,False
docker_test_5.yml,java_antlr,159,0.1223,False
docker_test_5.yml,java_antlr,160,0.0812,False
docker_test_5.yml,java_antlr,161,0.0907,False
docker_test_5.yml,java_antlr,162,0.091,False
docker_test_5.yml,java_antlr,163,0.0897,False
docker_test_5.yml,java_antlr,164,0.1111,False
docker_test_5.yml,java_antlr,165,0.1083,False
docker_test_5.yml,java_antlr,166,0.1201,False
docker_test_5.yml,java_antlr,167,0.1409,False
docker_test_5.yml,java_antlr,168,0.108,False
docker_test_5.yml,java_antlr,169,0.1021,False
docker_test_5.yml,java_antlr,170,0.1108,False
docker_test_5.yml,java_antlr,171,0.1071,False
docker_test_5.yml,java_antlr,172,0.099499,False
docker_test_5.yml,java_antlr,173,0.2156,False
docker_test_5.yml,java_antlr,174,0.1335,False
docker_test_5.yml,java_antlr,175,0.1237,False
docker_test_5.yml,java_antlr,176,0.1061,False
docker_test_5.yml,java_antlr,177,0.131,False
docker_test_5.yml,java_antlr,178,0.1381,False
docker_test_5.yml,java_antlr,179,0.0745,False
docker_test_5.yml,java_antlr,180,0.1033,False
docker_test_5.yml,java_antlr,181,0.065,False
docker_test_5.yml,java_antlr,182,0.0615,False
docker_test_5.yml,java_antlr,183,0.0601,False
docker_test_5.yml,java_antlr,184,0.0614,False
docker_test_5.yml,java_antlr,185,0.0595,False
docker_test_5.yml,java_antlr,186,0.0587,False
docker_test_5.yml,java_antlr,187,0.059,False
docker_test_5.yml,java_antlr,188,0.1431,False
docker_test_5.yml,java_antlr,189,0.0622,False
docker_test_5.yml,java_antlr,190,0.0595,False
docker_test_5.yml,java_antlr,191,0.0587,False
docker_test_5.yml,java_antlr,192,0.2123,False
docker_test_5.yml,java_antlr,193,0.0792,False
docker_test_5.yml,java_antlr,194,0.1476,False
docker_test_5.yml,java_antlr,195,0.1189,False
docker_test_5.yml,java_antlr,196,0.1103,False
docker_test_5.yml,java_antlr,197,0.1327,False
docker_test_5.yml,java_antlr,198,0.1082,False
docker_test_5.yml,java_antlr,199,0.0833,False
docker_test_6.yml,java_antlr,0,0.2849,False
docker_test_6.yml,java_antlr,1,0.1122,False
docker_test_6.yml,java_antlr,2,0.1035,False
docker_test_6.yml,java_antlr,3,0.0657,False
docker_test_6.yml,java_antlr,4,0.0615,False
docker_test_6.yml,java_antlr,5,0.0606,False
docker_test_6.yml,java_antlr,6,0.0609,False
docker_test_6.yml,java_antlr,7,0.0584,False
docker_test_6.yml,java_antlr,8,0.1249,False
docker_test_6.yml,java_antlr,9,0.0628,False
docker_test_6.yml,java_antlr,10,0.0591,False
docker_test_6.yml,java_antlr,11,0.0586,False
docker_test_6.yml,java_antlr,12,0.0587,False
docker_test_6.yml,java_antlr,13,0.0579,False
docker_test_6.yml,java_antlr,14,0.1167,False
docker_test_6.yml,java_antlr,15,0.1528,False
docker_test_6.yml,java_antlr,16,0.0811,False
docker_test_6.yml,java_antlr,17,0.1022,False
docker_test_6.yml,java_antlr,18,0.0643,False
docker_test_6.yml,java_antlr,19,0.0673,False
docker_test_6.yml,java_antlr,20,0.0923,False
docker_test_6.yml,java_antlr,21,0.0811,False
docker_test_6.yml,java_antlr,22,0.0658,False
docker_test_6.yml,java_antlr,23,0.0643,False
docker_test_6.yml,java_antlr,24,0.1179,False
docker_test_6.yml,java_antlr,25,0.0621,False
docker_test_6.yml,java_antlr,26,0.0607,False
docker_test_6.yml,java_antlr,27,0.0595,False
docker_test_6.yml,java_antlr,28,0.0642,False
docker_test_6.yml,java_antlr,29,0.0606,False
docker_test_6.yml,java_antlr,30,0.0611,False
docker_test_6.yml,java_antlr,31,0.0614,False
docker_test_6.yml,java_antlr,32,0.0605,False
docker_test_6.yml,java_antlr,33,0.0679,False
docker_test_6.yml,java_antlr,34,0.0721,False
docker_test_6.yml,java_antlr,35,0.0613,False
docker_test_6.yml,java_antlr,36,0.1178,False
docker_test_6.yml,java_antlr,37,0.0669,False
docker_test_6.yml,java_antlr,38,0.0612,False
docker_test_6.yml,java_antlr,39,0.0658,False
docker_test_6.yml,java_antlr,40,0.06,False
docker_test_6.yml,java_antlr,41,0.0591,False
docker_test_6.yml,java_antlr,42,0.0587,False
docker_test_6.yml,java_antlr,43,0.0591,False
docker_test_6.yml,java_antlr,44,0.0593,False
docker_test_6.yml,java_antlr,45,0.0707,False
docker_test_6.yml,java_antlr,46,0.0587,False
docker_test_6.yml,java_antlr,47,0.1003,False
docker_test_6.yml,java_antlr,48,0.0589,False
docker_test_6.yml,java_antlr,49,0.0628,False
docker_test_6.yml,java_antlr,50,0.0595,False
docker_test_6.yml,java_antlr,51,0.0591,False
docker_test_6.yml,java_antlr,52,0.0581,False
docker_test_6.yml,java_antlr,53,0.0582,False
docker_test_6.yml,java_antlr,54,0.0622,False
docker_test_6.yml,java_antlr,55,0.0592,False
docker_test_6.yml,java_antlr,56,0.0614,False
docker_test_6.yml,java_antlr,57,0.1253,False
docker_test_6.yml,java_antlr,58,0.1557,False
docker_test_6.yml,java_antlr,59,0.078,False
docker_test_6.yml,java_antlr,60,0.0992,False
docker_test_6.yml,java_antlr,61,0.0916,False
docker_test_6.yml,java_antlr,62,0.0737,False
docker_test_6.yml,java_antlr,63,0.0682,False
docker_test_6.yml,java_antlr,64,0.0619,False
docker_test_6.yml,java_antlr,65,0.1004,False
docker_test_6.yml,java_antlr,66,0.0642,False
docker_test_6.yml,java_antlr,67,0.089,False
docker_test_6.yml,java_antlr,68,0.0698,False
docker_test_6.yml,java_antlr,69,0.0602,False
docker_test_6.yml,java_antlr,70,0.0589,False
docker_test_6.yml,java_antlr,71,0.0593,False
docker_test_6.yml,java_antlr,72,0.0582,False
docker_test_6.yml,java_antlr,73,0.0611,False
docker_test_6.yml,java_antlr,74,0.0595,False
docker_test_6.yml,java_antlr,75,0.0895,False
docker_test_6.yml,java_antlr,76,0.0582,False
docker_test_6.yml,java_antlr,77,0.0584,False
docker_test_6.yml,java_antlr,78,0.0831,False
docker_test_6.yml,java_antlr,79,0.073,False
docker_test_6.yml,java_antlr,80,0.1299,False
docker_test_6.yml,java_antlr,81,0.093,False
docker_test_6.yml,java_antlr,82,0.0704,False
docker_test_6.yml,java_antlr,83,0.0938,False
docker_test_6.yml,java_antlr,84,0.0696,False
docker_test_6.yml,java_antlr,85,0.1518,False
docker_test_6.yml,java_antlr,86,0.1405,False
docker_test_6.yml,java_antlr,87,0.1082,False
docker_test_6.yml,java_antlr,88,0.0693,False
docker_test_6.yml,java_antlr,89,0.0846,False
docker_test_6.yml,java_antlr,90,0.0686,False
docker_test_6.yml,java_antlr,91,0.0634,False
docker_test_6.yml,java_antlr,92,0.1388,False
docker_test_6.yml,java_antlr,93,0.0884,False
docker_test_6.yml,java_antlr,94,0.0923,False
docker_test_6.yml,java_antlr,95,0.1727,False
docker_test_6.yml,java_antlr,96,0.1241,False
docker_test_6.yml,java_antlr,97,0.0809,False
docker_test_6.yml,java_antlr,98,0.0949,False
docker_test_6.yml,java_antlr,99,0.0725,False
docker_test_6.yml,java_antlr,100,0.0646,False
docker_test_6.yml,java_antlr,101,0.0933,False
docker_test_6.yml,java_antlr,102,0.0602,False
docker_test_6.yml,java_antlr,103,0.0599,False
docker_test_6.yml,java_antlr,104,0.0569,False
docker_test_6.yml,java_antlr,105,0.0683,False
docker_test_6.yml,java_antlr,106,0.0597,False
docker_test_6.yml,java_antlr,107,0.0597,False
docker_test_6.yml,java_antlr,108,0.0635,False
docker_test_6.yml,java_antlr,109,0.0611,False
docker_test_6.yml,java_antlr,110,0.0572,False
docker_test_6.yml,java_antlr,111,0.059,False
docker_test_6.yml,java_antlr,112,0.0588,False
docker_test_6.yml,java_antlr,113,0.0568,False
docker_test_6.yml,java_antlr,114,0.2714,False
docker_test_6.yml,java_antlr,115,0.1256,False
docker_test_6.yml,java_antlr,116,0.075,False
docker_test_6.yml,java_antlr,117,0.0882,False
docker_test_6.yml,java_antlr,118,0.0662,False
docker_test_6.yml,java_antlr,119,0.0807,False
docker_test_6.yml,java_antlr,120,0.0601,False
docker_test_6.yml,java_antlr,121,0.0591,False
docker_test_6.yml,java_antlr,122,0.1435,False
docker_test_6.yml,java_antlr,123,0.0861,False
docker_test_6.yml,java_antlr,124,0.086,False
docker_test_6.yml,java_antlr,125,0.1279,False
docker_test_6.yml,java_antlr,126,0.1648,False
docker_test_6.yml,java_antlr,127,0.1095,False
docker_test_6.yml,java_antlr,128,0.1,False
docker_test_6.yml,java_antlr,129,0.0959,False
docker_test_6.yml,java_antlr,130,0.0859,False
docker_test_6.yml,java_antlr,131,0.0907,False
docker_test_6.yml,java_antlr,132,0.0941,False
docker_test_6.yml,java_antlr,133,0.221,False
docker_test_6.yml,java_antlr,134,0.1491,False
docker_test_6.yml,java_antlr,135,0.0926,False
docker_test_6.yml,java_antlr,136,0.0657,False
docker_test_6.yml,java_antlr,137,0.0961,False
docker_test_6.yml,java_antlr,138,0.0701,False
docker_test_6.yml,java_antlr,139,0.0742,False
docker_test_6.yml,java_antlr,140,0.0614,False
docker_test_6.yml,java_antlr,141,0.0638,False
docker_test_6.yml,java_antlr,142,0.0617,False
docker_test_6.yml,java_antlr,143,0.0904,False
docker_test_6.yml,java_antlr,144,0.0584,False
docker_test_6.yml,java_antlr,145,0.059,False
docker_test_6.yml,java_antlr,146,0.0783,False
docker_test_6.yml,java_antlr,147,0.1248,False
docker_test_6.yml,java_antlr,148,0.1205,False
docker_test_6.yml,java_antlr,149,0.1256,False
docker_test_6.yml,java_antlr,150,0.1306,False
docker_test_6.yml,java_antlr,151,0.1177,False
docker_test_6.yml,java_antlr,152,0.1377,False
docker_test_6.yml,java_antlr,153,0.0927,False
docker_test_6.yml,java_antlr,154,0.104,False
docker_test_6.yml,java_antlr,155,0.1052,False
docker_test_6.yml,java_antlr,156,0.1,False
docker_test_6.yml,java_antlr,157,0.1138,False
docker_test_6.yml,java_antlr,158,0.0819,False
docker_test_6.yml,java_antlr,159,0.1097,False
docker_test_6.yml,java_antlr,160,0.1135,False
docker_test_6.yml,java_antlr,161,0.1113,False
docker_test_6.yml,java_antlr,162,0.1004,False
docker_test_6.yml,java_antlr,163,0.093,False
docker_test_6.yml,java_antlr,164,0.0816,False
docker_test_6.yml,java_antlr,165,0.0785,False
docker_test_6.yml,java_antlr,166,0.0761,False
docker_test_6.yml,java_antlr,167,0.077,False
docker_test_6.yml,java_antlr,168,0.0764,False
docker_test_6.yml,java_antlr,169,0.0762,False
docker_test_6.yml,java_antlr,170,0.0652,False
docker_test_6.yml,java_antlr,171,0.0792,False
docker_test_6.yml,java_antlr,172,0.0773,False
docker_test_6.yml,java_antlr,173,0.1239,False
docker_test_6.yml,java_antlr,174,0.1652,False
docker_test_6.yml,java_antlr,175,0.1207,False
docker_test_6.yml,java_antlr,176,0.1477,False
docker_test_6.yml,java_antlr,177,0.0987,False
docker_test_6.yml,java_antlr,178,0.086,False
docker_test_6.yml,java_antlr,179,0.0932,False
docker_test_6.yml,java_antlr,180,0.0841,False
docker_test_6.yml,java_antlr,181,0.1489,False
docker_test_6.yml,java_antlr,182,0.1519,False
docker_test_6.yml,java_antlr,183,0.1279,False
docker_test_6.yml,java_antlr,184,0.0924,False
docker_test_6.yml,java_antlr,185,0.1129,False
docker_test_6.yml,java_antlr,186,0.1232,False
docker_test_6.yml,java_antlr,187,0.0897,False
docker_test_6.yml,java_antlr,188,0.1154,False
docker_test_6.yml,java_antlr,189,0.0858,False
docker_test_6.yml,java_antlr,190,0.0822,False
docker_test_6.yml,java_antlr,191,0.08,False
docker_test_6.yml,java_antlr,192,0.078,False
docker_test_6.yml,java_antlr,193,0.1076,False
docker_test_6.yml,java_antlr,194,0.1268,False
docker_test_6.yml,java_antlr,195,0.1224,False
docker_test_6.yml,java_antlr,196,0.1266,False
docker_test_6.yml,java_antlr,197,0.1029,False
docker_test_6.yml,java_antlr,198,0.1165,False
docker_test_6.yml,java_antlr,199,0.1263,False
docker_test_7.yml,java_antlr,0,0.1911,False
docker_test_7.yml,java_antlr,1,0.0971,False
docker_test_7.yml,java_antlr,2,0.1041,False
docker_test_7.yml,java_antlr,3,0.0869,False
docker_test_7.yml,java_antlr,4,0.0831,False
docker_test_7.yml,java_antlr,5,0.1191,False
docker_test_7.yml,java_antlr,6,0.0828,False
docker_test_7.yml,java_antlr,7,0.1132,False
docker_test_7.yml,java_antlr,8,0.0767,False
docker_test_7.yml,java_antlr,9,0.0854,False
docker_test_7.yml,java_antlr,10,0.1067,False
docker_test_7.yml,java_antlr,11,0.1169,False
docker_test_7.yml,java_antlr,12,0.1087,False
docker_test_7.yml,java_antlr,13,0.1447,False
docker_test_7.yml,java_antlr,14,0.1744,False
docker_test_7.yml,java_antlr,15,0.1565,False
docker_test_7.yml,java_antlr,16,0.0885,False
docker_test_7.yml,java_antlr,17,0.1003,False
docker_test_7.yml,java_antlr,18,0.0864,False
docker_test_7.yml,java_antlr,19,0.0835,False
docker_test_7.yml,java_antlr,20,0.079,False
docker_test_7.yml,java_antlr,21,0.0687,False
docker_test_7.yml,java_antlr,22,0.0818,False
docker_test_7.yml,java_antlr,23,0.0777,False
docker_test_7.yml,java_antlr,24,0.0967,False
docker_test_7.yml,java_antlr,25,0.0755,False
docker_test_7.yml,java_antlr,26,0.076,False
docker_test_7.yml,java_antlr,27,0.13,False
docker_test_7.yml,java_antlr,28,0.1455,False
docker_test_7.yml,java_antlr,29,0.1105,False
docker_test_7.yml,java_antlr,30,0.1433,False
docker_test_7.yml,java_antlr,31,0.1016,False
docker_test_7.yml,java_antlr,32,0.1094,False
docker_test_7.yml,java_antlr,33,0.1437,False
docker_test_7.yml,java_antlr,34,0.1265,False
docker_test_7.yml,java_antlr,35,0.1321,False
docker_test_7.yml,java_antlr,36,0.1282,False
docker_test_7.yml,java_antlr,37,0.1208,False
docker_test_7.yml,java_antlr,38,0.1373,False
docker_test_7.yml,java_antlr,39,0.0895,False
docker_test_7.yml,java_antlr,40,0.0847,False
docker_test_7.yml,java_antlr,41,0.0822,False
docker_test_7.yml,java_antlr,42,0.0799,False
docker_test_7.yml,java_antlr,43,0.0782,False
docker_test_7.yml,java_antlr,44,0.0825,False
docker_test_7.yml,java_antlr,45,0.0812,False
docker_test_7.yml,java_antlr,46,0.0686,False
docker_test_7.yml,java_antlr,47,0.084,False
docker_test_7.yml,java_antlr,48,0.0778,False
docker_test_7.yml,java_antlr,49,0.0788,False
docker_test_7.yml,java_antlr,50,0.0839,False
docker_test_7.yml,java_antlr,51,0.0775,False
docker_test_7.yml,java_antlr,52,0.0754,False
docker_test_7.yml,java_antlr,53,0.1445,False
docker_test_7.yml,java_antlr,54,0.1476,False
docker_test_7.yml,java_antlr,55,0.1548,False
docker_test_7.yml,java_antlr,56,0.1231,False
docker_test_7.yml,java_antlr,57,0.1261,False
docker_test_7.yml,java_antlr,58,0.1258,False
docker_test_7.yml,java_antlr,59,0.0971,False
docker_test_7.yml,java_antlr,60,0.0938,False
docker_test_7.yml,java_antlr,61,0.0871,False
docker_test_7.yml,java_antlr,62,0.1464,False
docker_test_7.yml,java_antlr,63,0.106,False
docker_test_7.yml,java_antlr,64,0.0919,False
docker_test_7.yml,java_antlr,65,0.1136,False
docker_test_7.yml,java_antlr,66,0.0804,False
docker_test_7.yml,java_antlr,67,0.1121,False
docker_test_7.yml,java_antlr,68,0.075599,False
docker_test_7.yml,java_antlr,69,0.1078,False
docker_test_7.yml,java_antlr,70,0.0678,False
docker_test_7.yml,java_antlr,71,0.1086,False
docker_test_7.yml,java_antlr,72,0.0809,False
docker_test_7.yml,java_antlr,73,0.0803,False
docker_test_7.yml,java_antlr,74,0.0759,False
docker_test_7.yml,java_antlr,75,0.076,False
docker_test_7.yml,java_antlr,76,0.0764,False
docker_test_7.yml,java_antlr,77,0.0756,False
docker_test_7.yml,java_antlr,78,0.0744,False
docker_test_7.yml,java_antlr,79,0.1456,False
docker_test_7.yml,java_antlr,80,0.1149,False
docker_test_7.yml,java_antlr,81,0.1513,False
docker_test_7.yml,java_antlr,82,0.1918,False
docker_test_7.yml,java_antlr,83,0.22,False
docker_test_7.yml,java_antlr,84,0.1588,False
docker_test_7.yml,java_antlr,85,0.1561,False
docker_test_7.yml,java_antlr,86,0.0967,False
docker_test_7.yml,java_antlr,87,0.0913,False
docker_test_7.yml,java_antlr,88,0.133,False
docker_test_7.yml,java_antlr,89,0.1442,False
docker_test_7.yml,java_antlr,90,0.1045,False
docker_test_7.yml,java_antlr,91,0.0864,False
docker_test_7.yml,java_antlr,92,0.1703,False
docker_test_7.yml,java_antlr,93,0.0849,False
docker_test_7.yml,java_antlr,94,0.1169,False
docker_test_7.yml,java_antlr,95,0.0802,False
docker_test_7.yml,java_antlr,96,0.1509,False
docker_test_7.yml,java_antlr,97,0.1182,False
docker_test_7.yml,java_antlr,98,0.0982,False
docker_test_7.yml,java_antlr,99,0.171,False
docker_test_7.yml,java_antlr,100,0.1621,False
docker_test_7.yml,java_antlr,101,0.1177,False
docker_test_7.yml,java_antlr,102,0.1218,False
docker_test_7.yml,java_antlr,103,0.1152,False
docker_test_7.yml,java_antlr,104,0.4451,False
docker_test_7.yml,java_antlr,105,0.1194,False
docker_test_7.yml,java_antlr,106,0.1172,False
docker_test_7.yml,java_antlr,107,0.0918,False
docker_test_7.yml,java_antlr,108,0.1329,False
docker_test_7.yml,java_antlr,109,0.0929,False
docker_test_7.yml,java_antlr,110,0.1086,False
docker_test_7.yml,java_antlr,111,0.1142,False
docker_test_7.yml,java_antlr,112,0.112,False
docker_test_7.yml,java_antlr,113,0.1434,False
docker_test_7.yml,java_antlr,114,0.0841,False
docker_test_7.yml,java_antlr,115,0.0763,False
docker_test_7.yml,java_antlr,116,0.1145,False
docker_test_7.yml,java_antlr,117,0.1092,False
docker_test_7.yml,java_antlr,118,0.1067,False
docker_test_7.yml,java_antlr,119,0.1244,False
docker_test_7.yml,java_antlr,120,0.2974,False
docker_test_7.yml,java_antlr,121,0.1257,False
docker_test_7.yml,java_antlr,122,0.0908,False
docker_test_7.yml,java_antlr,123,0.0727,False
docker_test_7.yml,java_antlr,124,0.0914,False
docker_test_7.yml,java_antlr,125,0.0699,False
docker_test_7.yml,java_antlr,126,0.0622,False
docker_test_7.yml,java_antlr,127,0.1577,False
docker_test_7.yml,java_antlr,128,0.0895,False
docker_test_7.yml,java_antlr,129,0.0838,False
docker_test_7.yml,java_antlr,130,0.0833,False
docker_test_7.yml,java_antlr,131,0.0844,False
docker_test_7.yml,java_antlr,132,0.074,False
docker_test_7.yml,java_antlr,133,0.1232,False
docker_test_7.yml,java_antlr,134,0.089,False
docker_test_7.yml,java_antlr,135,0.0933,False
docker_test_7.yml,java_antlr,136,0.0912,False
docker_test_7.yml,java_antlr,137,0.0597,False
docker_test_7.yml,java_antlr,138,0.1402,False
docker_test_7.yml,java_antlr,139,0.1164,False
docker_test_7.yml,java_antlr,140,0.0942,False
docker_test_7.yml,java_antlr,141,0.0699,False
docker_test_7.yml,java_antlr,142,0.1568,False
docker_test_7.yml,java_antlr,143,0.0868,False
docker_test_7.yml,java_antlr,144,0.0843,False
docker_test_7.yml,java_antlr,145,0.2396,False
docker_test_7.yml,java_antlr,146,0.1157,False
docker_test_7.yml,java_antlr,147,0.1208,False
docker_test_7.yml,java_antlr,148,1.7764,False
docker_test_7.yml,java_antlr,149,0.1199,False
docker_test_7.yml,java_antlr,150,0.1062,False
docker_test_7.yml,java_antlr,151,0.1071,False
docker_test_7.yml,java_antlr,152,0.0915,False
docker_test_7.yml,java_antlr,153,0.0924,False
docker_test_7.yml,java_antlr,154,0.0883,False
docker_test_7.yml,java_antlr,155,0.0916,False
docker_test_7.yml,java_antlr,156,0.1252,False
docker_test_7.yml,java_antlr,157,0.0926,False
docker_test_7.yml,java_antlr,158,0.087,False
docker_test_7.yml,java_antlr,159,0.0822,False
docker_test_7.yml,java_antlr,160,0.086,False
docker_test_7.yml,java_antlr,161,0.098,False
docker_test_7.yml,java_antlr,162,0.2144,False
docker_test_7.yml,java_antlr,163,0.1043,False
docker_test_7.yml,java_antlr,164,0.0918,False
docker_test_7.yml,java_antlr,165,0.0722,False
docker_test_7.yml,java_antlr,166,0.0656,False
docker_test_7.yml,java_antlr,167,0.0626,False
docker_test_7.yml,java_antlr,168,0.0631,False
docker_test_7.yml,java_antlr,169,0.062,False
docker_test_7.yml,java_antlr,170,0.062,False
docker_test_7.yml,java_antlr,171,0.0637,False
docker_test_7.yml,java_antlr,172,0.0618,False
docker_test_7.yml,java_antlr,173,0.1447,False
docker_test_7.yml,java_antlr,174,0.1254,False
docker_test_7.yml,java_antlr,175,0.1396,False
docker_test_7.yml,java_antlr,176,0.1187,False
docker_test_7.yml,java_antlr,177,0.1198,False
docker_test_7.yml,java_antlr,178,0.1341,False
docker_test_7.yml,java_antlr,179,0.1281,False
docker_test_7.yml,java_antlr,180,0.129,False
docker_test_7.yml,java_antlr,181,0.24,False
docker_test_7.yml,java_antlr,182,0.1126,False
docker_test_7.yml,java_antlr,183,0.0898,False
docker_test_7.yml,java_antlr,184,0.0844,False
docker_test_7.yml,java_antlr,185,0.0794,False
docker_test_7.yml,java_antlr,186,0.0819,False
docker_test_7.yml,java_antlr,187,0.0896,False
docker_test_7.yml,java_antlr,188,0.0813,False
docker_test_7.yml,java_antlr,189,0.0768,False
docker_test_7.yml,java_antlr,190,0.1285,False
docker_test_7.yml,java_antlr,191,0.1219,False
docker_test_7.yml,java_antlr,192,0.0719,False
docker_test_7.yml,java_antlr,193,0.0662,False
docker_test_7.yml,java_antlr,194,0.0615,False
docker_test_7.yml,java_antlr,195,0.0977,False
docker_test_7.yml,java_antlr,196,0.1091,False
docker_test_7.yml,java_antlr,197,0.066,False
docker_test_7.yml,java_antlr,198,0.1401,False
docker_test_7.yml,java_antlr,199,0.0845,False
docker_test_8.yml,java_antlr,0,0.3121,False
docker_test_8.yml,java_antlr,1,0.105,False
docker_test_8.yml,java_antlr,2,0.1027,False
docker_test_8.yml,java_antlr,3,0.0695,False
docker_test_8.yml,java_antlr,4,0.063,False
docker_test_8.yml,java_antlr,5,0.06,False
docker_test_8.yml,java_antlr,6,0.0569,False
docker_test_8.yml,java_antlr,7,0.09,False
docker_test_8.yml,java_antlr,8,0.0579,False
docker_test_8.yml,java_antlr,9,0.0591,False
docker_test_8.yml,java_antlr,10,0.0576,False
docker_test_8.yml,java_antlr,11,0.0567,False
docker_test_8.yml,java_antlr,12,0.0592,False
docker_test_8.yml,java_antlr,13,0.0581,False
docker_test_8.yml,java_antlr,14,0.0562,False
docker_test_8.yml,java_antlr,15,0.0579,False
docker_test_8.yml,java_antlr,16,0.0566,False
docker_test_8.yml,java_antlr,17,0.056,False
docker_test_8.yml,java_antlr,18,0.0905,False
docker_test_8.yml,java_antlr,19,0.0563,False
docker_test_8.yml,java_antlr,20,0.0567,False
docker_test_8.yml,java_antlr,21,0.0704,False
docker_test_8.yml,java_antlr,22,0.0594,False
docker_test_8.yml,java_antlr,23,0.0558,False
docker_test_8.yml,java_antlr,24,0.0567,False
docker_test_8.yml,java_antlr,25,0.0652,False
docker_test_8.yml,java_antlr,26,0.0961,False
docker_test_8.yml,java_antlr,27,0.0597,False
docker_test_8.yml,java_antlr,28,0.0588,False
docker_test_8.yml,java_antlr,29,0.0574,False
docker_test_8.yml,java_antlr,30,0.0589,False
docker_test_8.yml,java_antlr,31,0.0571,False
docker_test_8.yml,java_antlr,32,0.0577,False
docker_test_8.yml,java_antlr,33,0.0565,False
docker_test_8.yml,java_antlr,34,0.0639,False
docker_test_8.yml,java_antlr,35,0.0603,False
docker_test_8.yml,java_antlr,36,0.0568,False
docker_test_8.yml,java_antlr,37,0.0594,False
docker_test_8.yml,java_antlr,38,0.1109,False
docker_test_8.yml,java_antlr,39,0.1303,False
docker_test_8.yml,java_antlr,40,0.1563,False
docker_test_8.yml,java_antlr,41,0.1092,False
docker_test_8.yml,java_antlr,42,0.073,False
docker_test_8.yml,java_antlr,43,0.0645,False
docker_test_8.yml,java_antlr,44,0.0596,False
docker_test_8.yml,java_antlr,45,0.0691,False
docker_test_8.yml,java_antlr,46,0.0594,False
docker_test_8.yml,java_antlr,47,0.0623,False
docker_test_8.yml,java_antlr,48,0.0607,False
docker_test_8.yml,java_antlr,49,0.0579,False
docker_test_8.yml,java_antlr,50,0.0582,False
docker_test_8.yml,java_antlr,51,0.0582,False
docker_test_8.yml,java_antlr,52,0.089,False
docker_test_8.yml,java_antlr,53,0.0579,False
docker_test_8.yml,java_antlr,54,0.0618,False
docker_test_8.yml,java_antlr,55,0.0578,False
docker_test_8.yml,java_antlr,56,0.0582,False
docker_test_8.yml,java_antlr,57,0.0593,False
docker_test_8.yml,java_antlr,58,0.0569,False
docker_test_8.yml,java_antlr,59,0.0563,False
docker_test_8.yml,java_antlr,60,0.1186,False
docker_test_8.yml,java_antlr,61,0.0931,False
docker_test_8.yml,java_antlr,62,0.067,False
docker_test_8.yml,java_antlr,63,0.0593,False
docker_test_8.yml,java_antlr,64,0.0558,False
docker_test_8.yml,java_antlr,65,0.087999,False
docker_test_8.yml,java_antlr,66,0.0567,False
docker_test_8.yml,java_antlr,67,0.0571,False
docker_test_8.yml,java_antlr,68,0.0591,False
docker_test_8.yml,java_antlr,69,0.0591,False
docker_test_8.yml,java_antlr,70,0.0586,False
docker_test_8.yml,java_antlr,71,0.0551,False
docker_test_8.yml,java_antlr,72,0.0598,False
docker_test_8.yml,java_antlr,73,0.0602,False
docker_test_8.yml,java_antlr,74,0.0589,False
docker_test_8.yml,java_antlr,75,0.125,False
docker_test_8.yml,java_antlr,76,0.1109,False
docker_test_8.yml,java_antlr,77,0.081,False
docker_test_8.yml,java_antlr,78,0.0682,False
docker_test_8.yml,java_antlr,79,0.0615,False
docker_test_8.yml,java_antlr,80,0.0593,False
docker_test_8.yml,java_antlr,81,0.0588,False
docker_test_8.yml,java_antlr,82,0.0582,False
docker_test_8.yml,java_antlr,83,0.0658,False
docker_test_8.yml,java_antlr,84,0.0563,False
docker_test_8.yml,java_antlr,85,0.0582,False
docker_test_8.yml,java_antlr,86,0.0571,False
docker_test_8.yml,java_antlr,87,0.0565,False
docker_test_8.yml,java_antlr,88,0.0579,False
docker_test_8.yml,java_antlr,89,0.0879,False
docker_test_8.yml,java_antlr,90,0.0594,False
docker_test_8.yml,java_antlr,91,0.0566,False
docker_test_8.yml,java_antlr,92,0.0666,False
docker_test_8.yml,java_antlr,93,0.0589,False
docker_test_8.yml,java_antlr,94,0.0614,False
docker_test_8.yml,java_antlr,95,0.0597,False
docker_test_8.yml,java_antlr,96,0.0578,False
docker_test_8.yml,java_antlr,97,0.0583,False
docker_test_8.yml,java_antlr,98,0.0567,False
docker_test_8.yml,java_antlr,99,0.1108,False
docker_test_8.yml,java_antlr,100,0.0766,False
docker_test_8.yml,java_antlr,101,0.0726,False
docker_test_8.yml,java_antlr,102,0.065,False
docker_test_8.yml,java_antlr,103,0.0818,False
docker_test_8.yml,java_antlr,104,0.063,False
docker_test_8.yml,java_antlr,105,0.0581,False
docker_test_8.yml,java_antlr,106,0.0606,False
docker_test_8.yml,java_antlr,107,0.0573,False
docker_test_8.yml,java_antlr,108,0.0571,False
docker_test_8.yml,java_antlr,109,0.0567,False
docker_test_8.yml,java_antlr,110,0.0575,False
docker_test_8.yml,java_antlr,111,0.0878,False
docker_test_8.yml,java_antlr,112,0.0608,False
docker_test_8.yml,java_antlr,113,0.0918,False
docker_test_8.yml,java_antlr,114,0.0608,False
docker_test_8.yml,java_antlr,115,0.1281,False
docker_test_8.yml,java_antlr,116,0.0961,False
docker_test_8.yml,java_antlr,117,0.0877,False
docker_test_8.yml,java_antlr,118,0.123,False
docker_test_8.yml,java_antlr,119,0.0923,False
docker_test_8.yml,java_antlr,120,0.0799,False
docker_test_8.yml,java_antlr,121,0.0779,False
docker_test_8.yml,java_antlr,122,0.0809,False
docker_test_8.yml,java_antlr,123,0.0747,False
docker_test_8.yml,java_antlr,124,0.0714,False
docker_test_8.yml,java_antlr,125,0.1303,False
docker_test_8.yml,java_antlr,126,0.0715,False
docker_test_8.yml,java_antlr,127,0.0608,False
docker_test_8.yml,java_antlr,128,0.1161,False
docker_test_8.yml,java_antlr,129,0.1233,False
docker_test_8.yml,java_antlr,130,0.137,False
docker_test_8.yml,java_antlr,131,0.0922,False
docker_test_8.yml,java_antlr,132,0.0862,False
docker_test_8.yml,java_antlr,133,0.0788,False
docker_test_8.yml,java_antlr,134,0.1018,False
docker_test_8.yml,java_antlr,135,0.0699,False
docker_test_8.yml,java_antlr,136,0.1021,False
docker_test_8.yml,java_antlr,137,0.0746,False
docker_test_8.yml,java_antlr,138,0.0635,False
docker_test_8.yml,java_antlr,139,0.0683,False
docker_test_8.yml,java_antlr,140,0.059,False
docker_test_8.yml,java_antlr,141,0.0577,False
docker_test_8.yml,java_antlr,142,0.1168,False
docker_test_8.yml,java_antlr,143,0.1159,False
docker_test_8.yml,java_antlr,144,0.111,False
docker_test_8.yml,java_antlr,145,0.1248,False
docker_test_8.yml,java_antlr,146,0.2585,False
docker_test_8.yml,java_antlr,147,0.0854,False
docker_test_8.yml,java_antlr,148,0.0645,False
docker_test_8.yml,java_antlr,149,0.0893,False
docker_test_8.yml,java_antlr,150,0.0653,False
docker_test_8.yml,java_antlr,151,0.0938,False
docker_test_8.yml,java_antlr,152,0.0586,False
docker_test_8.yml,java_antlr,153,0.0576,False
docker_test_8.yml,java_antlr,154,0.0564,False
docker_test_8.yml,java_antlr,155,0.0951,False
docker_test_8.yml,java_antlr,156,0.2657,False
docker_test_8.yml,java_antlr,157,0.085,False
docker_test_8.yml,java_antlr,158,0.0633,False
docker_test_8.yml,java_antlr,159,0.0994,False
docker_test_8.yml,java_antlr,160,0.0586,False
docker_test_8.yml,java_antlr,161,0.0563,False
docker_test_8.yml,java_antlr,162,0.056,False
docker_test_8.yml,java_antlr,163,0.0672,False
docker_test_8.yml,java_antlr,164,0.0583,False
docker_test_8.yml,java_antlr,165,0.0578,False
docker_test_8.yml,java_antlr,166,0.0584,False
docker_test_8.yml,java_antlr,167,0.0563,False
docker_test_8.yml,java_antlr,168,0.065,False
docker_test_8.yml,java_antlr,169,0.0605,False
docker_test_8.yml,java_antlr,170,0.1279,False
docker_test_8.yml,java_antlr,171,0.0838,False
docker_test_8.yml,java_antlr,172,0.0821,False
docker_test_8.yml,java_antlr,173,0.0745,False
docker_test_8.yml,java_antlr,174,0.1149,False
docker_test_8.yml,java_antlr,175,0.1524,False
docker_test_8.yml,java_antlr,176,0.1246,False
docker_test_8.yml,java_antlr,177,0.11,False
docker_test_8.yml,java_antlr,178,0.1243,False
docker_test_8.yml,java_antlr,179,0.1108,False
docker_test_8.yml,java_antlr,180,0.0741,False
docker_test_8.yml,java_antlr,181,0.0646,False
docker_test_8.yml,java_antlr,182,0.0994,False
docker_test_8.yml,java_antlr,183,0.0774,False
docker_test_8.yml,java_antlr,184,0.0624,False
docker_test_8.yml,java_antlr,185,0.0615,False
docker_test_8.yml,java_antlr,186,0.058,False
docker_test_8.yml,java_antlr,187,0.0576,False
docker_test_8.yml,java_antlr,188,0.0563,False
docker_test_8.yml,java_antlr,189,0.0564,False
docker_test_8.yml,java_antlr,190,0.0665,False
docker_test_8.yml,java_antlr,191,0.1873,False
docker_test_8.yml,java_antlr,192,0.1144,False
docker_test_8.yml,java_antlr,193,0.0835,False
docker_test_8.yml,java_antlr,194,0.0853,False
docker_test_8.yml,java_antlr,195,0.0732,False
docker_test_8.yml,java_antlr,196,0.0717,False
docker_test_8.yml,java_antlr,197,0.0666,False
docker_test_8.yml,java_antlr,198,0.0682,False
docker_test_8.yml,java_antlr,199,0.0696,False
docker_test_9.yml,java_antlr,0,0.2382,False
docker_test_9.yml,java_antlr,1,0.1615,False
docker_test_9.yml,java_antlr,2,0.0749,False
docker_test_9.yml,java_antlr,3,0.0638,False
docker_test_9.yml,java_antlr,4,0.1556,False
docker_test_9.yml,java_antlr,5,0.1154,False
docker_test_9.yml,java_antlr,6,0.1168,False
docker_test_9.yml,java_antlr,7,0.1416,False
docker_test_9.yml,java_antlr,8,0.096,False
docker_test_9.yml,java_antlr,9,0.1165,False
docker_test_9.yml,java_antlr,10,0.0978,False
docker_test_9.yml,java_antlr,11,0.0793,False
docker_test_9.yml,java_antlr,12,0.1377,False
docker_test_9.yml,java_antlr,13,0.1552,False
docker_test_9.yml,java_antlr,14,0.1304,False
docker_test_9.yml,java_antlr,15,0.0699,False
docker_test_9.yml,java_antlr,16,0.0776,False
docker_test_9.yml,java_antlr,17,0.0614,False
docker_test_9.yml,java_antlr,18,0.0579,False
docker_test_9.yml,java_antlr,19,0.0585,False
docker_test_9.yml,java_antlr,20,0.0581,False
docker_test_9.yml,java_antlr,21,0.1254,False
docker_test_9.yml,java_antlr,22,0.0777,False
docker_test_9.yml,java_antlr,23,0.941,False
docker_test_9.yml,java_antlr,24,0.1208,False
docker_test_9.yml,java_antlr,25,0.0863,False
docker_test_9.yml,java_antlr,26,0.1767,False
docker_test_9.yml,java_antlr,27,0.1195,False
docker_test_9.yml,java_antlr,28,0.0992,False
docker_test_9.yml,java_antlr,29,0.0921,False
docker_test_9.yml,java_antlr,30,0.1386,False
docker_test_9.yml,java_antlr,31,0.1127,False
docker_test_9.yml,java_antlr,32,0.1396,False
docker_test_9.yml,java_antlr,33,0.1169,False
docker_test_9.yml,java_antlr,34,0.0697,False
docker_test_9.yml,java_antlr,35,0.1379,False
docker_test_9.yml,java_antlr,36,0.0847,False
docker_test_9.yml,java_antlr,37,0.1154,False
docker_test_9.yml,java_antlr,38,0.0894,False
docker_test_9.yml,java_antlr,39,0.084,False
docker_test_9.yml,java_antlr,40,0.1176,False
docker_test_9.yml,java_antlr,41,0.0883,False
docker_test_9.yml,java_antlr,42,0.0799,False
docker_test_9.yml,java_antlr,43,0.078,False
docker_test_9.yml,java_antlr,44,0.078,False
docker_test_9.yml,java_antlr,45,0.0787,False
docker_test_9.yml,java_antlr,46,0.0755,False
docker_test_9.yml,java_antlr,47,0.0718,False
docker_test_9.yml,java_antlr,48,0.0921,False
docker_test_9.yml,java_antlr,49,0.0884,False
docker_test_9.yml,java_antlr,50,0.0835,False
docker_test_9.yml,java_antlr,51,0.0866,False
docker_test_9.yml,java_antlr,52,0.1063,False
docker_test_9.yml,java_antlr,53,0.0896,False
docker_test_9.yml,java_antlr,54,0.173,False
docker_test_9.yml,java_antlr,55,0.1051,False
docker_test_9.yml,java_antlr,56,0.0933,False
docker_test_9.yml,java_antlr,57,2.219599,False
docker_test_9.yml,java_antlr,58,0.1122,False
docker_test_9.yml,java_antlr,59,0.1037,False
docker_test_9.yml,java_antlr,60,0.1028,False
docker_test_9.yml,java_antlr,61,0.0979,False
docker_test_9.yml,java_antlr,62,0.093,False
docker_test_9.yml,java_antlr,63,0.1214,False
docker_test_9.yml,java_antlr,64,0.2121,False
docker_test_9.yml,java_antlr,65,0.1164,False
docker_test_9.yml,java_antlr,66,0.0858,False
docker_test_9.yml,java_antlr,67,0.0783,False
docker_test_9.yml,java_antlr,68,0.0766,False
docker_test_9.yml,java_antlr,69,0.0664,False
docker_test_9.yml,java_antlr,70,0.0707,False
docker_test_9.yml,java_antlr,71,0.0704,False
docker_test_9.yml,java_antlr,72,0.0922,False
docker_test_9.yml,java_antlr,73,0.0674,False
docker_test_9.yml,java_antlr,74,0.0757,False
docker_test_9.yml,java_antlr,75,0.0758,False
docker_test_9.yml,java_antlr,76,0.183699,False
docker_test_9.yml,java_antlr,77,0.2405,False
docker_test_9.yml,java_antlr,78,0.1056,False
docker_test_9.yml,java_antlr,79,0.1226,False
docker_test_9.yml,java_antlr,80,0.1172,False
docker_test_9.yml,java_antlr,81,0.1073,False
docker_test_9.yml,java_antlr,82,0.1158,False
docker_test_9.yml,java_antlr,83,0.1421,False
docker_test_9.yml,java_antlr,84,0.1098,False
docker_test_9.yml,java_antlr,85,0.5129,False
docker_test_9.yml,java_antlr,86,0.1155,False
docker_test_9.yml,java_antlr,87,0.0873,False
docker_test_9.yml,java_antlr,88,0.1016,False
docker_test_9.yml,java_antlr,89,0.0763,False
docker_test_9.yml,java_antlr,90,0.0737,False
docker_test_9.yml,java_antlr,91,0.1161,False
docker_test_9.yml,java_antlr,92,0.0866,False
docker_test_9.yml,java_antlr,93,0.107,False
docker_test_9.yml,java_antlr,94,0.1195,False
docker_test_9.yml,java_antlr,95,0.164,False
docker_test_9.yml,java_antlr,96,0.1182,False
docker_test_9.yml,java_antlr,97,0.1197,False
docker_test_9.yml,java_antlr,98,0.1098,False
docker_test_9.yml,java_antlr,99,0.1083,False
docker_test_9.yml,java_antlr,100,0.1133,False
docker_test_9.yml,java_antlr,101,0.0933,False
docker_test_9.yml,java_antlr,102,0.1176,False
docker_test_9.yml,java_antlr,103,0.1196,False
docker_test_9.yml,java_antlr,104,0.1053,False
docker_test_9.yml,java_antlr,105,0.0923,False
docker_test_9.yml,java_antlr,106,0.0924,False
docker_test_9.yml,java_antlr,107,0.1193,False
docker_test_9.yml,java_antlr,108,0.0854,False
docker_test_9.yml,java_antlr,109,0.0868,False
docker_test_9.yml,java_antlr,110,0.0802,False
docker_test_9.yml,java_antlr,111,0.0834,False
docker_test_9.yml,java_antlr,112,0.1,False
docker_test_9.yml,java_antlr,113,0.1301,False
docker_test_9.yml,java_antlr,114,0.1079,False
docker_test_9.yml,java_antlr,115,0.0765,False
docker_test_9.yml,java_antlr,116,0.1162,False
docker_test_9.yml,java_antlr,117,0.0922,False
docker_test_9.yml,java_antlr,118,0.2738,False
docker_test_9.yml,java_antlr,119,0.1003,False
docker_test_9.yml,java_antlr,120,0.0712,False
docker_test_9.yml,java_antlr,121,0.0859,False
docker_test_9.yml,java_antlr,122,0.0647,False
docker_test_9.yml,java_antlr,123,0.0605,False
docker_test_9.yml,java_antlr,124,0.0574,False
docker_test_9.yml,java_antlr,125,0.056,False
docker_test_9.yml,java_antlr,126,0.0538,False
docker_test_9.yml,java_antlr,127,0.0711,False
docker_test_9.yml,java_antlr,128,0.0659,False
docker_test_9.yml,java_antlr,129,0.1391,False
docker_test_9.yml,java_antlr,130,0.1057,False
docker_test_9.yml,java_antlr,131,0.1066,False
docker_test_9.yml,java_antlr,132,0.0883,False
docker_test_9.yml,java_antlr,133,0.0643,False
docker_test_9.yml,java_antlr,134,0.1091,False
docker_test_9.yml,java_antlr,135,0.1488,False
docker_test_9.yml,java_antlr,136,0.1095,False
docker_test_9.yml,java_antlr,137,0.1013,False
docker_test_9.yml,java_antlr,138,0.0656,False
docker_test_9.yml,java_antlr,139,0.0589,False
docker_test_9.yml,java_antlr,140,0.058,False
docker_test_9.yml,java_antlr,141,0.0547,False
docker_test_9.yml,java_antlr,142,0.0557,False
docker_test_9.yml,java_antlr,143,0.0561,False
docker_test_9.yml,java_antlr,144,0.0563,False
docker_test_9.yml,java_antlr,145,0.0545,False
docker_test_9.yml,java_antlr,146,0.0738,False
docker_test_9.yml,java_antlr,147,0.0548,False
docker_test_9.yml,java_antlr,148,0.0554,False
docker_test_9.yml,java_antlr,149,0.0578,False
docker_test_9.yml,java_antlr,150,0.0568,False
docker_test_9.yml,java_antlr,151,0.0657,False
docker_test_9.yml,java_antlr,152,0.0549,False
docker_test_9.yml,java_antlr,153,0.0558,False
docker_test_9.yml,java_antlr,154,0.0547,False
docker_test_9.yml,java_antlr,155,0.0567,False
docker_test_9.yml,java_antlr,156,0.0564,False
docker_test_9.yml,java_antlr,157,0.0574,False
docker_test_9.yml,java_antlr,158,0.0631,False
docker_test_9.yml,java_antlr,159,0.2694,False
docker_test_9.yml,java_antlr,160,0.1001,False
docker_test_9.yml,java_antlr,161,0.0676,False
docker_test_9.yml,java_antlr,162,0.0614,False
docker_test_9.yml,java_antlr,163,0.0587,False
docker_test_9.yml,java_antlr,164,0.056,False
docker_test_9.yml,java_antlr,165,2.2739,False
docker_test_9.yml,java_antlr,166,0.1062,False
docker_test_9.yml,java_antlr,167,0.1089,False
docker_test_9.yml,java_antlr,168,0.1088,False
docker_test_9.yml,java_antlr,169,0.1658,False
docker_test_9.yml,java_antlr,170,0.1461,False
docker_test_9.yml,java_antlr,171,0.0947,False
docker_test_9.yml,java_antlr,172,0.066,False
docker_test_9.yml,java_antlr,173,0.1077,False
docker_test_9.yml,java_antlr,174,0.0684,False
docker_test_9.yml,java_antlr,175,0.0595,False
docker_test_9.yml,java_antlr,176,0.1544,False
docker_test_9.yml,java_antlr,177,0.0846,False
docker_test_9.yml,java_antlr,178,0.0785,False
docker_test_9.yml,java_antlr,179,0.0769,False
docker_test_9.yml,java_antlr,180,0.0779,False
docker_test_9.yml,java_antlr,181,0.0736,False
docker_test_9.yml,java_antlr,182,0.0778,False
docker_test_9.yml,java_antlr,183,0.1114,False
docker_test_9.yml,java_antlr,184,0.0892,False
docker_test_9.yml,java_antlr,185,0.072,False
docker_test_9.yml,java_antlr,186,0.0787,False
docker_test_9.yml,java_antlr,187,0.0562,False
docker_test_9.yml,java_antlr,188,0.0543,False
docker_test_9.yml,java_antlr,189,0.1001,False
docker_test_9.yml,java_antlr,190,0.1369,False
docker_test_9.yml,java_antlr,191,0.1158,False
docker_test_9.yml,java_antlr,192,0.101,False
docker_test_9.yml,java_antlr,193,0.0663,False
docker_test_9.yml,java_antlr,194,0.0557,False
docker_test_9.yml,java_antlr,195,0.0569,False
docker_test_9.yml,java_antlr,196,0.0555,False
docker_test_9.yml,java_antlr,197,0.053,False
docker_test_9.yml,java_antlr,198,0.0541,False
docker_test_9.yml,java_antlr,199,0.0554,False
docker_test_1.yml,c_flexbison,0,0.0046,False
docker_test_1.yml,c_flexbison,1,0.0038,False
docker_test_1.yml,c_flexbison,2,0.0012,False
docker_test_1.yml,c_flexbison,3,0.0009,False
docker_test_1.yml,c_flexbison,4,0.0008,False
docker_test_1.yml,c_flexbison,5,0.0007,False
docker_test_1.yml,c_flexbison,6,0.0007,False
docker_test_1.yml,c_flexbison,7,0.0007,False
docker_test_1.yml,c_flexbison,8,0.0006,False
docker_test_1.yml,c_flexbison,9,0.0006,False
docker_test_1.yml,c_flexbison,10,0.0006,False
docker_test_1.yml,c_flexbison,11,0.0007,False
docker_test_1.yml,c_flexbison,12,0.0007,False
docker_test_1.yml,c_flexbison,13,0.0007,False
docker_test_1.yml,c_flexbison,14,0.0007,False
docker_test_1.yml,c_flexbison,15,0.0006,False
docker_test_1.yml,c_flexbison,16,0.0006,False
docker_test_1.yml,c_flexbison,17,0.0006,False
docker_test_1.yml,c_flexbison,18,0.0007,False
docker_test_1.yml,c_flexbison,19,0.0007,False
docker_test_1.yml,c_flexbison,20,0.0007,False
docker_test_1.yml,c_flexbison,21,0.0007,False
docker_test_1.yml,c_flexbison,22,0.0006,False
docker_test_1.yml,c_flexbison,23,0.0006,False
docker_test_1.yml,c_flexbison,24,0.0006,False
docker_test_1.yml,c_flexbison,25,0.0007,False
docker_test_1.yml,c_flexbison,26,0.0007,False
docker_test_1.yml,c_flexbison,27,0.0007,False
docker_test_1.yml,c_flexbison,28,0.0007,False
docker_test_1.yml,c_flexbison,29,0.0006,False
docker_test_1.yml,c_flexbison,30,0.0006,False
docker_test_1.yml,c_flexbison,31,0.0006,False
docker_test_1.yml,c_flexbison,32,0.0007,False
docker_test_1.yml,c_flexbison,33,0.0007,False
docker_test_1.yml,c_flexbison,34,0.0007,False
docker_test_1.yml,c_flexbison,35,0.0007,False
docker_test_1.yml,c_flexbison,36,0.0007,False
docker_test_1.yml,c_flexbison,37,0.0007,False
docker_test_1.yml,c_flexbison,38,0.0007,False
docker_test_1.yml,c_flexbison,39,0.0007,False
docker_test_1.yml,c_flexbison,40,0.0007,False
docker_test_1.yml,c_flexbison,41,0.0007,False
docker_test_1.yml,c_flexbison,42,0.0007,False
docker_test_1.yml,c_flexbison,43,0.0007,False
docker_test_1.yml,c_flexbison,44,0.0007,False
docker_test_1.yml,c_flexbison,45,0.0006,False
docker_test_1.yml,c_flexbison,46,0.0007,False
docker_test_1.yml,c_flexbison,47,0.0006,False
docker_test_1.yml,c_flexbison,48,0.0006,False
docker_test_1.yml,c_flexbison,49,0.0006,False
docker_test_1.yml,c_flexbison,50,0.0006,False
docker_test_1.yml,c_flexbison,51,0.0006,False
docker_test_1.yml,c_flexbison,52,0.0006,False
docker_test_1.yml,c_flexbison,53,0.0006,False
docker_test_1.yml,c_flexbison,54,0.0006,False
docker_test_1.yml,c_flexbison,55,0.0006,False
docker_test_1.yml,c_flexbison,56,0.0006,False
docker_test_1.yml,c_flexbison,57,0.0006,False
docker_test_1.yml,c_flexbison,58,0.0006,False
docker_test_1.yml,c_flexbison,59,0.0006,False
docker_test_1.yml,c_flexbison,60,0.0006,False
docker_test_1.yml,c_flexbison,61,0.0006,False
docker_test_1.yml,c_flexbison,62,0.0006,False
docker_test_1.yml,c_flexbison,63,0.0006,False
docker_test_1.yml,c_flexbison,64,0.0006,False
docker_test_1.yml,c_flexbison,65,0.0006,False
docker_test_1.yml,c_flexbison,66,0.0006,False
docker_test_1.yml,c_flexbison,67,0.0006,False
docker_test_1.yml,c_flexbison,68,0.0006,False
docker_test_1.yml,c_flexbison,69,0.0007,False
docker_test_1.yml,c_flexbison,70,0.0007,False
docker_test_1.yml,c_flexbison,71,0.0007,False
docker_test_1.yml,c_flexbison,72,0.0006,False
docker_test_1.yml,c_flexbison,73,0.0006,False
docker_test_1.yml,c_flexbison,74,0.0006,False
docker_test_1.yml,c_flexbison,75,0.0006,False
docker_test_1.yml,c_flexbison,76,0.0006,False
docker_test_1.yml,c_flexbison,77,0.0006,False
docker_test_1.yml,c_flexbison,78,0.0007,False
docker_test_1.yml,c_flexbison,79,0.0007,False
docker_test_1.yml,c_flexbison,80,0.0007,False
docker_test_1.yml,c_flexbison,81,0.0006,False
docker_test_1.yml,c_flexbison,82,0.0006,False
docker_test_1.yml,c_flexbison,83,0.0006,False
docker_test_1.yml,c_flexbison,84,0.0006,False
docker_test_1.yml,c_flexbison,85,0.0006,False
docker_test_1.yml,c_flexbison,86,0.0036,False
docker_test_1.yml,c_flexbison,87,0.0012,False
docker_test_1.yml,c_flexbison,88,0.001,False
docker_test_1.yml,c_flexbison,89,0.0007,False
docker_test_1.yml,c_flexbison,90,0.0006,False
docker_test_1.yml,c_flexbison,91,0.0006,False
docker_test_1.yml,c_flexbison,92,0.0007,False
docker_test_1.yml,c_flexbison,93,0.0007,False
docker_test_1.yml,c_flexbison,94,0.0006,False
docker_test_1.yml,c_flexbison,95,0.0006,False
docker_test_1.yml,c_flexbison,96,0.0007,False
docker_test_1.yml,c_flexbison,97,0.0006,False
docker_test_1.yml,c_flexbison,98,0.0007,False
docker_test_1.yml,c_flexbison,99,0.0007,False
docker_test_1.yml,c_flexbison,100,0.0007,False
docker_test_1.yml,c_flexbison,101,0.0006,False
docker_test_1.yml,c_flexbison,102,0.0006,False
docker_test_1.yml,c_flexbison,103,0.0006,False
docker_test_1.yml,c_flexbison,104,0.0007,False
docker_test_1.yml,c_flexbison,105,0.0007,False
docker_test_1.yml,c_flexbison,106,0.0007,False
docker_test_1.yml,c_flexbison,107,0.0007,False
docker_test_1.yml,c_flexbison,108,0.0007,False
docker_test_1.yml,c_flexbison,109,0.0007,False
docker_test_1.yml,c_flexbison,110,0.0007,False
docker_test_1.yml,c_flexbison,111,0.0007,False
docker_test_1.yml,c_flexbison,112,0.0006,False
docker_test_1.yml,c_flexbison,113,0.0006,False
docker_test_1.yml,c_flexbison,114,0.0006,False
docker_test_1.yml,c_flexbison,115,0.0006,False
docker_test_1.yml,c_flexbison,116,0.0006,False
docker_test_1.yml,c_flexbison,117,0.0007,False
docker_test_1.yml,c_flexbison,118,0.0007,False
docker_test_1.yml,c_flexbison,119,0.0007,False
docker_test_1.yml,c_flexbison,120,0.0007,False
docker_test_1.yml,c_flexbison,121,0.0006,False
docker_test_1.yml,c_flexbison,122,0.0006,False
docker_test_1.yml,c_flexbison,123,0.0006,False
docker_test_1.yml,c_flexbison,124,0.0006,False
docker_test_1.yml,c_flexbison,125,0.0006,False
docker_test_1.yml,c_flexbison,126,0.0006,False
docker_test_1.yml,c_flexbison,127,0.0006,False
docker_test_1.yml,c_flexbison,128,0.0006,False
docker_test_1.yml,c_flexbison,129,0.0007,False
docker_test_1.yml,c_flexbison,130,0.0007,False
docker_test_1.yml,c_flexbison,131,0.0007,False
docker_test_1.yml,c_flexbison,132,0.0007,False
docker_test_1.yml,c_flexbison,133,0.0007,False
docker_test_1.yml,c_flexbison,134,0.0007,False
docker_test_1.yml,c_flexbison,135,0.0007,False
docker_test_1.yml,c_flexbison,136,0.0007,False
docker_test_1.yml,c_flexbison,137,0.0007,False
docker_test_1.yml,c_flexbison,138,0.0006,False
docker_test_1.yml,c_flexbison,139,0.0006,False
docker_test_1.yml,c_flexbison,140,0.0006,False
docker_test_1.yml,c_flexbison,141,0.0007,False
docker_test_1.yml,c_flexbison,142,0.0007,False
docker_test_1.yml,c_flexbison,143,0.0007,False
docker_test_1.yml,c_flexbison,144,0.0007,False
docker_test_1.yml,c_flexbison,145,0.0007,False
docker_test_1.yml,c_flexbison,146,0.0007,False
docker_test_1.yml,c_flexbison,147,0.0007,False
docker_test_1.yml,c_flexbison,148,0.0007,False
docker_test_1.yml,c_flexbison,149,0.0007,False
docker_test_1.yml,c_flexbison,150,0.0007,False
docker_test_1.yml,c_flexbison,151,0.0006,False
docker_test_1.yml,c_flexbison,152,0.0006,False
docker_test_1.yml,c_flexbison,153,0.0006,False
docker_test_1.yml,c_flexbison,154,0.0006,False
docker_test_1.yml,c_flexbison,155,0.0006,False
docker_test_1.yml,c_flexbison,156,0.0006,False
docker_test_1.yml,c_flexbison,157,0.0007,False
docker_test_1.yml,c_flexbison,158,0.0007,False
docker_test_1.yml,c_flexbison,159,0.0007,False
docker_test_1.yml,c_flexbison,160,0.0007,False
docker_test_1.yml,c_flexbison,161,0.0007,False
docker_test_1.yml,c_flexbison,162,0.0007,False
docker_test_1.yml,c_flexbison,163,0.0007,False
docker_test_1.yml,c_flexbison,164,0.0007,False
docker_test_1.yml,c_flexbison,165,0.0007,False
docker_test_1.yml,c_flexbison,166,0.0007,False
docker_test_1.yml,c_flexbison,167,0.0007,False
docker_test_1.yml,c_flexbison,168,0.0007,False
docker_test_1.yml,c_flexbison,169,0.0048,False
docker_test_1.yml,c_flexbison,170,0.001,False
docker_test_1.yml,c_flexbison,171,0.0008,False
docker_test_1.yml,c_flexbison,172,0.0006,False
docker_test_1.yml,c_flexbison,173,0.0007,False
docker_test_1.yml,c_flexbison,174,0.0006,False
docker_test_1.yml,c_flexbison,175,0.0007,False
docker_test_1.yml,c_flexbison,176,0.0007,False
docker_test_1.yml,c_flexbison,177,0.0007,False
docker_test_1.yml,c_flexbison,178,0.0007,False
docker_test_1.yml,c_flexbison,179,0.0007,False
docker_test_1.yml,c_flexbison,180,0.0006,False
docker_test_1.yml,c_flexbison,181,0.0007,False
docker_test_1.yml,c_flexbison,182,0.0007,False
docker_test_1.yml,c_flexbison,183,0.0007,False
docker_test_1.yml,c_flexbison,184,0.0007,False
docker_test_1.yml,c_flexbison,185,0.0007,False
docker_test_1.yml,c_flexbison,186,0.0006,False
docker_test_1.yml,c_flexbison,187,0.0006,False
docker_test_1.yml,c_flexbison,188,0.0006,False
docker_test_1.yml,c_flexbison,189,0.0007,False
docker_test_1.yml,c_flexbison,190,0.0007,False
docker_test_1.yml,c_flexbison,191,0.0006,False
docker_test_1.yml,c_flexbison,192,0.0006,False
docker_test_1.yml,c_flexbison,193,0.0006,False
docker_test_1.yml,c_flexbison,194,0.0006,False
docker_test_1.yml,c_flexbison,195,0.0007,False
docker_test_1.yml,c_flexbison,196,0.0007,False
docker_test_1.yml,c_flexbison,197,0.0007,False
docker_test_1.yml,c_flexbison,198,0.0006,False
docker_test_1.yml,c_flexbison,199,0.0007,False
docker_test_10.yml,c_flexbison,0,0.0053,False
docker_test_10.yml,c_flexbison,1,0.0012,False
docker_test_10.yml,c_flexbison,2,0.0009,False
docker_test_10.yml,c_flexbison,3,0.0007,False
docker_test_10.yml,c_flexbison,4,0.0007,False
docker_test_10.yml,c_flexbison,5,0.0007,False
docker_test_10.yml,c_flexbison,6,0.0007,False
docker_test_10.yml,c_flexbison,7,0.0007,False
docker_test_10.yml,c_flexbison,8,0.0007,False
docker_test_10.yml,c_flexbison,9,0.0007,False
docker_test_10.yml,c_flexbison,10,0.0007,False
docker_test_10.yml,c_flexbison,11,0.0006,False
docker_test_10.yml,c_flexbison,12,0.0006,False
docker_test_10.yml,c_flexbison,13,0.0006,False
docker_test_10.yml,c_flexbison,14,0.0006,False
docker_test_10.yml,c_flexbison,15,0.0006,False
docker_test_10.yml,c_flexbison,16,0.0006,False
docker_test_10.yml,c_flexbison,17,0.0006,False
docker_test_10.yml,c_flexbison,18,0.0006,False
docker_test_10.yml,c_flexbison,19,0.0007,False
docker_test_10.yml,c_flexbison,20,0.0007,False
docker_test_10.yml,c_flexbison,21,0.0007,False
docker_test_10.yml,c_flexbison,22,0.0007,False
docker_test_10.yml,c_flexbison,23,0.0007,False
docker_test_10.yml,c_flexbison,24,0.0006,False
docker_test_10.yml,c_flexbison,25,0.0007,False
docker_test_10.yml,c_flexbison,26,0.0006,False
docker_test_10.yml,c_flexbison,27,0.0006,False
docker_test_10.yml,c_flexbison,28,0.0006,False
docker_test_10.yml,c_flexbison,29,0.0006,False
docker_test_10.yml,c_flexbison,30,0.0006,False
docker_test_10.yml,c_flexbison,31,0.0006,False
docker_test_10.yml,c_flexbison,32,0.0006,False
docker_test_10.yml,c_flexbison,33,0.0006,False
docker_test_10.yml,c_flexbison,34,0.0006,False
docker_test_10.yml,c_flexbison,35,0.0007,False
docker_test_10.yml,c_flexbison,36,0.0007,False
docker_test_10.yml,c_flexbison,37,0.0007,False
docker_test_10.yml,c_flexbison,38,0.0007,False
docker_test_10.yml,c_flexbison,39,0.0007,False
docker_test_10.yml,c_flexbison,40,0.0007,False
docker_test_10.yml,c_flexbison,41,0.0007,False
docker_test_10.yml,c_flexbison,42,0.0007,False
docker_test_10.yml,c_flexbison,43,0.0007,False
docker_test_10.yml,c_flexbison,44,0.0007,False
docker_test_10.yml,c_flexbison,45,0.0007,False
docker_test_10.yml,c_flexbison,46,0.0006,False
docker_test_10.yml,c_flexbison,47,0.0006,False
docker_test_10.yml,c_flexbison,48,0.0006,False
docker_test_10.yml,c_flexbison,49,0.0006,False
docker_test_10.yml,c_flexbison,50,0.0006,False
docker_test_10.yml,c_flexbison,51,0.0006,False
docker_test_10.yml,c_flexbison,52,0.0007,False
docker_test_10.yml,c_flexbison,53,0.0031,False
docker_test_10.yml,c_flexbison,54,0.0013,False
docker_test_10.yml,c_flexbison,55,0.0008,False
docker_test_10.yml,c_flexbison,56,0.0006,False
docker_test_10.yml,c_flexbison,57,0.0007,False
docker_test_10.yml,c_flexbison,58,0.0007,False
docker_test_10.yml,c_flexbison,59,0.0007,False
docker_test_10.yml,c_flexbison,60,0.0007,False
docker_test_10.yml,c_flexbison,61,0.0006,False
docker_test_10.yml,c_flexbison,62,0.0006,False
docker_test_10.yml,c_flexbison,63,0.0006,False
docker_test_10.yml,c_flexbison,64,0.0006,False
docker_test_10.yml,c_flexbison,65,0.0007,False
docker_test_10.yml,c_flexbison,66,0.0007,False
docker_test_10.yml,c_flexbison,67,0.0007,False
docker_test_10.yml,c_flexbison,68,0.0007,False
docker_test_10.yml,c_flexbison,69,0.0007,False
docker_test_10.yml,c_flexbison,70,0.0007,False
docker_test_10.yml,c_flexbison,71,0.0007,False
docker_test_10.yml,c_flexbison,72,0.0006,False
docker_test_10.yml,c_flexbison,73,0.0006,False
docker_test_10.yml,c_flexbison,74,0.0006,False
docker_test_10.yml,c_flexbison,75,0.0006,False
docker_test_10.yml,c_flexbison,76,0.0006,False
docker_test_10.yml,c_flexbison,77,0.0006,False
docker_test_10.yml,c_flexbison,78,0.0006,False
docker_test_10.yml,c_flexbison,79,0.0007,False
docker_test_10.yml,c_flexbison,80,0.0007,False
docker_test_10.yml,c_flexbison,81,0.0007,False
docker_test_10.yml,c_flexbison,82,0.0007,False
docker_test_10.yml,c_flexbison,83,0.0007,False
docker_test_10.yml,c_flexbison,84,0.0007,False
docker_test_10.yml,c_flexbison,85,0.0007,False
docker_test_10.yml,c_flexbison,86,0.0007,False
docker_test_10.yml,c_flexbison,87,0.0006,False
docker_test_10.yml,c_flexbison,88,0.0006,False
docker_test_10.yml,c_flexbison,89,0.0006,False
docker_test_10.yml,c_flexbison,90,0.0006,False
docker_test_10.yml,c_flexbison,91,0.0006,False
docker_test_10.yml,c_flexbison,92,0.0006,False
docker_test_10.yml,c_flexbison,93,0.0006,False
docker_test_10.yml,c_flexbison,94,0.0006,False
docker_test_10.yml,c_flexbison,95,0.0006,False
docker_test_10.yml,c_flexbison,96,0.0006,False
docker_test_10.yml,c_flexbison,97,0.0007,False
docker_test_10.yml,c_flexbison,98,0.0007,False
docker_test_10.yml,c_flexbison,99,0.0007,False
docker_test_10.yml,c_flexbison,100,0.0007,False
docker_test_10.yml,c_flexbison,101,0.0007,False
docker_test_10.yml,c_flexbison,102,0.0007,False
docker_test_10.yml,c_flexbison,103,0.0007,False
docker_test_10.yml,c_flexbison,104,0.0007,False
docker_test_10.yml,c_flexbison,105,0.0007,False
docker_test_10.yml,c_flexbison,106,0.0007,False
docker_test_10.yml,c_flexbison,107,0.0007,False
docker_test_10.yml,c_flexbison,108,0.0006,False
docker_test_10.yml,c_flexbison,109,0.0006,False
docker_test_10.yml,c_flexbison,110,0.0006,False
docker_test_10.yml,c_flexbison,111,0.0006,False
docker_test_10.yml,c_flexbison,112,0.0007,False
docker_test_10.yml,c_flexbison,113,0.0007,False
docker_test_10.yml,c_flexbison,114,0.0007,False
docker_test_10.yml,c_flexbison,115,0.0007,False
docker_test_10.yml,c_flexbison,116,0.0007,False
docker_test_10.yml,c_flexbison,117,0.0007,False
docker_test_10.yml,c_flexbison,118,0.0006,False
docker_test_10.yml,c_flexbison,119,0.0007,False
docker_test_10.yml,c_flexbison,120,0.0006,False
docker_test_10.yml,c_flexbison,121,0.0006,False
docker_test_10.yml,c_flexbison,122,0.0006,False
docker_test_10.yml,c_flexbison,123,0.0007,False
docker_test_10.yml,c_flexbison,124,0.0007,False
docker_test_10.yml,c_flexbison,125,0.0007,False
docker_test_10.yml,c_flexbison,126,0.0007,False
docker_test_10.yml,c_flexbison,127,0.0007,False
docker_test_10.yml,c_flexbison,128,0.0006,False
docker_test_10.yml,c_flexbison,129,0.0006,False
docker_test_10.yml,c_flexbison,130,0.0006,False
docker_test_10.yml,c_flexbison,131,0.0006,False
docker_test_10.yml,c_flexbison,132,0.0006,False
docker_test_10.yml,c_flexbison,133,0.0006,False
docker_test_10.yml,c_flexbison,134,0.0006,False
docker_test_10.yml,c_flexbison,135,0.0007,False
docker_test_10.yml,c_flexbison,136,0.0022,False
docker_test_10.yml,c_flexbison,137,0.0008,False
docker_test_10.yml,c_flexbison,138,0.0008,False
docker_test_10.yml,c_flexbison,139,0.0008,False
docker_test_10.yml,c_flexbison,140,0.0006,False
docker_test_10.yml,c_flexbison,141,0.0007,False
docker_test_10.yml,c_flexbison,142,0.0006,False
docker_test_10.yml,c_flexbison,143,0.0007,False
docker_test_10.yml,c_flexbison,144,0.0007,False
docker_test_10.yml,c_flexbison,145,0.0007,False
docker_test_10.yml,c_flexbison,146,0.0007,False
docker_test_10.yml,c_flexbison,147,0.0007,False
docker_test_10.yml,c_flexbison,148,0.0007,False
docker_test_10.yml,c_flexbison,149,0.0006,False
docker_test_10.yml,c_flexbison,150,0.0006,False
docker_test_10.yml,c_flexbison,151,0.0006,False
docker_test_10.yml,c_flexbison,152,0.0006,False
docker_test_10.yml,c_flexbison,153,0.0007,False
docker_test_10.yml,c_flexbison,154,0.0007,False
docker_test_10.yml,c_flexbison,155,0.0007,False
docker_test_10.yml,c_flexbison,156,0.0007,False
docker_test_10.yml,c_flexbison,157,0.0006,False
docker_test_10.yml,c_flexbison,158,0.0007,False
docker_test_10.yml,c_flexbison,159,0.0007,False
docker_test_10.yml,c_flexbison,160,0.0006,False
docker_test_10.yml,c_flexbison,161,0.0006,False
docker_test_10.yml,c_flexbison,162,0.0006,False
docker_test_10.yml,c_flexbison,163,0.0006,False
docker_test_10.yml,c_flexbison,164,0.0006,False
docker_test_10.yml,c_flexbison,165,0.0007,False
docker_test_10.yml,c_flexbison,166,0.0007,False
docker_test_10.yml,c_flexbison,167,0.0007,False
docker_test_10.yml,c_flexbison,168,0.0007,False
docker_test_10.yml,c_flexbison,169,0.0006,False
docker_test_10.yml,c_flexbison,170,0.0007,False
docker_test_10.yml,c_flexbison,171,0.0007,False
docker_test_10.yml,c_flexbison,172,0.0007,False
docker_test_10.yml,c_flexbison,173,0.0007,False
docker_test_10.yml,c_flexbison,174,0.0007,False
docker_test_10.yml,c_flexbison,175,0.0007,False
docker_test_10.yml,c_flexbison,176,0.0007,False
docker_test_10.yml,c_flexbison,177,0.0007,False
docker_test_10.yml,c_flexbison,178,0.0007,False
docker_test_10.yml,c_flexbison,179,0.0006,False
docker_test_10.yml,c_flexbison,180,0.0006,False
docker_test_10.yml,c_flexbison,181,0.0006,False
docker_test_10.yml,c_flexbison,182,0.0006,False
docker_test_10.yml,c_flexbison,183,0.0007,False
docker_test_10.yml,c_flexbison,184,0.0007,False
docker_test_10.yml,c_flexbison,185,0.0007,False
docker_test_10.yml,c_flexbison,186,0.0007,False
docker_test_10.yml,c_flexbison,187,0.0007,False
docker_test_10.yml,c_flexbison,188,0.0007,False
docker_test_10.yml,c_flexbison,189,0.0007,False
docker_test_10.yml,c_flexbison,190,0.0007,False
docker_test_10.yml,c_flexbison,191,0.0007,False
docker_test_10.yml,c_flexbison,192,0.0007,False
docker_test_10.yml,c_flexbison,193,0.0006,False
docker_test_10.yml,c_flexbison,194,0.0006,False
docker_test_10.yml,c_flexbison,195,0.0006,False
docker_test_10.yml,c_flexbison,196,0.0006,False
docker_test_10.yml,c_flexbison,197,0.0006,False
docker_test_10.yml,c_flexbison,198,0.0006,False
docker_test_10.yml,c_flexbison,199,0.0007,False
docker_test_2.yml,c_flexbison,0,0.0033,False
docker_test_2.yml,c_flexbison,1,0.0009,False
docker_test_2.yml,c_flexbison,2,0.0007,False
docker_test_2.yml,c_flexbison,3,0.0007,False
docker_test_2.yml,c_flexbison,4,0.0006,False
docker_test_2.yml,c_flexbison,5,0.0006,False
docker_test_2.yml,c_flexbison,6,0.0007,False
docker_test_2.yml,c_flexbison,7,0.0007,False
docker_test_2.yml,c_flexbison,8,0.0007,False
docker_test_2.yml,c_flexbison,9,0.0007,False
docker_test_2.yml,c_flexbison,10,0.0007,False
docker_test_2.yml,c_flexbison,11,0.0006,False
docker_test_2.yml,c_flexbison,12,0.0006,False
docker_test_2.yml,c_flexbison,13,0.0006,False
docker_test_2.yml,c_flexbison,14,0.0006,False
docker_test_2.yml,c_flexbison,15,0.0007,False
docker_test_2.yml,c_flexbison,16,0.0006,False
docker_test_2.yml,c_flexbison,17,0.0006,False
docker_test_2.yml,c_flexbison,18,0.0006,False
docker_test_2.yml,c_flexbison,19,0.003,False
docker_test_2.yml,c_flexbison,20,0.0009,False
docker_test_2.yml,c_flexbison,21,0.0007,False
docker_test_2.yml,c_flexbison,22,0.0008,False
docker_test_2.yml,c_flexbison,23,0.0007,False
docker_test_2.yml,c_flexbison,24,0.0006,False
docker_test_2.yml,c_flexbison,25,0.0006,False
docker_test_2.yml,c_flexbison,26,0.0006,False
docker_test_2.yml,c_flexbison,27,0.0007,False
docker_test_2.yml,c_flexbison,28,0.0007,False
docker_test_2.yml,c_flexbison,29,0.0006,False
docker_test_2.yml,c_flexbison,30,0.0007,False
docker_test_2.yml,c_flexbison,31,0.0007,False
docker_test_2.yml,c_flexbison,32,0.0007,False
docker_test_2.yml,c_flexbison,33,0.0006,False
docker_test_2.yml,c_flexbison,34,0.0006,False
docker_test_2.yml,c_flexbison,35,0.0007,False
docker_test_2.yml,c_flexbison,36,0.0007,False
docker_test_2.yml,c_flexbison,37,0.0007,False
docker_test_2.yml,c_flexbison,38,0.0006,False
docker_test_2.yml,c_flexbison,39,0.0006,False
docker_test_2.yml,c_flexbison,40,0.0006,False
docker_test_2.yml,c_flexbison,41,0.0006,False
docker_test_2.yml,c_flexbison,42,0.0006,False
docker_test_2.yml,c_flexbison,43,0.0006,False
docker_test_2.yml,c_flexbison,44,0.0006,False
docker_test_2.yml,c_flexbison,45,0.0006,False
docker_test_2.yml,c_flexbison,46,0.0007,False
docker_test_2.yml,c_flexbison,47,0.0007,False
docker_test_2.yml,c_flexbison,48,0.0006,False
docker_test_2.yml,c_flexbison,49,0.0006,False
docker_test_2.yml,c_flexbison,50,0.0007,False
docker_test_2.yml,c_flexbison,51,0.0007,False
docker_test_2.yml,c_flexbison,52,0.0007,False
docker_test_2.yml,c_flexbison,53,0.0007,False
docker_test_2.yml,c_flexbison,54,0.0006,False
docker_test_2.yml,c_flexbison,55,0.0006,False
docker_test_2.yml,c_flexbison,56,0.0006,False
docker_test_2.yml,c_flexbison,57,0.0007,False
docker_test_2.yml,c_flexbison,58,0.0007,False
docker_test_2.yml,c_flexbison,59,0.0007,False
docker_test_2.yml,c_flexbison,60,0.0007,False
docker_test_2.yml,c_flexbison,61,0.0007,False
docker_test_2.yml,c_flexbison,62,0.0007,False
docker_test_2.yml,c_flexbison,63,0.0007,False
docker_test_2.yml,c_flexbison,64,0.0007,False
docker_test_2.yml,c_flexbison,65,0.0007,False
docker_test_2.yml,c_flexbison,66,0.0006,False
docker_test_2.yml,c_flexbison,67,0.0006,False
docker_test_2.yml,c_flexbison,68,0.0006,False
docker_test_2.yml,c_flexbison,69,0.0007,False
docker_test_2.yml,c_flexbison,70,0.0007,False
docker_test_2.yml,c_flexbison,71,0.0007,False
docker_test_2.yml,c_flexbison,72,0.0007,False
docker_test_2.yml,c_flexbison,73,0.0006,False
docker_test_2.yml,c_flexbison,74,0.0006,False
docker_test_2.yml,c_flexbison,75,0.0006,False
docker_test_2.yml,c_flexbison,76,0.0007,False
docker_test_2.yml,c_flexbison,77,0.0006,False
docker_test_2.yml,c_flexbison,78,0.0006,False
docker_test_2.yml,c_flexbison,79,0.0007,False
docker_test_2.yml,c_flexbison,80,0.0007,False
docker_test_2.yml,c_flexbison,81,0.0007,False
docker_test_2.yml,c_flexbison,82,0.0007,False
docker_test_2.yml,c_flexbison,83,0.0006,False
docker_test_2.yml,c_flexbison,84,0.0006,False
docker_test_2.yml,c_flexbison,85,0.0006,False
docker_test_2.yml,c_flexbison,86,0.0006,False
docker_test_2.yml,c_flexbison,87,0.0006,False
docker_test_2.yml,c_flexbison,88,0.0006,False
docker_test_2.yml,c_flexbison,89,0.0006,False
docker_test_2.yml,c_flexbison,90,0.0006,False
docker_test_2.yml,c_flexbison,91,0.0007,False
docker_test_2.yml,c_flexbison,92,0.0007,False
docker_test_2.yml,c_flexbison,93,0.0006,False
docker_test_2.yml,c_flexbison,94,0.0006,False
docker_test_2.yml,c_flexbison,95,0.0006,False
docker_test_2.yml,c_flexbison,96,0.0006,False
docker_test_2.yml,c_flexbison,97,0.0006,False
docker_test_2.yml,c_flexbison,98,0.0006,False
docker_test_2.yml,c_flexbison,99,0.0006,False
docker_test_2.yml,c_flexbison,100,0.0007,False
docker_test_2.yml,c_flexbison,101,0.0006,False
docker_test_2.yml,c_flexbison,102,0.0006,False
docker_test_2.yml,c_flexbison,103,0.0006,False
docker_test_2.yml,c_flexbison,104,0.0038,False
docker_test_2.yml,c_flexbison,105,0.0013,False
docker_test_2.yml,c_flexbison,106,0.0011,False
docker_test_2.yml,c_flexbison,107,0.0007,False
docker_test_2.yml,c_flexbison,108,0.0006,False
docker_test_2.yml,c_flexbison,109,0.0007,False
docker_test_2.yml,c_flexbison,110,0.0007,False
docker_test_2.yml,c_flexbison,111,0.0006,False
docker_test_2.yml,c_flexbison,112,0.0006,False
docker_test_2.yml,c_flexbison,113,0.0006,False
docker_test_2.yml,c_flexbison,114,0.0007,False
docker_test_2.yml,c_flexbison,115,0.0007,False
docker_test_2.yml,c_flexbison,116,0.0007,False
docker_test_2.yml,c_flexbison,117,0.0007,False
docker_test_2.yml,c_flexbison,118,0.0589,False
docker_test_2.yml,c_flexbison,119,0.0013,False
docker_test_2.yml,c_flexbison,120,0.0008,False
docker_test_2.yml,c_flexbison,121,0.0008,False
docker_test_2.yml,c_flexbison,122,0.0007,False
docker_test_2.yml,c_flexbison,123,0.0007,False
docker_test_2.yml,c_flexbison,124,0.0007,False
docker_test_2.yml,c_flexbison,125,0.0007,False
docker_test_2.yml,c_flexbison,126,0.0007,False
docker_test_2.yml,c_flexbison,127,0.0006,False
docker_test_2.yml,c_flexbison,128,0.0007,False
docker_test_2.yml,c_flexbison,129,0.0007,False
docker_test_2.yml,c_flexbison,130,0.0007,False
docker_test_2.yml,c_flexbison,131,0.0007,False
docker_test_2.yml,c_flexbison,132,0.0007,False
docker_test_2.yml,c_flexbison,133,0.0007,False
docker_test_2.yml,c_flexbison,134,0.0006,False
docker_test_2.yml,c_flexbison,135,0.0006,False
docker_test_2.yml,c_flexbison,136,0.0006,False
docker_test_2.yml,c_flexbison,137,0.0006,False
docker_test_2.yml,c_flexbison,138,0.0006,False
docker_test_2.yml,c_flexbison,139,0.0006,False
docker_test_2.yml,c_flexbison,140,0.0006,False
docker_test_2.yml,c_flexbison,141,0.0006,False
docker_test_2.yml,c_flexbison,142,0.0006,False
docker_test_2.yml,c_flexbison,143,0.0006,False
docker_test_2.yml,c_flexbison,144,0.0007,False
docker_test_2.yml,c_flexbison,145,0.0007,False
docker_test_2.yml,c_flexbison,146,0.0007,False
docker_test_2.yml,c_flexbison,147,0.0007,False
docker_test_2.yml,c_flexbison,148,0.0007,False
docker_test_2.yml,c_flexbison,149,0.0007,False
docker_test_2.yml,c_flexbison,150,0.0007,False
docker_test_2.yml,c_flexbison,151,0.0007,False
docker_test_2.yml,c_flexbison,152,0.0007,False
docker_test_2.yml,c_flexbison,153,0.0007,False
docker_test_2.yml,c_flexbison,154,0.0006,False
docker_test_2.yml,c_flexbison,155,0.0006,False
docker_test_2.yml,c_flexbison,156,0.0006,False
docker_test_2.yml,c_flexbison,157,0.0006,False
docker_test_2.yml,c_flexbison,158,0.0006,False
docker_test_2.yml,c_flexbison,159,0.0006,False
docker_test_2.yml,c_flexbison,160,0.0007,False
docker_test_2.yml,c_flexbison,161,0.0007,False
docker_test_2.yml,c_flexbison,162,0.0007,False
docker_test_2.yml,c_flexbison,163,0.0007,False
docker_test_2.yml,c_flexbison,164,0.0007,False
docker_test_2.yml,c_flexbison,165,0.0007,False
docker_test_2.yml,c_flexbison,166,0.0007,False
docker_test_2.yml,c_flexbison,167,0.0007,False
docker_test_2.yml,c_flexbison,168,0.0007,False
docker_test_2.yml,c_flexbison,169,0.0007,False
docker_test_2.yml,c_flexbison,170,0.0007,False
docker_test_2.yml,c_flexbison,171,0.0007,False
docker_test_2.yml,c_flexbison,172,0.0007,False
docker_test_2.yml,c_flexbison,173,0.0007,False
docker_test_2.yml,c_flexbison,174,0.0007,False
docker_test_2.yml,c_flexbison,175,0.0007,False
docker_test_2.yml,c_flexbison,176,0.0006,False
docker_test_2.yml,c_flexbison,177,0.0006,False
docker_test_2.yml,c_flexbison,178,0.0006,False
docker_test_2.yml,c_flexbison,179,0.0006,False
docker_test_2.yml,c_flexbison,180,0.0006,False
docker_test_2.yml,c_flexbison,181,0.0006,False
docker_test_2.yml,c_flexbison,182,0.0006,False
docker_test_2.yml,c_flexbison,183,0.0006,False
docker_test_2.yml,c_flexbison,184,0.0007,False
docker_test_2.yml,c_flexbison,185,0.0007,False
docker_test_2.yml,c_flexbison,186,0.0007,False
docker_test_2.yml,c_flexbison,187,0.0007,False
docker_test_2.yml,c_flexbison,188,0.0024,False
docker_test_2.yml,c_flexbison,189,0.0009,False
docker_test_2.yml,c_flexbison,190,0.0008,False
docker_test_2.yml,c_flexbison,191,0.0006,False
docker_test_2.yml,c_flexbison,192,0.0007,False
docker_test_2.yml,c_flexbison,193,0.0007,False
docker_test_2.yml,c_flexbison,194,0.0007,False
docker_test_2.yml,c_flexbison,195,0.0007,False
docker_test_2.yml,c_flexbison,196,0.0007,False
docker_test_2.yml,c_flexbison,197,0.0007,False
docker_test_2.yml,c_flexbison,198,0.0007,False
docker_test_2.yml,c_flexbison,199,0.0006,False
docker_test_3.yml,c_flexbison,0,0.0036,False
docker_test_3.yml,c_flexbison,1,0.0012,False
docker_test_3.yml,c_flexbison,2,0.0009,False
docker_test_3.yml,c_flexbison,3,0.0006,False
docker_test_3.yml,c_flexbison,4,0.0007,False
docker_test_3.yml,c_flexbison,5,0.0007,False
docker_test_3.yml,c_flexbison,6,0.0007,False
docker_test_3.yml,c_flexbison,7,0.0007,False
docker_test_3.yml,c_flexbison,8,0.0007,False
docker_test_3.yml,c_flexbison,9,0.0006,False
docker_test_3.yml,c_flexbison,10,0.0007,False
docker_test_3.yml,c_flexbison,11,0.0006,False
docker_test_3.yml,c_flexbison,12,0.0006,False
docker_test_3.yml,c_flexbison,13,0.0006,False
docker_test_3.yml,c_flexbison,14,0.0006,False
docker_test_3.yml,c_flexbison,15,0.0006,False
docker_test_3.yml,c_flexbison,16,0.0006,False
docker_test_3.yml,c_flexbison,17,0.0006,False
docker_test_3.yml,c_flexbison,18,0.0006,False
docker_test_3.yml,c_flexbison,19,0.0006,False
docker_test_3.yml,c_flexbison,20,0.0007,False
docker_test_3.yml,c_flexbison,21,0.0007,False
docker_test_3.yml,c_flexbison,22,0.0007,False
docker_test_3.yml,c_flexbison,23,0.0007,False
docker_test_3.yml,c_flexbison,24,0.0007,False
docker_test_3.yml,c_flexbison,25,0.0007,False
docker_test_3.yml,c_flexbison,26,0.0007,False
docker_test_3.yml,c_flexbison,27,0.0007,False
docker_test_3.yml,c_flexbison,28,0.0007,False
docker_test_3.yml,c_flexbison,29,0.0006,False
docker_test_3.yml,c_flexbison,30,0.0006,False
docker_test_3.yml,c_flexbison,31,0.0007,False
docker_test_3.yml,c_flexbison,32,0.0007,False
docker_test_3.yml,c_flexbison,33,0.0007,False
docker_test_3.yml,c_flexbison,34,0.0007,False
docker_test_3.yml,c_flexbison,35,0.0007,False
docker_test_3.yml,c_flexbison,36,0.0007,False
docker_test_3.yml,c_flexbison,37,0.0007,False
docker_test_3.yml,c_flexbison,38,0.0007,False
docker_test_3.yml,c_flexbison,39,0.0007,False
docker_test_3.yml,c_flexbison,40,0.0007,False
docker_test_3.yml,c_flexbison,41,0.0007,False
docker_test_3.yml,c_flexbison,42,0.0006,False
docker_test_3.yml,c_flexbison,43,0.0006,False
docker_test_3.yml,c_flexbison,44,0.0006,False
docker_test_3.yml,c_flexbison,45,0.0006,False
docker_test_3.yml,c_flexbison,46,0.0006,False
docker_test_3.yml,c_flexbison,47,0.0006,False
docker_test_3.yml,c_flexbison,48,0.0006,False
docker_test_3.yml,c_flexbison,49,0.0006,False
docker_test_3.yml,c_flexbison,50,0.0006,False
docker_test_3.yml,c_flexbison,51,0.0006,False
docker_test_3.yml,c_flexbison,52,0.0006,False
docker_test_3.yml,c_flexbison,53,0.0007,False
docker_test_3.yml,c_flexbison,54,0.0007,False
docker_test_3.yml,c_flexbison,55,0.0006,False
docker_test_3.yml,c_flexbison,56,0.0006,False
docker_test_3.yml,c_flexbison,57,0.0007,False
docker_test_3.yml,c_flexbison,58,0.0007,False
docker_test_3.yml,c_flexbison,59,0.0007,False
docker_test_3.yml,c_flexbison,60,0.0007,False
docker_test_3.yml,c_flexbison,61,0.0007,False
docker_test_3.yml,c_flexbison,62,0.0007,False
docker_test_3.yml,c_flexbison,63,0.0007,False
docker_test_3.yml,c_flexbison,64,0.0007,False
docker_test_3.yml,c_flexbison,65,0.0007,False
docker_test_3.yml,c_flexbison,66,0.0007,False
docker_test_3.yml,c_flexbison,67,0.0007,False
docker_test_3.yml,c_flexbison,68,0.0006,False
docker_test_3.yml,c_flexbison,69,0.0006,False
docker_test_3.yml,c_flexbison,70,0.0006,False
docker_test_3.yml,c_flexbison,71,0.0006,False
docker_test_3.yml,c_flexbison,72,0.0007,False
docker_test_3.yml,c_flexbison,73,0.0032,False
docker_test_3.yml,c_flexbison,74,0.0012,False
docker_test_3.yml,c_flexbison,75,0.0009,False
docker_test_3.yml,c_flexbison,76,0.0009,False
docker_test_3.yml,c_flexbison,77,0.0007,False
docker_test_3.yml,c_flexbison,78,0.0007,False
docker_test_3.yml,c_flexbison,79,0.0007,False
docker_test_3.yml,c_flexbison,80,0.0007,False
docker_test_3.yml,c_flexbison,81,0.0007,False
docker_test_3.yml,c_flexbison,82,0.0007,False
docker_test_3.yml,c_flexbison,83,0.0007,False
docker_test_3.yml,c_flexbison,84,0.0007,False
docker_test_3.yml,c_flexbison,85,0.0007,False
docker_test_3.yml,c_flexbison,86,0.0007,False
docker_test_3.yml,c_flexbison,87,0.0006,False
docker_test_3.yml,c_flexbison,88,0.0006,False
docker_test_3.yml,c_flexbison,89,0.0006,False
docker_test_3.yml,c_flexbison,90,0.0006,False
docker_test_3.yml,c_flexbison,91,0.0006,False
docker_test_3.yml,c_flexbison,92,0.0006,False
docker_test_3.yml,c_flexbison,93,0.0006,False
docker_test_3.yml,c_flexbison,94,0.0006,False
docker_test_3.yml,c_flexbison,95,0.0006,False
docker_test_3.yml,c_flexbison,96,0.0006,False
docker_test_3.yml,c_flexbison,97,0.0006,False
docker_test_3.yml,c_flexbison,98,0.0006,False
docker_test_3.yml,c_flexbison,99,0.0007,False
docker_test_3.yml,c_flexbison,100,0.0007,False
docker_test_3.yml,c_flexbison,101,0.0007,False
docker_test_3.yml,c_flexbison,102,0.0006,False
docker_test_3.yml,c_flexbison,103,0.0006,False
docker_test_3.yml,c_flexbison,104,0.0006,False
docker_test_3.yml,c_flexbison,105,0.0006,False
docker_test_3.yml,c_flexbison,106,0.0006,False
docker_test_3.yml,c_flexbison,107,0.0006,False
docker_test_3.yml,c_flexbison,108,0.0006,False
docker_test_3.yml,c_flexbison,109,0.0006,False
docker_test_3.yml,c_flexbison,110,0.0006,False
docker_test_3.yml,c_flexbison,111,0.0006,False
docker_test_3.yml,c_flexbison,112,0.0007,False
docker_test_3.yml,c_flexbison,113,0.0007,False
docker_test_3.yml,c_flexbison,114,0.0007,False
docker_test_3.yml,c_flexbison,115,0.0007,False
docker_test_3.yml,c_flexbison,116,0.0007,False
docker_test_3.yml,c_flexbison,117,0.0007,False
docker_test_3.yml,c_flexbison,118,0.0007,False
docker_test_3.yml,c_flexbison,119,0.0007,False
docker_test_3.yml,c_flexbison,120,0.0007,False
docker_test_3.yml,c_flexbison,121,0.0007,False
docker_test_3.yml,c_flexbison,122,0.0007,False
docker_test_3.yml,c_flexbison,123,0.0007,False
docker_test_3.yml,c_flexbison,124,0.0007,False
docker_test_3.yml,c_flexbison,125,0.0007,False
docker_test_3.yml,c_flexbison,126,0.0007,False
docker_test_3.yml,c_flexbison,127,0.0007,False
docker_test_3.yml,c_flexbison,128,0.0007,False
docker_test_3.yml,c_flexbison,129,0.0007,False
docker_test_3.yml,c_flexbison,130,0.0007,False
docker_test_3.yml,c_flexbison,131,0.0007,False
docker_test_3.yml,c_flexbison,132,0.0006,False
docker_test_3.yml,c_flexbison,133,0.0007,False
docker_test_3.yml,c_flexbison,134,0.0007,False
docker_test_3.yml,c_flexbison,135,0.0007,False
docker_test_3.yml,c_flexbison,136,0.0007,False
docker_test_3.yml,c_flexbison,137,0.0017,False
docker_test_3.yml,c_flexbison,138,0.0009,False
docker_test_3.yml,c_flexbison,139,0.0008,False
docker_test_3.yml,c_flexbison,140,0.0008,False
docker_test_3.yml,c_flexbison,141,0.0007,False
docker_test_3.yml,c_flexbison,142,0.0006,False
docker_test_3.yml,c_flexbison,143,0.0007,False
docker_test_3.yml,c_flexbison,144,0.0006,False
docker_test_3.yml,c_flexbison,145,0.0006,False
docker_test_3.yml,c_flexbison,146,0.0006,False
docker_test_3.yml,c_flexbison,147,0.0006,False
docker_test_3.yml,c_flexbison,148,0.0006,False
docker_test_3.yml,c_flexbison,149,0.0006,False
docker_test_3.yml,c_flexbison,150,0.0006,False
docker_test_3.yml,c_flexbison,151,0.0006,False
docker_test_3.yml,c_flexbison,152,0.0006,False
docker_test_3.yml,c_flexbison,153,0.0007,False
docker_test_3.yml,c_flexbison,154,0.0007,False
docker_test_3.yml,c_flexbison,155,0.0007,False
docker_test_3.yml,c_flexbison,156,0.0007,False
docker_test_3.yml,c_flexbison,157,0.0029,False
docker_test_3.yml,c_flexbison,158,0.001,False
docker_test_3.yml,c_flexbison,159,0.0009,False
docker_test_3.yml,c_flexbison,160,0.0008,False
docker_test_3.yml,c_flexbison,161,0.0007,False
docker_test_3.yml,c_flexbison,162,0.0007,False
docker_test_3.yml,c_flexbison,163,0.0007,False
docker_test_3.yml,c_flexbison,164,0.0007,False
docker_test_3.yml,c_flexbison,165,0.0007,False
docker_test_3.yml,c_flexbison,166,0.0007,False
docker_test_3.yml,c_flexbison,167,0.0007,False
docker_test_3.yml,c_flexbison,168,0.0007,False
docker_test_3.yml,c_flexbison,169,0.0007,False
docker_test_3.yml,c_flexbison,170,0.0007,False
docker_test_3.yml,c_flexbison,171,0.0007,False
docker_test_3.yml,c_flexbison,172,0.0007,False
docker_test_3.yml,c_flexbison,173,0.0006,False
docker_test_3.yml,c_flexbison,174,0.0006,False
docker_test_3.yml,c_flexbison,175,0.0006,False
docker_test_3.yml,c_flexbison,176,0.0006,False
docker_test_3.yml,c_flexbison,177,0.0006,False
docker_test_3.yml,c_flexbison,178,0.0007,False
docker_test_3.yml,c_flexbison,179,0.0007,False
docker_test_3.yml,c_flexbison,180,0.0007,False
docker_test_3.yml,c_flexbison,181,0.0007,False
docker_test_3.yml,c_flexbison,182,0.0007,False
docker_test_3.yml,c_flexbison,183,0.0007,False
docker_test_3.yml,c_flexbison,184,0.0007,False
docker_test_3.yml,c_flexbison,185,0.0007,False
docker_test_3.yml,c_flexbison,186,0.0006,False
docker_test_3.yml,c_flexbison,187,0.0006,False
docker_test_3.yml,c_flexbison,188,0.0006,False
docker_test_3.yml,c_flexbison,189,0.0006,False
docker_test_3.yml,c_flexbison,190,0.0006,False
docker_test_3.yml,c_flexbison,191,0.0007,False
docker_test_3.yml,c_flexbison,192,0.0007,False
docker_test_3.yml,c_flexbison,193,0.0007,False
docker_test_3.yml,c_flexbison,194,0.0007,False
docker_test_3.yml,c_flexbison,195,0.0007,False
docker_test_3.yml,c_flexbison,196,0.0007,False
docker_test_3.yml,c_flexbison,197,0.0007,False
docker_test_3.yml,c_flexbison,198,0.0007,False
docker_test_3.yml,c_flexbison,199,0.0007,False
docker_test_4.yml,c_flexbison,0,0.004,False
docker_test_4.yml,c_flexbison,1,0.0012,False
docker_test_4.yml,c_flexbison,2,0.0009,False
docker_test_4.yml,c_flexbison,3,0.0006,False
docker_test_4.yml,c_flexbison,4,0.0007,False
docker_test_4.yml,c_flexbison,5,0.0007,False
docker_test_4.yml,c_flexbison,6,0.0007,False
docker_test_4.yml,c_flexbison,7,0.0007,False
docker_test_4.yml,c_flexbison,8,0.0006,False
docker_test_4.yml,c_flexbison,9,0.0006,False
docker_test_4.yml,c_flexbison,10,0.0006,False
docker_test_4.yml,c_flexbison,11,0.0007,False
docker_test_4.yml,c_flexbison,12,0.0007,False
docker_test_4.yml,c_flexbison,13,0.0007,False
docker_test_4.yml,c_flexbison,14,0.0007,False
docker_test_4.yml,c_flexbison,15,0.0007,False
docker_test_4.yml,c_flexbison,16,0.0007,False
docker_test_4.yml,c_flexbison,17,0.0007,False
docker_test_4.yml,c_flexbison,18,0.0006,False
docker_test_4.yml,c_flexbison,19,0.0006,False
docker_test_4.yml,c_flexbison,20,0.0006,False
docker_test_4.yml,c_flexbison,21,0.0006,False
docker_test_4.yml,c_flexbison,22,0.0006,False
docker_test_4.yml,c_flexbison,23,0.0007,False
docker_test_4.yml,c_flexbison,24,0.0007,False
docker_test_4.yml,c_flexbison,25,0.0007,False
docker_test_4.yml,c_flexbison,26,0.0007,False
docker_test_4.yml,c_flexbison,27,0.0007,False
docker_test_4.yml,c_flexbison,28,0.0007,False
docker_test_4.yml,c_flexbison,29,0.0006,False
docker_test_4.yml,c_flexbison,30,0.0006,False
docker_test_4.yml,c_flexbison,31,0.0006,False
docker_test_4.yml,c_flexbison,32,0.0006,False
docker_test_4.yml,c_flexbison,33,0.0006,False
docker_test_4.yml,c_flexbison,34,0.0006,False
docker_test_4.yml,c_flexbison,35,0.0006,False
docker_test_4.yml,c_flexbison,36,0.0006,False
docker_test_4.yml,c_flexbison,37,0.0006,False
docker_test_4.yml,c_flexbison,38,0.0006,False
docker_test_4.yml,c_flexbison,39,0.0006,False
docker_test_4.yml,c_flexbison,40,0.0006,False
docker_test_4.yml,c_flexbison,41,0.0006,False
docker_test_4.yml,c_flexbison,42,0.003,False
docker_test_4.yml,c_flexbison,43,0.0014,False
docker_test_4.yml,c_flexbison,44,0.001,False
docker_test_4.yml,c_flexbison,45,0.0007,False
docker_test_4.yml,c_flexbison,46,0.0007,False
docker_test_4.yml,c_flexbison,47,0.0006,False
docker_test_4.yml,c_flexbison,48,0.0006,False
docker_test_4.yml,c_flexbison,49,0.0006,False
docker_test_4.yml,c_flexbison,50,0.0006,False
docker_test_4.yml,c_flexbison,51,0.0006,False
docker_test_4.yml,c_flexbison,52,0.0007,False
docker_test_4.yml,c_flexbison,53,0.0007,False
docker_test_4.yml,c_flexbison,54,0.0007,False
docker_test_4.yml,c_flexbison,55,0.0007,False
docker_test_4.yml,c_flexbison,56,0.0007,False
docker_test_4.yml,c_flexbison,57,0.0007,False
docker_test_4.yml,c_flexbison,58,0.0007,False
docker_test_4.yml,c_flexbison,59,0.0006,False
docker_test_4.yml,c_flexbison,60,0.0006,False
docker_test_4.yml,c_flexbison,61,0.0006,False
docker_test_4.yml,c_flexbison,62,0.0006,False
docker_test_4.yml,c_flexbison,63,0.0006,False
docker_test_4.yml,c_flexbison,64,0.0006,False
docker_test_4.yml,c_flexbison,65,0.0006,False
docker_test_4.yml,c_flexbison,66,0.0006,False
docker_test_4.yml,c_flexbison,67,0.0006,False
docker_test_4.yml,c_flexbison,68,0.0006,False
docker_test_4.yml,c_flexbison,69,0.0006,False
docker_test_4.yml,c_flexbison,70,0.0006,False
docker_test_4.yml,c_flexbison,71,0.0006,False
docker_test_4.yml,c_flexbison,72,0.0006,False
docker_test_4.yml,c_flexbison,73,0.0007,False
docker_test_4.yml,c_flexbison,74,0.0007,False
docker_test_4.yml,c_flexbison,75,0.0006,False
docker_test_4.yml,c_flexbison,76,0.0007,False
docker_test_4.yml,c_flexbison,77,0.0007,False
docker_test_4.yml,c_flexbison,78,0.0007,False
docker_test_4.yml,c_flexbison,79,0.0007,False
docker_test_4.yml,c_flexbison,80,0.0007,False
docker_test_4.yml,c_flexbison,81,0.0007,False
docker_test_4.yml,c_flexbison,82,0.0007,False
docker_test_4.yml,c_flexbison,83,0.0007,False
docker_test_4.yml,c_flexbison,84,0.0007,False
docker_test_4.yml,c_flexbison,85,0.0006,False
docker_test_4.yml,c_flexbison,86,0.0006,False
docker_test_4.yml,c_flexbison,87,0.0006,False
docker_test_4.yml,c_flexbison,88,0.0006,False
docker_test_4.yml,c_flexbison,89,0.0006,False
docker_test_4.yml,c_flexbison,90,0.0007,False
docker_test_4.yml,c_flexbison,91,0.0007,False
docker_test_4.yml,c_flexbison,92,0.0007,False
docker_test_4.yml,c_flexbison,93,0.0007,False
docker_test_4.yml,c_flexbison,94,0.0007,False
docker_test_4.yml,c_flexbison,95,0.0007,False
docker_test_4.yml,c_flexbison,96,0.0007,False
docker_test_4.yml,c_flexbison,97,0.0007,False
docker_test_4.yml,c_flexbison,98,0.0007,False
docker_test_4.yml,c_flexbison,99,0.0007,False
docker_test_4.yml,c_flexbison,100,0.0006,False
docker_test_4.yml,c_flexbison,101,0.0006,False
docker_test_4.yml,c_flexbison,102,0.0006,False
docker_test_4.yml,c_flexbison,103,0.0006,False
docker_test_4.yml,c_flexbison,104,0.0006,False
docker_test_4.yml,c_flexbison,105,0.0006,False
docker_test_4.yml,c_flexbison,106,0.0006,False
docker_test_4.yml,c_flexbison,107,0.0007,False
docker_test_4.yml,c_flexbison,108,0.0007,False
docker_test_4.yml,c_flexbison,109,0.0007,False
docker_test_4.yml,c_flexbison,110,0.0007,False
docker_test_4.yml,c_flexbison,111,0.0007,False
docker_test_4.yml,c_flexbison,112,0.0007,False
docker_test_4.yml,c_flexbison,113,0.0007,False
docker_test_4.yml,c_flexbison,114,0.0007,False
docker_test_4.yml,c_flexbison,115,0.0007,False
docker_test_4.yml,c_flexbison,116,0.0007,False
docker_test_4.yml,c_flexbison,117,0.0007,False
docker_test_4.yml,c_flexbison,118,0.0007,False
docker_test_4.yml,c_flexbison,119,0.0007,False
docker_test_4.yml,c_flexbison,120,0.0007,False
docker_test_4.yml,c_flexbison,121,0.0007,False
docker_test_4.yml,c_flexbison,122,0.0007,False
docker_test_4.yml,c_flexbison,123,0.0006,False
docker_test_4.yml,c_flexbison,124,0.0006,False
docker_test_4.yml,c_flexbison,125,0.0006,False
docker_test_4.yml,c_flexbison,126,0.0006,False
docker_test_4.yml,c_flexbison,127,0.0022,False
docker_test_4.yml,c_flexbison,128,0.0008,False
docker_test_4.yml,c_flexbison,129,0.0008,False
docker_test_4.yml,c_flexbison,130,0.0007,False
docker_test_4.yml,c_flexbison,131,0.0006,False
docker_test_4.yml,c_flexbison,132,0.0006,False
docker_test_4.yml,c_flexbison,133,0.0007,False
docker_test_4.yml,c_flexbison,134,0.0007,False
docker_test_4.yml,c_flexbison,135,0.0007,False
docker_test_4.yml,c_flexbison,136,0.0006,False
docker_test_4.yml,c_flexbison,137,0.0006,False
docker_test_4.yml,c_flexbison,138,0.0006,False
docker_test_4.yml,c_flexbison,139,0.0006,False
docker_test_4.yml,c_flexbison,140,0.0006,False
docker_test_4.yml,c_flexbison,141,0.0007,False
docker_test_4.yml,c_flexbison,142,0.0006,False
docker_test_4.yml,c_flexbison,143,0.0006,False
docker_test_4.yml,c_flexbison,144,0.0006,False
docker_test_4.yml,c_flexbison,145,0.0006,False
docker_test_4.yml,c_flexbison,146,0.0006,False
docker_test_4.yml,c_flexbison,147,0.0006,False
docker_test_4.yml,c_flexbison,148,0.0006,False
docker_test_4.yml,c_flexbison,149,0.0006,False
docker_test_4.yml,c_flexbison,150,0.0007,False
docker_test_4.yml,c_flexbison,151,0.0007,False
docker_test_4.yml,c_flexbison,152,0.0007,False
docker_test_4.yml,c_flexbison,153,0.0007,False
docker_test_4.yml,c_flexbison,154,0.0007,False
docker_test_4.yml,c_flexbison,155,0.0007,False
docker_test_4.yml,c_flexbison,156,0.0007,False
docker_test_4.yml,c_flexbison,157,0.0006,False
docker_test_4.yml,c_flexbison,158,0.0006,False
docker_test_4.yml,c_flexbison,159,0.0006,False
docker_test_4.yml,c_flexbison,160,0.0006,False
docker_test_4.yml,c_flexbison,161,0.0006,False
docker_test_4.yml,c_flexbison,162,0.0007,False
docker_test_4.yml,c_flexbison,163,0.0007,False
docker_test_4.yml,c_flexbison,164,0.0007,False
docker_test_4.yml,c_flexbison,165,0.0007,False
docker_test_4.yml,c_flexbison,166,0.0007,False
docker_test_4.yml,c_flexbison,167,0.0006,False
docker_test_4.yml,c_flexbison,168,0.0006,False
docker_test_4.yml,c_flexbison,169,0.0006,False
docker_test_4.yml,c_flexbison,170,0.0006,False
docker_test_4.yml,c_flexbison,171,0.0006,False
docker_test_4.yml,c_flexbison,172,0.0006,False
docker_test_4.yml,c_flexbison,173,0.0006,False
docker_test_4.yml,c_flexbison,174,0.0006,False
docker_test_4.yml,c_flexbison,175,0.0007,False
docker_test_4.yml,c_flexbison,176,0.0007,False
docker_test_4.yml,c_flexbison,177,0.0007,False
docker_test_4.yml,c_flexbison,178,0.0007,False
docker_test_4.yml,c_flexbison,179,0.0006,False
docker_test_4.yml,c_flexbison,180,0.0007,False
docker_test_4.yml,c_flexbison,181,0.0007,False
docker_test_4.yml,c_flexbison,182,0.0007,False
docker_test_4.yml,c_flexbison,183,0.0007,False
docker_test_4.yml,c_flexbison,184,0.0007,False
docker_test_4.yml,c_flexbison,185,0.0006,False
docker_test_4.yml,c_flexbison,186,0.0006,False
docker_test_4.yml,c_flexbison,187,0.0006,False
docker_test_4.yml,c_flexbison,188,0.0006,False
docker_test_4.yml,c_flexbison,189,0.0006,False
docker_test_4.yml,c_flexbison,190,0.0006,False
docker_test_4.yml,c_flexbison,191,0.0006,False
docker_test_4.yml,c_flexbison,192,0.0007,False
docker_test_4.yml,c_flexbison,193,0.0007,False
docker_test_4.yml,c_flexbison,194,0.0007,False
docker_test_4.yml,c_flexbison,195,0.0006,False
docker_test_4.yml,c_flexbison,196,0.0007,False
docker_test_4.yml,c_flexbison,197,0.0007,False
docker_test_4.yml,c_flexbison,198,0.0007,False
docker_test_4.yml,c_flexbison,199,0.0007,False
docker_test_5.yml,c_flexbison,0,0.0034,False
docker_test_5.yml,c_flexbison,1,0.0011,False
docker_test_5.yml,c_flexbison,2,0.0009,False
docker_test_5.yml,c_flexbison,3,0.0007,False
docker_test_5.yml,c_flexbison,4,0.0006,False
docker_test_5.yml,c_flexbison,5,0.0006,False
docker_test_5.yml,c_flexbison,6,0.0006,False
docker_test_5.yml,c_flexbison,7,0.0006,False
docker_test_5.yml,c_flexbison,8,0.0006,False
docker_test_5.yml,c_flexbison,9,0.0006,False
docker_test_5.yml,c_flexbison,10,0.0007,False
docker_test_5.yml,c_flexbison,11,0.0023,False
docker_test_5.yml,c_flexbison,12,0.0008,False
docker_test_5.yml,c_flexbison,13,0.0006,False
docker_test_5.yml,c_flexbison,14,0.0007,False
docker_test_5.yml,c_flexbison,15,0.0007,False
docker_test_5.yml,c_flexbison,16,0.0007,False
docker_test_5.yml,c_flexbison,17,0.0007,False
docker_test_5.yml,c_flexbison,18,0.0006,False
docker_test_5.yml,c_flexbison,19,0.0007,False
docker_test_5.yml,c_flexbison,20,0.0006,False
docker_test_5.yml,c_flexbison,21,0.0006,False
docker_test_5.yml,c_flexbison,22,0.0006,False
docker_test_5.yml,c_flexbison,23,0.0007,False
docker_test_5.yml,c_flexbison,24,0.0007,False
docker_test_5.yml,c_flexbison,25,0.0007,False
docker_test_5.yml,c_flexbison,26,0.0006,False
docker_test_5.yml,c_flexbison,27,0.0006,False
docker_test_5.yml,c_flexbison,28,0.0007,False
docker_test_5.yml,c_flexbison,29,0.0007,False
docker_test_5.yml,c_flexbison,30,0.0007,False
docker_test_5.yml,c_flexbison,31,0.0007,False
docker_test_5.yml,c_flexbison,32,0.0007,False
docker_test_5.yml,c_flexbison,33,0.0007,False
docker_test_5.yml,c_flexbison,34,0.0007,False
docker_test_5.yml,c_flexbison,35,0.0007,False
docker_test_5.yml,c_flexbison,36,0.0007,False
docker_test_5.yml,c_flexbison,37,0.0007,False
docker_test_5.yml,c_flexbison,38,0.0007,False
docker_test_5.yml,c_flexbison,39,0.0007,False
docker_test_5.yml,c_flexbison,40,0.0006,False
docker_test_5.yml,c_flexbison,41,0.0006,False
docker_test_5.yml,c_flexbison,42,0.0007,False
docker_test_5.yml,c_flexbison,43,0.0006,False
docker_test_5.yml,c_flexbison,44,0.0006,False
docker_test_5.yml,c_flexbison,45,0.0006,False
docker_test_5.yml,c_flexbison,46,0.0006,False
docker_test_5.yml,c_flexbison,47,0.0006,False
docker_test_5.yml,c_flexbison,48,0.0006,False
docker_test_5.yml,c_flexbison,49,0.0006,False
docker_test_5.yml,c_flexbison,50,0.0006,False
docker_test_5.yml,c_flexbison,51,0.0006,False
docker_test_5.yml,c_flexbison,52,0.0006,False
docker_test_5.yml,c_flexbison,53,0.0006,False
docker_test_5.yml,c_flexbison,54,0.0006,False
docker_test_5.yml,c_flexbison,55,0.0006,False
docker_test_5.yml,c_flexbison,56,0.0007,False
docker_test_5.yml,c_flexbison,57,0.0007,False
docker_test_5.yml,c_flexbison,58,0.0007,False
docker_test_5.yml,c_flexbison,59,0.0007,False
docker_test_5.yml,c_flexbison,60,0.0007,False
docker_test_5.yml,c_flexbison,61,0.0007,False
docker_test_5.yml,c_flexbison,62,0.0007,False
docker_test_5.yml,c_flexbison,63,0.0006,False
docker_test_5.yml,c_flexbison,64,0.0006,False
docker_test_5.yml,c_flexbison,65,0.0006,False
docker_test_5.yml,c_flexbison,66,0.0006,False
docker_test_5.yml,c_flexbison,67,0.0007,False
docker_test_5.yml,c_flexbison,68,0.0007,False
docker_test_5.yml,c_flexbison,69,0.0007,False
docker_test_5.yml,c_flexbison,70,0.0007,False
docker_test_5.yml,c_flexbison,71,0.0007,False
docker_test_5.yml,c_flexbison,72,0.0007,False
docker_test_5.yml,c_flexbison,73,0.0006,False
docker_test_5.yml,c_flexbison,74,0.0006,False
docker_test_5.yml,c_flexbison,75,0.0007,False
docker_test_5.yml,c_flexbison,76,0.0007,False
docker_test_5.yml,c_flexbison,77,0.0007,False
docker_test_5.yml,c_flexbison,78,0.0007,False
docker_test_5.yml,c_flexbison,79,0.0006,False
docker_test_5.yml,c_flexbison,80,0.0006,False
docker_test_5.yml,c_flexbison,81,0.0006,False
docker_test_5.yml,c_flexbison,82,0.0006,False
docker_test_5.yml,c_flexbison,83,0.0007,False
docker_test_5.yml,c_flexbison,84,0.0007,False
docker_test_5.yml,c_flexbison,85,0.0007,False
docker_test_5.yml,c_flexbison,86,0.0007,False
docker_test_5.yml,c_flexbison,87,0.0006,False
docker_test_5.yml,c_flexbison,88,0.0006,False
docker_test_5.yml,c_flexbison,89,0.0006,False
docker_test_5.yml,c_flexbison,90,0.0006,False
docker_test_5.yml,c_flexbison,91,0.0006,False
docker_test_5.yml,c_flexbison,92,0.0006,False
docker_test_5.yml,c_flexbison,93,0.0006,False
docker_test_5.yml,c_flexbison,94,0.0006,False
docker_test_5.yml,c_flexbison,95,0.0006,False
docker_test_5.yml,c_flexbison,96,0.002,False
docker_test_5.yml,c_flexbison,97,0.0009,False
docker_test_5.yml,c_flexbison,98,0.0007,False
docker_test_5.yml,c_flexbison,99,0.0007,False
docker_test_5.yml,c_flexbison,100,0.0007,False
docker_test_5.yml,c_flexbison,101,0.0007,False
docker_test_5.yml,c_flexbison,102,0.0007,False
docker_test_5.yml,c_flexbison,103,0.0007,False
docker_test_5.yml,c_flexbison,104,0.0006,False
docker_test_5.yml,c_flexbison,105,0.0006,False
docker_test_5.yml,c_flexbison,106,0.0006,False
docker_test_5.yml,c_flexbison,107,0.0006,False
docker_test_5.yml,c_flexbison,108,0.0007,False
docker_test_5.yml,c_flexbison,109,0.0007,False
docker_test_5.yml,c_flexbison,110,0.0007,False
docker_test_5.yml,c_flexbison,111,0.0007,False
docker_test_5.yml,c_flexbison,112,0.0017,False
docker_test_5.yml,c_flexbison,113,0.001,False
docker_test_5.yml,c_flexbison,114,0.001,False
docker_test_5.yml,c_flexbison,115,0.001,False
docker_test_5.yml,c_flexbison,116,0.0007,False
docker_test_5.yml,c_flexbison,117,0.0007,False
docker_test_5.yml,c_flexbison,118,0.0007,False
docker_test_5.yml,c_flexbison,119,0.0007,False
docker_test_5.yml,c_flexbison,120,0.0007,False
docker_test_5.yml,c_flexbison,121,0.0007,False
docker_test_5.yml,c_flexbison,122,0.0007,False
docker_test_5.yml,c_flexbison,123,0.0007,False
docker_test_5.yml,c_flexbison,124,0.0007,False
docker_test_5.yml,c_flexbison,125,0.0007,False
docker_test_5.yml,c_flexbison,126,0.0007,False
docker_test_5.yml,c_flexbison,127,0.0007,False
docker_test_5.yml,c_flexbison,128,0.0007,False
docker_test_5.yml,c_flexbison,129,0.0007,False
docker_test_5.yml,c_flexbison,130,0.0007,False
docker_test_5.yml,c_flexbison,131,0.0007,False
docker_test_5.yml,c_flexbison,132,0.0007,False
docker_test_5.yml,c_flexbison,133,0.0007,False
docker_test_5.yml,c_flexbison,134,0.0006,False
docker_test_5.yml,c_flexbison,135,0.0006,False
docker_test_5.yml,c_flexbison,136,0.0006,False
docker_test_5.yml,c_flexbison,137,0.0006,False
docker_test_5.yml,c_flexbison,138,0.0007,False
docker_test_5.yml,c_flexbison,139,0.0007,False
docker_test_5.yml,c_flexbison,140,0.0007,False
docker_test_5.yml,c_flexbison,141,0.0007,False
docker_test_5.yml,c_flexbison,142,0.0007,False
docker_test_5.yml,c_flexbison,143,0.0006,False
docker_test_5.yml,c_flexbison,144,0.0006,False
docker_test_5.yml,c_flexbison,145,0.0006,False
docker_test_5.yml,c_flexbison,146,0.0006,False
docker_test_5.yml,c_flexbison,147,0.0006,False
docker_test_5.yml,c_flexbison,148,0.0006,False
docker_test_5.yml,c_flexbison,149,0.0006,False
docker_test_5.yml,c_flexbison,150,0.0006,False
docker_test_5.yml,c_flexbison,151,0.0006,False
docker_test_5.yml,c_flexbison,152,0.0006,False
docker_test_5.yml,c_flexbison,153,0.0006,False
docker_test_5.yml,c_flexbison,154,0.0006,False
docker_test_5.yml,c_flexbison,155,0.0007,False
docker_test_5.yml,c_flexbison,156,0.0006,False
docker_test_5.yml,c_flexbison,157,0.0007,False
docker_test_5.yml,c_flexbison,158,0.0007,False
docker_test_5.yml,c_flexbison,159,0.0007,False
docker_test_5.yml,c_flexbison,160,0.0007,False
docker_test_5.yml,c_flexbison,161,0.0006,False
docker_test_5.yml,c_flexbison,162,0.0006,False
docker_test_5.yml,c_flexbison,163,0.0006,False
docker_test_5.yml,c_flexbison,164,0.0006,False
docker_test_5.yml,c_flexbison,165,0.0006,False
docker_test_5.yml,c_flexbison,166,0.0006,False
docker_test_5.yml,c_flexbison,167,0.0006,False
docker_test_5.yml,c_flexbison,168,0.0006,False
docker_test_5.yml,c_flexbison,169,0.0006,False
docker_test_5.yml,c_flexbison,170,0.0006,False
docker_test_5.yml,c_flexbison,171,0.0006,False
docker_test_5.yml,c_flexbison,172,0.0006,False
docker_test_5.yml,c_flexbison,173,0.0006,False
docker_test_5.yml,c_flexbison,174,0.0006,False
docker_test_5.yml,c_flexbison,175,0.0006,False
docker_test_5.yml,c_flexbison,176,0.0006,False
docker_test_5.yml,c_flexbison,177,0.0006,False
docker_test_5.yml,c_flexbison,178,0.0006,False
docker_test_5.yml,c_flexbison,179,0.0006,False
docker_test_5.yml,c_flexbison,180,0.003,False
docker_test_5.yml,c_flexbison,181,0.0012,False
docker_test_5.yml,c_flexbison,182,0.0009,False
docker_test_5.yml,c_flexbison,183,0.0007,False
docker_test_5.yml,c_flexbison,184,0.0007,False
docker_test_5.yml,c_flexbison,185,0.0007,False
docker_test_5.yml,c_flexbison,186,0.0007,False
docker_test_5.yml,c_flexbison,187,0.0007,False
docker_test_5.yml,c_flexbison,188,0.0006,False
docker_test_5.yml,c_flexbison,189,0.0006,False
docker_test_5.yml,c_flexbison,190,0.0006,False
docker_test_5.yml,c_flexbison,191,0.0006,False
docker_test_5.yml,c_flexbison,192,0.0007,False
docker_test_5.yml,c_flexbison,193,0.0007,False
docker_test_5.yml,c_flexbison,194,0.0007,False
docker_test_5.yml,c_flexbison,195,0.0007,False
docker_test_5.yml,c_flexbison,196,0.0007,False
docker_test_5.yml,c_flexbison,197,0.0007,False
docker_test_5.yml,c_flexbison,198,0.0007,False
docker_test_5.yml,c_flexbison,199,0.0007,False
docker_test_6.yml,c_flexbison,0,0.004,False
docker_test_6.yml,c_flexbison,1,0.0014,False
docker_test_6.yml,c_flexbison,2,0.0008,False
docker_test_6.yml,c_flexbison,3,0.0007,False
docker_test_6.yml,c_flexbison,4,0.0007,False
docker_test_6.yml,c_flexbison,5,0.0007,False
docker_test_6.yml,c_flexbison,6,0.0007,False
docker_test_6.yml,c_flexbison,7,0.0007,False
docker_test_6.yml,c_flexbison,8,0.0006,False
docker_test_6.yml,c_flexbison,9,0.0006,False
docker_test_6.yml,c_flexbison,10,0.0006,False
docker_test_6.yml,c_flexbison,11,0.0006,False
docker_test_6.yml,c_flexbison,12,0.0007,False
docker_test_6.yml,c_flexbison,13,0.0007,False
docker_test_6.yml,c_flexbison,14,0.0007,False
docker_test_6.yml,c_flexbison,15,0.0007,False
docker_test_6.yml,c_flexbison,16,0.0007,False
docker_test_6.yml,c_flexbison,17,0.0007,False
docker_test_6.yml,c_flexbison,18,0.0007,False
docker_test_6.yml,c_flexbison,19,0.0007,False
docker_test_6.yml,c_flexbison,20,0.0006,False
docker_test_6.yml,c_flexbison,21,0.0007,False
docker_test_6.yml,c_flexbison,22,0.0007,False
docker_test_6.yml,c_flexbison,23,0.0007,False
docker_test_6.yml,c_flexbison,24,0.0007,False
docker_test_6.yml,c_flexbison,25,0.0007,False
docker_test_6.yml,c_flexbison,26,0.0007,False
docker_test_6.yml,c_flexbison,27,0.0007,False
docker_test_6.yml,c_flexbison,28,0.0007,False
docker_test_6.yml,c_flexbison,29,0.0007,False
docker_test_6.yml,c_flexbison,30,0.0007,False
docker_test_6.yml,c_flexbison,31,0.0007,False
docker_test_6.yml,c_flexbison,32,0.0006,False
docker_test_6.yml,c_flexbison,33,0.0006,False
docker_test_6.yml,c_flexbison,34,0.0006,False
docker_test_6.yml,c_flexbison,35,0.0006,False
docker_test_6.yml,c_flexbison,36,0.0006,False
docker_test_6.yml,c_flexbison,37,0.0006,False
docker_test_6.yml,c_flexbison,38,0.0006,False
docker_test_6.yml,c_flexbison,39,0.0007,False
docker_test_6.yml,c_flexbison,40,0.0007,False
docker_test_6.yml,c_flexbison,41,0.0007,False
docker_test_6.yml,c_flexbison,42,0.0007,False
docker_test_6.yml,c_flexbison,43,0.0007,False
docker_test_6.yml,c_flexbison,44,0.0007,False
docker_test_6.yml,c_flexbison,45,0.0007,False
docker_test_6.yml,c_flexbison,46,0.0007,False
docker_test_6.yml,c_flexbison,47,0.0007,False
docker_test_6.yml,c_flexbison,48,0.0007,False
docker_test_6.yml,c_flexbison,49,0.0007,False
docker_test_6.yml,c_flexbison,50,0.0007,False
docker_test_6.yml,c_flexbison,51,0.0006,False
docker_test_6.yml,c_flexbison,52,0.0006,False
docker_test_6.yml,c_flexbison,53,0.0006,False
docker_test_6.yml,c_flexbison,54,0.0007,False
docker_test_6.yml,c_flexbison,55,0.0007,False
docker_test_6.yml,c_flexbison,56,0.0007,False
docker_test_6.yml,c_flexbison,57,0.0006,False
docker_test_6.yml,c_flexbison,58,0.0006,False
docker_test_6.yml,c_flexbison,59,0.0006,False
docker_test_6.yml,c_flexbison,60,0.0006,False
docker_test_6.yml,c_flexbison,61,0.0006,False
docker_test_6.yml,c_flexbison,62,0.0006,False
docker_test_6.yml,c_flexbison,63,0.0007,False
docker_test_6.yml,c_flexbison,64,0.0007,False
docker_test_6.yml,c_flexbison,65,0.0021,False
docker_test_6.yml,c_flexbison,66,0.0008,False
docker_test_6.yml,c_flexbison,67,0.0007,False
docker_test_6.yml,c_flexbison,68,0.0007,False
docker_test_6.yml,c_flexbison,69,0.0007,False
docker_test_6.yml,c_flexbison,70,0.0007,False
docker_test_6.yml,c_flexbison,71,0.0007,False
docker_test_6.yml,c_flexbison,72,0.0007,False
docker_test_6.yml,c_flexbison,73,0.0007,False
docker_test_6.yml,c_flexbison,74,0.0007,False
docker_test_6.yml,c_flexbison,75,0.0007,False
docker_test_6.yml,c_flexbison,76,0.0007,False
docker_test_6.yml,c_flexbison,77,0.0007,False
docker_test_6.yml,c_flexbison,78,0.0007,False
docker_test_6.yml,c_flexbison,79,0.0007,False
docker_test_6.yml,c_flexbison,80,0.0007,False
docker_test_6.yml,c_flexbison,81,0.0007,False
docker_test_6.yml,c_flexbison,82,0.0007,False
docker_test_6.yml,c_flexbison,83,0.0007,False
docker_test_6.yml,c_flexbison,84,0.0006,False
docker_test_6.yml,c_flexbison,85,0.0006,False
docker_test_6.yml,c_flexbison,86,0.0006,False
docker_test_6.yml,c_flexbison,87,0.0006,False
docker_test_6.yml,c_flexbison,88,0.0007,False
docker_test_6.yml,c_flexbison,89,0.0006,False
docker_test_6.yml,c_flexbison,90,0.0007,False
docker_test_6.yml,c_flexbison,91,0.0007,False
docker_test_6.yml,c_flexbison,92,0.0007,False
docker_test_6.yml,c_flexbison,93,0.0006,False
docker_test_6.yml,c_flexbison,94,0.0006,False
docker_test_6.yml,c_flexbison,95,0.0006,False
docker_test_6.yml,c_flexbison,96,0.0006,False
docker_test_6.yml,c_flexbison,97,0.0006,False
docker_test_6.yml,c_flexbison,98,0.0006,False
docker_test_6.yml,c_flexbison,99,0.0006,False
docker_test_6.yml,c_flexbison,100,0.0006,False
docker_test_6.yml,c_flexbison,101,0.0006,False
docker_test_6.yml,c_flexbison,102,0.0006,False
docker_test_6.yml,c_flexbison,103,0.0006,False
docker_test_6.yml,c_flexbison,104,0.0006,False
docker_test_6.yml,c_flexbison,105,0.0007,False
docker_test_6.yml,c_flexbison,106,0.0006,False
docker_test_6.yml,c_flexbison,107,0.0007,False
docker_test_6.yml,c_flexbison,108,0.0006,False
docker_test_6.yml,c_flexbison,109,0.0006,False
docker_test_6.yml,c_flexbison,110,0.0006,False
docker_test_6.yml,c_flexbison,111,0.0007,False
docker_test_6.yml,c_flexbison,112,0.0007,False
docker_test_6.yml,c_flexbison,113,0.0007,False
docker_test_6.yml,c_flexbison,114,0.0007,False
docker_test_6.yml,c_flexbison,115,0.0007,False
docker_test_6.yml,c_flexbison,116,0.0007,False
docker_test_6.yml,c_flexbison,117,0.0006,False
docker_test_6.yml,c_flexbison,118,0.0006,False
docker_test_6.yml,c_flexbison,119,0.0006,False
docker_test_6.yml,c_flexbison,120,0.0006,False
docker_test_6.yml,c_flexbison,121,0.0006,False
docker_test_6.yml,c_flexbison,122,0.0006,False
docker_test_6.yml,c_flexbison,123,0.0007,False
docker_test_6.yml,c_flexbison,124,0.0007,False
docker_test_6.yml,c_flexbison,125,0.0007,False
docker_test_6.yml,c_flexbison,126,0.0007,False
docker_test_6.yml,c_flexbison,127,0.0007,False
docker_test_6.yml,c_flexbison,128,0.0007,False
docker_test_6.yml,c_flexbison,129,0.0007,False
docker_test_6.yml,c_flexbison,130,0.0007,False
docker_test_6.yml,c_flexbison,131,0.0007,False
docker_test_6.yml,c_flexbison,132,0.0007,False
docker_test_6.yml,c_flexbison,133,0.0006,False
docker_test_6.yml,c_flexbison,134,0.0006,False
docker_test_6.yml,c_flexbison,135,0.0006,False
docker_test_6.yml,c_flexbison,136,0.0007,False
docker_test_6.yml,c_flexbison,137,0.0007,False
docker_test_6.yml,c_flexbison,138,0.0007,False
docker_test_6.yml,c_flexbison,139,0.0007,False
docker_test_6.yml,c_flexbison,140,0.0007,False
docker_test_6.yml,c_flexbison,141,0.0007,False
docker_test_6.yml,c_flexbison,142,0.0007,False
docker_test_6.yml,c_flexbison,143,0.0006,False
docker_test_6.yml,c_flexbison,144,0.0007,False
docker_test_6.yml,c_flexbison,145,0.0006,False
docker_test_6.yml,c_flexbison,146,0.0006,False
docker_test_6.yml,c_flexbison,147,0.0006,False
docker_test_6.yml,c_flexbison,148,0.0007,False
docker_test_6.yml,c_flexbison,149,0.0023,False
docker_test_6.yml,c_flexbison,150,0.001,False
docker_test_6.yml,c_flexbison,151,0.0009,False
docker_test_6.yml,c_flexbison,152,0.0008,False
docker_test_6.yml,c_flexbison,153,0.0006,False
docker_test_6.yml,c_flexbison,154,0.0007,False
docker_test_6.yml,c_flexbison,155,0.0007,False
docker_test_6.yml,c_flexbison,156,0.0007,False
docker_test_6.yml,c_flexbison,157,0.0007,False
docker_test_6.yml,c_flexbison,158,0.0007,False
docker_test_6.yml,c_flexbison,159,0.0007,False
docker_test_6.yml,c_flexbison,160,0.0007,False
docker_test_6.yml,c_flexbison,161,0.0007,False
docker_test_6.yml,c_flexbison,162,0.0007,False
docker_test_6.yml,c_flexbison,163,0.0007,False
docker_test_6.yml,c_flexbison,164,0.0007,False
docker_test_6.yml,c_flexbison,165,0.0007,False
docker_test_6.yml,c_flexbison,166,0.0007,False
docker_test_6.yml,c_flexbison,167,0.0006,False
docker_test_6.yml,c_flexbison,168,0.0006,False
docker_test_6.yml,c_flexbison,169,0.0007,False
docker_test_6.yml,c_flexbison,170,0.0007,False
docker_test_6.yml,c_flexbison,171,0.0007,False
docker_test_6.yml,c_flexbison,172,0.0006,False
docker_test_6.yml,c_flexbison,173,0.0006,False
docker_test_6.yml,c_flexbison,174,0.0006,False
docker_test_6.yml,c_flexbison,175,0.0006,False
docker_test_6.yml,c_flexbison,176,0.0006,False
docker_test_6.yml,c_flexbison,177,0.0006,False
docker_test_6.yml,c_flexbison,178,0.0006,False
docker_test_6.yml,c_flexbison,179,0.0006,False
docker_test_6.yml,c_flexbison,180,0.0007,False
docker_test_6.yml,c_flexbison,181,0.0007,False
docker_test_6.yml,c_flexbison,182,0.0007,False
docker_test_6.yml,c_flexbison,183,0.0007,False
docker_test_6.yml,c_flexbison,184,0.0007,False
docker_test_6.yml,c_flexbison,185,0.0007,False
docker_test_6.yml,c_flexbison,186,0.0007,False
docker_test_6.yml,c_flexbison,187,0.0007,False
docker_test_6.yml,c_flexbison,188,0.0007,False
docker_test_6.yml,c_flexbison,189,0.0007,False
docker_test_6.yml,c_flexbison,190,0.0007,False
docker_test_6.yml,c_flexbison,191,0.0007,False
docker_test_6.yml,c_flexbison,192,0.0007,False
docker_test_6.yml,c_flexbison,193,0.0006,False
docker_test_6.yml,c_flexbison,194,0.0007,False
docker_test_6.yml,c_flexbison,195,0.0007,False
docker_test_6.yml,c_flexbison,196,0.0007,False
docker_test_6.yml,c_flexbison,197,0.0007,False
docker_test_6.yml,c_flexbison,198,0.0007,False
docker_test_6.yml,c_flexbison,199,0.0007,False
docker_test_7.yml,c_flexbison,0,0.0033,False
docker_test_7.yml,c_flexbison,1,0.0011,False
docker_test_7.yml,c_flexbison,2,0.0008,False
docker_test_7.yml,c_flexbison,3,0.0007,False
docker_test_7.yml,c_flexbison,4,0.0006,False
docker_test_7.yml,c_flexbison,5,0.0006,False
docker_test_7.yml,c_flexbison,6,0.0006,False
docker_test_7.yml,c_flexbison,7,0.0006,False
docker_test_7.yml,c_flexbison,8,0.0006,False
docker_test_7.yml,c_flexbison,9,0.0006,False
docker_test_7.yml,c_flexbison,10,0.0006,False
docker_test_7.yml,c_flexbison,11,0.0006,False
docker_test_7.yml,c_flexbison,12,0.0006,False
docker_test_7.yml,c_flexbison,13,0.0007,False
docker_test_7.yml,c_flexbison,14,0.0007,False
docker_test_7.yml,c_flexbison,15,0.0007,False
docker_test_7.yml,c_flexbison,16,0.0007,False
docker_test_7.yml,c_flexbison,17,0.0007,False
docker_test_7.yml,c_flexbison,18,0.0007,False
docker_test_7.yml,c_flexbison,19,0.0006,False
docker_test_7.yml,c_flexbison,20,0.0006,False
docker_test_7.yml,c_flexbison,21,0.0007,False
docker_test_7.yml,c_flexbison,22,0.0007,False
docker_test_7.yml,c_flexbison,23,0.0007,False
docker_test_7.yml,c_flexbison,24,0.0007,False
docker_test_7.yml,c_flexbison,25,0.0007,False
docker_test_7.yml,c_flexbison,26,0.0007,False
docker_test_7.yml,c_flexbison,27,0.0007,False
docker_test_7.yml,c_flexbison,28,0.0007,False
docker_test_7.yml,c_flexbison,29,0.0007,False
docker_test_7.yml,c_flexbison,30,0.0006,False
docker_test_7.yml,c_flexbison,31,0.0006,False
docker_test_7.yml,c_flexbison,32,0.0006,False
docker_test_7.yml,c_flexbison,33,0.0006,False
docker_test_7.yml,c_flexbison,34,0.0031,False
docker_test_7.yml,c_flexbison,35,0.0013,False
docker_test_7.yml,c_flexbison,36,0.0011,False
docker_test_7.yml,c_flexbison,37,0.0008,False
docker_test_7.yml,c_flexbison,38,0.0007,False
docker_test_7.yml,c_flexbison,39,0.0007,False
docker_test_7.yml,c_flexbison,40,0.0007,False
docker_test_7.yml,c_flexbison,41,0.0007,False
docker_test_7.yml,c_flexbison,42,0.0007,False
docker_test_7.yml,c_flexbison,43,0.0007,False
docker_test_7.yml,c_flexbison,44,0.0007,False
docker_test_7.yml,c_flexbison,45,0.0006,False
docker_test_7.yml,c_flexbison,46,0.0006,False
docker_test_7.yml,c_flexbison,47,0.0006,False
docker_test_7.yml,c_flexbison,48,0.0006,False
docker_test_7.yml,c_flexbison,49,0.0006,False
docker_test_7.yml,c_flexbison,50,0.0006,False
docker_test_7.yml,c_flexbison,51,0.0007,False
docker_test_7.yml,c_flexbison,52,0.0007,False
docker_test_7.yml,c_flexbison,53,0.0007,False
docker_test_7.yml,c_flexbison,54,0.0007,False
docker_test_7.yml,c_flexbison,55,0.0007,False
docker_test_7.yml,c_flexbison,56,0.0007,False
docker_test_7.yml,c_flexbison,57,0.0007,False
docker_test_7.yml,c_flexbison,58,0.0007,False
docker_test_7.yml,c_flexbison,59,0.0007,False
docker_test_7.yml,c_flexbison,60,0.0006,False
docker_test_7.yml,c_flexbison,61,0.0006,False
docker_test_7.yml,c_flexbison,62,0.0006,False
docker_test_7.yml,c_flexbison,63,0.0006,False
docker_test_7.yml,c_flexbison,64,0.0017,False
docker_test_7.yml,c_flexbison,65,0.0009,False
docker_test_7.yml,c_flexbison,66,0.0008,False
docker_test_7.yml,c_flexbison,67,0.0008,False
docker_test_7.yml,c_flexbison,68,0.0006,False
docker_test_7.yml,c_flexbison,69,0.0006,False
docker_test_7.yml,c_flexbison,70,0.0006,False
docker_test_7.yml,c_flexbison,71,0.0006,False
docker_test_7.yml,c_flexbison,72,0.0006,False
docker_test_7.yml,c_flexbison,73,0.0006,False
docker_test_7.yml,c_flexbison,74,0.0006,False
docker_test_7.yml,c_flexbison,75,0.0006,False
docker_test_7.yml,c_flexbison,76,0.0006,False
docker_test_7.yml,c_flexbison,77,0.0006,False
docker_test_7.yml,c_flexbison,78,0.0006,False
docker_test_7.yml,c_flexbison,79,0.0006,False
docker_test_7.yml,c_flexbison,80,0.0006,False
docker_test_7.yml,c_flexbison,81,0.0006,False
docker_test_7.yml,c_flexbison,82,0.0006,False
docker_test_7.yml,c_flexbison,83,0.0007,False
docker_test_7.yml,c_flexbison,84,0.0007,False
docker_test_7.yml,c_flexbison,85,0.0007,False
docker_test_7.yml,c_flexbison,86,0.0007,False
docker_test_7.yml,c_flexbison,87,0.0007,False
docker_test_7.yml,c_flexbison,88,0.0007,False
docker_test_7.yml,c_flexbison,89,0.0007,False
docker_test_7.yml,c_flexbison,90,0.0007,False
docker_test_7.yml,c_flexbison,91,0.0006,False
docker_test_7.yml,c_flexbison,92,0.0006,False
docker_test_7.yml,c_flexbison,93,0.0006,False
docker_test_7.yml,c_flexbison,94,0.0007,False
docker_test_7.yml,c_flexbison,95,0.0006,False
docker_test_7.yml,c_flexbison,96,0.0006,False
docker_test_7.yml,c_flexbison,97,0.0006,False
docker_test_7.yml,c_flexbison,98,0.0006,False
docker_test_7.yml,c_flexbison,99,0.0006,False
docker_test_7.yml,c_flexbison,100,0.0006,False
docker_test_7.yml,c_flexbison,101,0.0006,False
docker_test_7.yml,c_flexbison,102,0.0006,False
docker_test_7.yml,c_flexbison,103,0.0006,False
docker_test_7.yml,c_flexbison,104,0.0006,False
docker_test_7.yml,c_flexbison,105,0.0006,False
docker_test_7.yml,c_flexbison,106,0.0006,False
docker_test_7.yml,c_flexbison,107,0.0007,False
docker_test_7.yml,c_flexbison,108,0.0007,False
docker_test_7.yml,c_flexbison,109,0.0007,False
docker_test_7.yml,c_flexbison,110,0.0007,False
docker_test_7.yml,c_flexbison,111,0.0007,False
docker_test_7.yml,c_flexbison,112,0.0007,False
docker_test_7.yml,c_flexbison,113,0.0007,False
docker_test_7.yml,c_flexbison,114,0.0007,False
docker_test_7.yml,c_flexbison,115,0.0007,False
docker_test_7.yml,c_flexbison,116,0.0007,False
docker_test_7.yml,c_flexbison,117,0.0006,False
docker_test_7.yml,c_flexbison,118,0.0006,False
docker_test_7.yml,c_flexbison,119,0.0019,False
docker_test_7.yml,c_flexbison,120,0.0008,False
docker_test_7.yml,c_flexbison,121,0.0009,False
docker_test_7.yml,c_flexbison,122,0.0007,False
docker_test_7.yml,c_flexbison,123,0.0006,False
docker_test_7.yml,c_flexbison,124,0.0006,False
docker_test_7.yml,c_flexbison,125,0.0006,False
docker_test_7.yml,c_flexbison,126,0.0006,False
docker_test_7.yml,c_flexbison,127,0.0006,False
docker_test_7.yml,c_flexbison,128,0.0006,False
docker_test_7.yml,c_flexbison,129,0.0006,False
docker_test_7.yml,c_flexbison,130,0.0006,False
docker_test_7.yml,c_flexbison,131,0.0006,False
docker_test_7.yml,c_flexbison,132,0.0006,False
docker_test_7.yml,c_flexbison,133,0.0006,False
docker_test_7.yml,c_flexbison,134,0.0006,False
docker_test_7.yml,c_flexbison,135,0.0006,False
docker_test_7.yml,c_flexbison,136,0.0006,False
docker_test_7.yml,c_flexbison,137,0.0006,False
docker_test_7.yml,c_flexbison,138,0.0006,False
docker_test_7.yml,c_flexbison,139,0.0006,False
docker_test_7.yml,c_flexbison,140,0.0006,False
docker_test_7.yml,c_flexbison,141,0.0006,False
docker_test_7.yml,c_flexbison,142,0.0007,False
docker_test_7.yml,c_flexbison,143,0.0006,False
docker_test_7.yml,c_flexbison,144,0.0006,False
docker_test_7.yml,c_flexbison,145,0.0007,False
docker_test_7.yml,c_flexbison,146,0.0006,False
docker_test_7.yml,c_flexbison,147,0.0007,False
docker_test_7.yml,c_flexbison,148,0.0007,False
docker_test_7.yml,c_flexbison,149,0.0007,False
docker_test_7.yml,c_flexbison,150,0.0007,False
docker_test_7.yml,c_flexbison,151,0.0006,False
docker_test_7.yml,c_flexbison,152,0.0007,False
docker_test_7.yml,c_flexbison,153,0.0007,False
docker_test_7.yml,c_flexbison,154,0.0007,False
docker_test_7.yml,c_flexbison,155,0.0006,False
docker_test_7.yml,c_flexbison,156,0.0006,False
docker_test_7.yml,c_flexbison,157,0.0006,False
docker_test_7.yml,c_flexbison,158,0.0006,False
docker_test_7.yml,c_flexbison,159,0.0007,False
docker_test_7.yml,c_flexbison,160,0.0006,False
docker_test_7.yml,c_flexbison,161,0.0006,False
docker_test_7.yml,c_flexbison,162,0.0006,False
docker_test_7.yml,c_flexbison,163,0.0006,False
docker_test_7.yml,c_flexbison,164,0.0006,False
docker_test_7.yml,c_flexbison,165,0.0006,False
docker_test_7.yml,c_flexbison,166,0.0007,False
docker_test_7.yml,c_flexbison,167,0.0007,False
docker_test_7.yml,c_flexbison,168,0.0007,False
docker_test_7.yml,c_flexbison,169,0.0007,False
docker_test_7.yml,c_flexbison,170,0.0007,False
docker_test_7.yml,c_flexbison,171,0.0007,False
docker_test_7.yml,c_flexbison,172,0.0007,False
docker_test_7.yml,c_flexbison,173,0.0006,False
docker_test_7.yml,c_flexbison,174,0.0006,False
docker_test_7.yml,c_flexbison,175,0.0006,False
docker_test_7.yml,c_flexbison,176,0.0006,False
docker_test_7.yml,c_flexbison,177,0.0006,False
docker_test_7.yml,c_flexbison,178,0.0006,False
docker_test_7.yml,c_flexbison,179,0.0006,False
docker_test_7.yml,c_flexbison,180,0.0006,False
docker_test_7.yml,c_flexbison,181,0.0006,False
docker_test_7.yml,c_flexbison,182,0.0006,False
docker_test_7.yml,c_flexbison,183,0.0006,False
docker_test_7.yml,c_flexbison,184,0.0006,False
docker_test_7.yml,c_flexbison,185,0.0006,False
docker_test_7.yml,c_flexbison,186,0.0006,False
docker_test_7.yml,c_flexbison,187,0.0006,False
docker_test_7.yml,c_flexbison,188,0.0006,False
docker_test_7.yml,c_flexbison,189,0.0006,False
docker_test_7.yml,c_flexbison,190,0.0006,False
docker_test_7.yml,c_flexbison,191,0.0006,False
docker_test_7.yml,c_flexbison,192,0.0006,False
docker_test_7.yml,c_flexbison,193,0.0006,False
docker_test_7.yml,c_flexbison,194,0.0007,False
docker_test_7.yml,c_flexbison,195,0.0007,False
docker_test_7.yml,c_flexbison,196,0.0007,False
docker_test_7.yml,c_flexbison,197,0.0006,False
docker_test_7.yml,c_flexbison,198,0.0006,False
docker_test_7.yml,c_flexbison,199,0.0006,False
docker_test_8.yml,c_flexbison,0,0.0041,False
docker_test_8.yml,c_flexbison,1,0.0012,False
docker_test_8.yml,c_flexbison,2,0.002,False
docker_test_8.yml,c_flexbison,3,0.0008,False
docker_test_8.yml,c_flexbison,4,0.0006,False
docker_test_8.yml,c_flexbison,5,0.0006,False
docker_test_8.yml,c_flexbison,6,0.0007,False
docker_test_8.yml,c_flexbison,7,0.0006,False
docker_test_8.yml,c_flexbison,8,0.0007,False
docker_test_8.yml,c_flexbison,9,0.0007,False
docker_test_8.yml,c_flexbison,10,0.0007,False
docker_test_8.yml,c_flexbison,11,0.0006,False
docker_test_8.yml,c_flexbison,12,0.0006,False
docker_test_8.yml,c_flexbison,13,0.0006,False
docker_test_8.yml,c_flexbison,14,0.0007,False
docker_test_8.yml,c_flexbison,15,0.0007,False
docker_test_8.yml,c_flexbison,16,0.0007,False
docker_test_8.yml,c_flexbison,17,0.0007,False
docker_test_8.yml,c_flexbison,18,0.0007,False
docker_test_8.yml,c_flexbison,19,0.0007,False
docker_test_8.yml,c_flexbison,20,0.0007,False
docker_test_8.yml,c_flexbison,21,0.0007,False
docker_test_8.yml,c_flexbison,22,0.0006,False
docker_test_8.yml,c_flexbison,23,0.0006,False
docker_test_8.yml,c_flexbison,24,0.0007,False
docker_test_8.yml,c_flexbison,25,0.0007,False
docker_test_8.yml,c_flexbison,26,0.0006,False
docker_test_8.yml,c_flexbison,27,0.0006,False
docker_test_8.yml,c_flexbison,28,0.0006,False
docker_test_8.yml,c_flexbison,29,0.0007,False
docker_test_8.yml,c_flexbison,30,0.0006,False
docker_test_8.yml,c_flexbison,31,0.0006,False
docker_test_8.yml,c_flexbison,32,0.0006,False
docker_test_8.yml,c_flexbison,33,0.0006,False
docker_test_8.yml,c_flexbison,34,0.0007,False
docker_test_8.yml,c_flexbison,35,0.0007,False
docker_test_8.yml,c_flexbison,36,0.0007,False
docker_test_8.yml,c_flexbison,37,0.0007,False
docker_test_8.yml,c_flexbison,38,0.0007,False
docker_test_8.yml,c_flexbison,39,0.0007,False
docker_test_8.yml,c_flexbison,40,0.0007,False
docker_test_8.yml,c_flexbison,41,0.0007,False
docker_test_8.yml,c_flexbison,42,0.0006,False
docker_test_8.yml,c_flexbison,43,0.0006,False
docker_test_8.yml,c_flexbison,44,0.0007,False
docker_test_8.yml,c_flexbison,45,0.0007,False
docker_test_8.yml,c_flexbison,46,0.0007,False
docker_test_8.yml,c_flexbison,47,0.0007,False
docker_test_8.yml,c_flexbison,48,0.0006,False
docker_test_8.yml,c_flexbison,49,0.0006,False
docker_test_8.yml,c_flexbison,50,0.0006,False
docker_test_8.yml,c_flexbison,51,0.0006,False
docker_test_8.yml,c_flexbison,52,0.0007,False
docker_test_8.yml,c_flexbison,53,0.0007,False
docker_test_8.yml,c_flexbison,54,0.0007,False
docker_test_8.yml,c_flexbison,55,0.0007,False
docker_test_8.yml,c_flexbison,56,0.0007,False
docker_test_8.yml,c_flexbison,57,0.0007,False
docker_test_8.yml,c_flexbison,58,0.0007,False
docker_test_8.yml,c_flexbison,59,0.0007,False
docker_test_8.yml,c_flexbison,60,0.0007,False
docker_test_8.yml,c_flexbison,61,0.0007,False
docker_test_8.yml,c_flexbison,62,0.0006,False
docker_test_8.yml,c_flexbison,63,0.0007,False
docker_test_8.yml,c_flexbison,64,0.0007,False
docker_test_8.yml,c_flexbison,65,0.0007,False
docker_test_8.yml,c_flexbison,66,0.0007,False
docker_test_8.yml,c_flexbison,67,0.0007,False
docker_test_8.yml,c_flexbison,68,0.0007,False
docker_test_8.yml,c_flexbison,69,0.0007,False
docker_test_8.yml,c_flexbison,70,0.0007,False
docker_test_8.yml,c_flexbison,71,0.0007,False
docker_test_8.yml,c_flexbison,72,0.0007,False
docker_test_8.yml,c_flexbison,73,0.0007,False
docker_test_8.yml,c_flexbison,74,0.0007,False
docker_test_8.yml,c_flexbison,75,0.0006,False
docker_test_8.yml,c_flexbison,76,0.0006,False
docker_test_8.yml,c_flexbison,77,0.0007,False
docker_test_8.yml,c_flexbison,78,0.0007,False
docker_test_8.yml,c_flexbison,79,0.0007,False
docker_test_8.yml,c_flexbison,80,0.0007,False
docker_test_8.yml,c_flexbison,81,0.0007,False
docker_test_8.yml,c_flexbison,82,0.0007,False
docker_test_8.yml,c_flexbison,83,0.0006,False
docker_test_8.yml,c_flexbison,84,0.0006,False
docker_test_8.yml,c_flexbison,85,0.0006,False
docker_test_8.yml,c_flexbison,86,0.0007,False
docker_test_8.yml,c_flexbison,87,0.0007,False
docker_test_8.yml,c_flexbison,88,0.0028,False
docker_test_8.yml,c_flexbison,89,0.0014,False
docker_test_8.yml,c_flexbison,90,0.0011,False
docker_test_8.yml,c_flexbison,91,0.0008,False
docker_test_8.yml,c_flexbison,92,0.0006,False
docker_test_8.yml,c_flexbison,93,0.0007,False
docker_test_8.yml,c_flexbison,94,0.0007,False
docker_test_8.yml,c_flexbison,95,0.0007,False
docker_test_8.yml,c_flexbison,96,0.0007,False
docker_test_8.yml,c_flexbison,97,0.0007,False
docker_test_8.yml,c_flexbison,98,0.0006,False
docker_test_8.yml,c_flexbison,99,0.0006,False
docker_test_8.yml,c_flexbison,100,0.0007,False
docker_test_8.yml,c_flexbison,101,0.0006,False
docker_test_8.yml,c_flexbison,102,0.0006,False
docker_test_8.yml,c_flexbison,103,0.0007,False
docker_test_8.yml,c_flexbison,104,0.0007,False
docker_test_8.yml,c_flexbison,105,0.0007,False
docker_test_8.yml,c_flexbison,106,0.0007,False
docker_test_8.yml,c_flexbison,107,0.0007,False
docker_test_8.yml,c_flexbison,108,0.0006,False
docker_test_8.yml,c_flexbison,109,0.0006,False
docker_test_8.yml,c_flexbison,110,0.0006,False
docker_test_8.yml,c_flexbison,111,0.0006,False
docker_test_8.yml,c_flexbison,112,0.0006,False
docker_test_8.yml,c_flexbison,113,0.0006,False
docker_test_8.yml,c_flexbison,114,0.0006,False
docker_test_8.yml,c_flexbison,115,0.0007,False
docker_test_8.yml,c_flexbison,116,0.0007,False
docker_test_8.yml,c_flexbison,117,0.0007,False
docker_test_8.yml,c_flexbison,118,0.0007,False
docker_test_8.yml,c_flexbison,119,0.0007,False
docker_test_8.yml,c_flexbison,120,0.0007,False
docker_test_8.yml,c_flexbison,121,0.0007,False
docker_test_8.yml,c_flexbison,122,0.0007,False
docker_test_8.yml,c_flexbison,123,0.0007,False
docker_test_8.yml,c_flexbison,124,0.0007,False
docker_test_8.yml,c_flexbison,125,0.0006,False
docker_test_8.yml,c_flexbison,126,0.0006,False
docker_test_8.yml,c_flexbison,127,0.0006,False
docker_test_8.yml,c_flexbison,128,0.0006,False
docker_test_8.yml,c_flexbison,129,0.0006,False
docker_test_8.yml,c_flexbison,130,0.0006,False
docker_test_8.yml,c_flexbison,131,0.0006,False
docker_test_8.yml,c_flexbison,132,0.0007,False
docker_test_8.yml,c_flexbison,133,0.0006,False
docker_test_8.yml,c_flexbison,134,0.0006,False
docker_test_8.yml,c_flexbison,135,0.0006,False
docker_test_8.yml,c_flexbison,136,0.0007,False
docker_test_8.yml,c_flexbison,137,0.0007,False
docker_test_8.yml,c_flexbison,138,0.0007,False
docker_test_8.yml,c_flexbison,139,0.0007,False
docker_test_8.yml,c_flexbison,140,0.0007,False
docker_test_8.yml,c_flexbison,141,0.0007,False
docker_test_8.yml,c_flexbison,142,0.0007,False
docker_test_8.yml,c_flexbison,143,0.0007,False
docker_test_8.yml,c_flexbison,144,0.0007,False
docker_test_8.yml,c_flexbison,145,0.0007,False
docker_test_8.yml,c_flexbison,146,0.0007,False
docker_test_8.yml,c_flexbison,147,0.0007,False
docker_test_8.yml,c_flexbison,148,0.0007,False
docker_test_8.yml,c_flexbison,149,0.0007,False
docker_test_8.yml,c_flexbison,150,0.0007,False
docker_test_8.yml,c_flexbison,151,0.0007,False
docker_test_8.yml,c_flexbison,152,0.0007,False
docker_test_8.yml,c_flexbison,153,0.0007,False
docker_test_8.yml,c_flexbison,154,0.0007,False
docker_test_8.yml,c_flexbison,155,0.0006,False
docker_test_8.yml,c_flexbison,156,0.0007,False
docker_test_8.yml,c_flexbison,157,0.0007,False
docker_test_8.yml,c_flexbison,158,0.0007,False
docker_test_8.yml,c_flexbison,159,0.0007,False
docker_test_8.yml,c_flexbison,160,0.0007,False
docker_test_8.yml,c_flexbison,161,0.0007,False
docker_test_8.yml,c_flexbison,162,0.0007,False
docker_test_8.yml,c_flexbison,163,0.0007,False
docker_test_8.yml,c_flexbison,164,0.0007,False
docker_test_8.yml,c_flexbison,165,0.0007,False
docker_test_8.yml,c_flexbison,166,0.0007,False
docker_test_8.yml,c_flexbison,167,0.0006,False
docker_test_8.yml,c_flexbison,168,0.0015,False
docker_test_8.yml,c_flexbison,169,0.0008,False
docker_test_8.yml,c_flexbison,170,0.0007,False
docker_test_8.yml,c_flexbison,171,0.0008,False
docker_test_8.yml,c_flexbison,172,0.0017,False
docker_test_8.yml,c_flexbison,173,0.0007,False
docker_test_8.yml,c_flexbison,174,0.0007,False
docker_test_8.yml,c_flexbison,175,0.0006,False
docker_test_8.yml,c_flexbison,176,0.0007,False
docker_test_8.yml,c_flexbison,177,0.0007,False
docker_test_8.yml,c_flexbison,178,0.0007,False
docker_test_8.yml,c_flexbison,179,0.0006,False
docker_test_8.yml,c_flexbison,180,0.0007,False
docker_test_8.yml,c_flexbison,181,0.0007,False
docker_test_8.yml,c_flexbison,182,0.0007,False
docker_test_8.yml,c_flexbison,183,0.0007,False
docker_test_8.yml,c_flexbison,184,0.0007,False
docker_test_8.yml,c_flexbison,185,0.0007,False
docker_test_8.yml,c_flexbison,186,0.0007,False
docker_test_8.yml,c_flexbison,187,0.0006,False
docker_test_8.yml,c_flexbison,188,0.0007,False
docker_test_8.yml,c_flexbison,189,0.0007,False
docker_test_8.yml,c_flexbison,190,0.0007,False
docker_test_8.yml,c_flexbison,191,0.0007,False
docker_test_8.yml,c_flexbison,192,0.0006,False
docker_test_8.yml,c_flexbison,193,0.0006,False
docker_test_8.yml,c_flexbison,194,0.0006,False
docker_test_8.yml,c_flexbison,195,0.0007,False
docker_test_8.yml,c_flexbison,196,0.0006,False
docker_test_8.yml,c_flexbison,197,0.0006,False
docker_test_8.yml,c_flexbison,198,0.0006,False
docker_test_8.yml,c_flexbison,199,0.0007,False
docker_test_9.yml,c_flexbison,0,0.004,False
docker_test_9.yml,c_flexbison,1,0.001,False
docker_test_9.yml,c_flexbison,2,0.0257,False
docker_test_9.yml,c_flexbison,3,0.0015,False
docker_test_9.yml,c_flexbison,4,0.0009,False
docker_test_9.yml,c_flexbison,5,0.0007,False
docker_test_9.yml,c_flexbison,6,0.0006,False
docker_test_9.yml,c_flexbison,7,0.0006,False
docker_test_9.yml,c_flexbison,8,0.0006,False
docker_test_9.yml,c_flexbison,9,0.0007,False
docker_test_9.yml,c_flexbison,10,0.0007,False
docker_test_9.yml,c_flexbison,11,0.0006,False
docker_test_9.yml,c_flexbison,12,0.0007,False
docker_test_9.yml,c_flexbison,13,0.0007,False
docker_test_9.yml,c_flexbison,14,0.0007,False
docker_test_9.yml,c_flexbison,15,0.0007,False
docker_test_9.yml,c_flexbison,16,0.0007,False
docker_test_9.yml,c_flexbison,17,0.0007,False
docker_test_9.yml,c_flexbison,18,0.0006,False
docker_test_9.yml,c_flexbison,19,0.0007,False
docker_test_9.yml,c_flexbison,20,0.0006,False
docker_test_9.yml,c_flexbison,21,0.0006,False
docker_test_9.yml,c_flexbison,22,0.0006,False
docker_test_9.yml,c_flexbison,23,0.0579,False
docker_test_9.yml,c_flexbison,24,0.0014,False
docker_test_9.yml,c_flexbison,25,0.001,False
docker_test_9.yml,c_flexbison,26,0.001,False
docker_test_9.yml,c_flexbison,27,0.0009,False
docker_test_9.yml,c_flexbison,28,0.0007,False
docker_test_9.yml,c_flexbison,29,0.0007,False
docker_test_9.yml,c_flexbison,30,0.0007,False
docker_test_9.yml,c_flexbison,31,0.0007,False
docker_test_9.yml,c_flexbison,32,0.0007,False
docker_test_9.yml,c_flexbison,33,0.0006,False
docker_test_9.yml,c_flexbison,34,0.0006,False
docker_test_9.yml,c_flexbison,35,0.0006,False
docker_test_9.yml,c_flexbison,36,0.0006,False
docker_test_9.yml,c_flexbison,37,0.0006,False
docker_test_9.yml,c_flexbison,38,0.0006,False
docker_test_9.yml,c_flexbison,39,0.0006,False
docker_test_9.yml,c_flexbison,40,0.0006,False
docker_test_9.yml,c_flexbison,41,0.0006,False
docker_test_9.yml,c_flexbison,42,0.0006,False
docker_test_9.yml,c_flexbison,43,0.0007,False
docker_test_9.yml,c_flexbison,44,0.0007,False
docker_test_9.yml,c_flexbison,45,0.0007,False
docker_test_9.yml,c_flexbison,46,0.0007,False
docker_test_9.yml,c_flexbison,47,0.0007,False
docker_test_9.yml,c_flexbison,48,0.0007,False
docker_test_9.yml,c_flexbison,49,0.0007,False
docker_test_9.yml,c_flexbison,50,0.0007,False
docker_test_9.yml,c_flexbison,51,0.0007,False
docker_test_9.yml,c_flexbison,52,0.0006,False
docker_test_9.yml,c_flexbison,53,0.0007,False
docker_test_9.yml,c_flexbison,54,0.0007,False
docker_test_9.yml,c_flexbison,55,0.0007,False
docker_test_9.yml,c_flexbison,56,0.0047,False
docker_test_9.yml,c_flexbison,57,0.0014,False
docker_test_9.yml,c_flexbison,58,0.0009,False
docker_test_9.yml,c_flexbison,59,0.0008,False
docker_test_9.yml,c_flexbison,60,0.0007,False
docker_test_9.yml,c_flexbison,61,0.0006,False
docker_test_9.yml,c_flexbison,62,0.0007,False
docker_test_9.yml,c_flexbison,63,0.0007,False
docker_test_9.yml,c_flexbison,64,0.0007,False
docker_test_9.yml,c_flexbison,65,0.0007,False
docker_test_9.yml,c_flexbison,66,0.0007,False
docker_test_9.yml,c_flexbison,67,0.0007,False
docker_test_9.yml,c_flexbison,68,0.0007,False
docker_test_9.yml,c_flexbison,69,0.0007,False
docker_test_9.yml,c_flexbison,70,0.0007,False
docker_test_9.yml,c_flexbison,71,0.0007,False
docker_test_9.yml,c_flexbison,72,0.0007,False
docker_test_9.yml,c_flexbison,73,0.0006,False
docker_test_9.yml,c_flexbison,74,0.0006,False
docker_test_9.yml,c_flexbison,75,0.0006,False
docker_test_9.yml,c_flexbison,76,0.0006,False
docker_test_9.yml,c_flexbison,77,0.0006,False
docker_test_9.yml,c_flexbison,78,0.0006,False
docker_test_9.yml,c_flexbison,79,0.0006,False
docker_test_9.yml,c_flexbison,80,0.0006,False
docker_test_9.yml,c_flexbison,81,0.0006,False
docker_test_9.yml,c_flexbison,82,0.0007,False
docker_test_9.yml,c_flexbison,83,0.0007,False
docker_test_9.yml,c_flexbison,84,0.0007,False
docker_test_9.yml,c_flexbison,85,0.0007,False
docker_test_9.yml,c_flexbison,86,0.0007,False
docker_test_9.yml,c_flexbison,87,0.0007,False
docker_test_9.yml,c_flexbison,88,0.0007,False
docker_test_9.yml,c_flexbison,89,0.0006,False
docker_test_9.yml,c_flexbison,90,0.0006,False
docker_test_9.yml,c_flexbison,91,0.0006,False
docker_test_9.yml,c_flexbison,92,0.0006,False
docker_test_9.yml,c_flexbison,93,0.0007,False
docker_test_9.yml,c_flexbison,94,0.0007,False
docker_test_9.yml,c_flexbison,95,0.0007,False
docker_test_9.yml,c_flexbison,96,0.0007,False
docker_test_9.yml,c_flexbison,97,0.0007,False
docker_test_9.yml,c_flexbison,98,0.0007,False
docker_test_9.yml,c_flexbison,99,0.0007,False
docker_test_9.yml,c_flexbison,100,0.0006,False
docker_test_9.yml,c_flexbison,101,0.0006,False
docker_test_9.yml,c_flexbison,102,0.0006,False
docker_test_9.yml,c_flexbison,103,0.0006,False
docker_test_9.yml,c_flexbison,104,0.0006,False
docker_test_9.yml,c_flexbison,105,0.0006,False
docker_test_9.yml,c_flexbison,106,0.0006,False
docker_test_9.yml,c_flexbison,107,0.0006,False
docker_test_9.yml,c_flexbison,108,0.0006,False
docker_test_9.yml,c_flexbison,109,0.0006,False
docker_test_9.yml,c_flexbison,110,0.0006,False
docker_test_9.yml,c_flexbison,111,0.0006,False
docker_test_9.yml,c_flexbison,112,0.0006,False
docker_test_9.yml,c_flexbison,113,0.0006,False
docker_test_9.yml,c_flexbison,114,0.0006,False
docker_test_9.yml,c_flexbison,115,0.0006,False
docker_test_9.yml,c_flexbison,116,0.0006,False
docker_test_9.yml,c_flexbison,117,0.0006,False
docker_test_9.yml,c_flexbison,118,0.0007,False
docker_test_9.yml,c_flexbison,119,0.0008,False
docker_test_9.yml,c_flexbison,120,0.0006,False
docker_test_9.yml,c_flexbison,121,0.0006,False
docker_test_9.yml,c_flexbison,122,0.0006,False
docker_test_9.yml,c_flexbison,123,0.0006,False
docker_test_9.yml,c_flexbison,124,0.0006,False
docker_test_9.yml,c_flexbison,125,0.0006,False
docker_test_9.yml,c_flexbison,126,0.0007,False
docker_test_9.yml,c_flexbison,127,0.0007,False
docker_test_9.yml,c_flexbison,128,0.0007,False
docker_test_9.yml,c_flexbison,129,0.0007,False
docker_test_9.yml,c_flexbison,130,0.0007,False
docker_test_9.yml,c_flexbison,131,0.0007,False
docker_test_9.yml,c_flexbison,132,0.0006,False
docker_test_9.yml,c_flexbison,133,0.0008,False
docker_test_9.yml,c_flexbison,134,0.0007,False
docker_test_9.yml,c_flexbison,135,0.0006,False
docker_test_9.yml,c_flexbison,136,0.0006,False
docker_test_9.yml,c_flexbison,137,0.0007,False
docker_test_9.yml,c_flexbison,138,0.0006,False
docker_test_9.yml,c_flexbison,139,0.0007,False
docker_test_9.yml,c_flexbison,140,0.0007,False
docker_test_9.yml,c_flexbison,141,0.0039,False
docker_test_9.yml,c_flexbison,142,0.0007,False
docker_test_9.yml,c_flexbison,143,0.0007,False
docker_test_9.yml,c_flexbison,144,0.0006,False
docker_test_9.yml,c_flexbison,145,0.0006,False
docker_test_9.yml,c_flexbison,146,0.0006,False
docker_test_9.yml,c_flexbison,147,0.0006,False
docker_test_9.yml,c_flexbison,148,0.0006,False
docker_test_9.yml,c_flexbison,149,0.0007,False
docker_test_9.yml,c_flexbison,150,0.0007,False
docker_test_9.yml,c_flexbison,151,0.0007,False
docker_test_9.yml,c_flexbison,152,0.0007,False
docker_test_9.yml,c_flexbison,153,0.0007,False
docker_test_9.yml,c_flexbison,154,0.0007,False
docker_test_9.yml,c_flexbison,155,0.0007,False
docker_test_9.yml,c_flexbison,156,0.0007,False
docker_test_9.yml,c_flexbison,157,0.0007,False
docker_test_9.yml,c_flexbison,158,0.0006,False
docker_test_9.yml,c_flexbison,159,0.0006,False
docker_test_9.yml,c_flexbison,160,0.0006,False
docker_test_9.yml,c_flexbison,161,0.0006,False
docker_test_9.yml,c_flexbison,162,0.0006,False
docker_test_9.yml,c_flexbison,163,0.0006,False
docker_test_9.yml,c_flexbison,164,0.0006,False
docker_test_9.yml,c_flexbison,165,0.0006,False
docker_test_9.yml,c_flexbison,166,0.0006,False
docker_test_9.yml,c_flexbison,167,0.0006,False
docker_test_9.yml,c_flexbison,168,0.0007,False
docker_test_9.yml,c_flexbison,169,0.0007,False
docker_test_9.yml,c_flexbison,170,0.0007,False
docker_test_9.yml,c_flexbison,171,0.0007,False
docker_test_9.yml,c_flexbison,172,0.0007,False
docker_test_9.yml,c_flexbison,173,0.0007,False
docker_test_9.yml,c_flexbison,174,0.0007,False
docker_test_9.yml,c_flexbison,175,0.0007,False
docker_test_9.yml,c_flexbison,176,0.0007,False
docker_test_9.yml,c_flexbison,177,0.0007,False
docker_test_9.yml,c_flexbison,178,0.0007,False
docker_test_9.yml,c_flexbison,179,0.0007,False
docker_test_9.yml,c_flexbison,180,0.0007,False
docker_test_9.yml,c_flexbison,181,0.0007,False
docker_test_9.yml,c_flexbison,182,0.0007,False
docker_test_9.yml,c_flexbison,183,0.0007,False
docker_test_9.yml,c_flexbison,184,0.0007,False
docker_test_9.yml,c_flexbison,185,0.0007,False
docker_test_9.yml,c_flexbison,186,0.0007,False
docker_test_9.yml,c_flexbison,187,0.0007,False
docker_test_9.yml,c_flexbison,188,0.0007,False
docker_test_9.yml,c_flexbison,189,0.0007,False
docker_test_9.yml,c_flexbison,190,0.0006,False
docker_test_9.yml,c_flexbison,191,0.0006,False
docker_test_9.yml,c_flexbison,192,0.0006,False
docker_test_9.yml,c_flexbison,193,0.0007,False
docker_test_9.yml,c_flexbison,194,0.0006,False
docker_test_9.yml,c_flexbison,195,0.0006,False
docker_test_9.yml,c_flexbison,196,0.0006,False
docker_test_9.yml,c_flexbison,197,0.0006,False
docker_test_9.yml,c_flexbison,198,0.0007,False
docker_test_9.yml,c_flexbison,199,0.0007,False
