file,lang,run,time_ms,ok
docker_test_1.yml,python_antlr,0,10.722299000008206,False
docker_test_1.yml,python_antlr,1,0.6323000006887014,False
docker_test_1.yml,python_antlr,2,0.7022999998298474,False
docker_test_1.yml,python_antlr,3,1.0202999992543482,False
docker_test_1.yml,python_antlr,4,0.46939999992900994,False
docker_test_1.yml,python_antlr,5,0.7971999993969803,False
docker_test_1.yml,python_antlr,6,0.5237000004854053,False
docker_test_1.yml,python_antlr,7,0.5555999996431638,False
docker_test_1.yml,python_antlr,8,1.0365999996793107,False
docker_test_1.yml,python_antlr,9,0.4644999999072752,False
docker_test_1.yml,python_antlr,10,0.7149000002755201,False
docker_test_1.yml,python_antlr,11,0.4272999995009741,False
docker_test_1.yml,python_antlr,12,0.5294000002322719,False
docker_test_1.yml,python_antlr,13,0.45980000049894443,False
docker_test_1.yml,python_antlr,14,0.7440999997925246,False
docker_test_1.yml,python_antlr,15,0.5282000001898268,False
docker_test_1.yml,python_antlr,16,0.49500000022817403,False
docker_test_1.yml,python_antlr,17,0.3773000007640803,False
docker_test_1.yml,python_antlr,18,0.9658999997554929,False
docker_test_1.yml,python_antlr,19,0.8757999994486454,False
docker_test_1.yml,python_antlr,20,0.4535999996733153,False
docker_test_1.yml,python_antlr,21,0.6129000003056717,False
docker_test_1.yml,python_antlr,22,0.38860000040585874,False
docker_test_1.yml,python_antlr,23,0.4341000003478257,False
docker_test_1.yml,python_antlr,24,0.4239999998389976,False
docker_test_1.yml,python_antlr,25,0.527700000020559,False
docker_test_1.yml,python_antlr,26,0.3842000005533919,False
docker_test_1.yml,python_antlr,27,0.6696990003547398,False
docker_test_1.yml,python_antlr,28,0.39319999996223487,False
docker_test_1.yml,python_antlr,29,0.5115000003570458,False
docker_test_1.yml,python_antlr,30,0.978699999905075,False
docker_test_1.yml,python_antlr,31,0.4709999993792735,False
docker_test_1.yml,python_antlr,32,0.38070000027801143,False
docker_test_1.yml,python_antlr,33,0.6898000001456239,False
docker_test_1.yml,python_antlr,34,0.5722000005334849,False
docker_test_1.yml,python_antlr,35,0.5124999997860868,False
docker_test_1.yml,python_antlr,36,1.3266999994812068,False
docker_test_1.yml,python_antlr,37,0.46440000005532056,False
docker_test_1.yml,python_antlr,38,0.5293000003803172,False
docker_test_1.yml,python_antlr,39,0.6158000005598296,False
docker_test_1.yml,python_antlr,40,0.4011999999420368,False
docker_test_1.yml,python_antlr,41,0.5332000000635162,False
docker_test_1.yml,python_antlr,42,0.3808999999819207,False
docker_test_1.yml,python_antlr,43,0.42780000057973666,False
docker_test_1.yml,python_antlr,44,0.4152999999860185,False
docker_test_1.yml,python_antlr,45,0.4791000001205248,False
docker_test_1.yml,python_antlr,46,1.3580989998445148,False
docker_test_1.yml,python_antlr,47,0.6695000001855078,False
docker_test_1.yml,python_antlr,48,0.43110000024171313,False
docker_test_1.yml,python_antlr,49,0.4840000001422595,False
docker_test_1.yml,python_antlr,50,0.3873000005114591,False
docker_test_1.yml,python_antlr,51,1.0141000002477085,False
docker_test_1.yml,python_antlr,52,0.42130000019824365,False
docker_test_1.yml,python_antlr,53,0.4980000003342866,False
docker_test_1.yml,python_antlr,54,0.43589999950199854,False
docker_test_1.yml,python_antlr,55,0.6195000005391194,False
docker_test_1.yml,python_antlr,56,0.5148000000190223,False
docker_test_1.yml,python_antlr,57,0.43869999990420183,False
docker_test_1.yml,python_antlr,58,0.5070000006526243,False
docker_test_1.yml,python_antlr,59,0.47929999982443405,False
docker_test_1.yml,python_antlr,60,0.3882000000885455,False
docker_test_1.yml,python_antlr,61,0.426300000071933,False
docker_test_1.yml,python_antlr,62,0.8946999996624072,False
docker_test_1.yml,python_antlr,63,0.7041999997454695,False
docker_test_1.yml,python_antlr,64,0.8778999999776715,False
docker_test_1.yml,python_antlr,65,1.675199000601424,False
docker_test_1.yml,python_antlr,66,0.46639999982289737,False
docker_test_1.yml,python_antlr,67,1.0544000006120768,False
docker_test_1.yml,python_antlr,68,0.45839999984309543,False
docker_test_1.yml,python_antlr,69,1.0433999996166676,False
docker_test_1.yml,python_antlr,70,0.42780000057973666,False
docker_test_1.yml,python_antlr,71,0.5019000000174856,False
docker_test_1.yml,python_antlr,72,0.9521000001768698,False
docker_test_1.yml,python_antlr,73,0.5499999997482519,False
docker_test_1.yml,python_antlr,74,0.7273999999597436,False
docker_test_1.yml,python_antlr,75,0.5116000002090004,False
docker_test_1.yml,python_antlr,76,0.38190000032045646,False
docker_test_1.yml,python_antlr,77,0.7634000003235997,False
docker_test_1.yml,python_antlr,78,0.40720000015426194,False
docker_test_1.yml,python_antlr,79,0.9634999996706028,False
docker_test_1.yml,python_antlr,80,0.4637000001821434,False
docker_test_1.yml,python_antlr,81,0.49340000077791046,False
docker_test_1.yml,python_antlr,82,0.481999999465188,False
docker_test_1.yml,python_antlr,83,0.7626999995409278,False
docker_test_1.yml,python_antlr,84,0.5817990004288731,False
docker_test_1.yml,python_antlr,85,0.4428000002008048,False
docker_test_1.yml,python_antlr,86,0.40239999998448184,False
docker_test_1.yml,python_antlr,87,0.8253000005424838,False
docker_test_1.yml,python_antlr,88,0.539300000127696,False
docker_test_1.yml,python_antlr,89,0.45730000056209974,False
docker_test_1.yml,python_antlr,90,0.39030000061757164,False
docker_test_1.yml,python_antlr,91,0.3828999997494975,False
docker_test_1.yml,python_antlr,92,0.3639999995357357,False
docker_test_1.yml,python_antlr,93,0.5736000002798392,False
docker_test_1.yml,python_antlr,94,0.5782999996881699,False
docker_test_1.yml,python_antlr,95,0.5379999993238016,False
docker_test_1.yml,python_antlr,96,0.3853999996863422,False
docker_test_1.yml,python_antlr,97,0.48579999929643236,False
docker_test_1.yml,python_antlr,98,0.9628999996493803,False
docker_test_1.yml,python_antlr,99,0.5424000000857632,False
docker_test_1.yml,python_antlr,100,0.4719000007753493,False
docker_test_1.yml,python_antlr,101,0.4402999993544654,False
docker_test_1.yml,python_antlr,102,0.8655999999973574,False
docker_test_1.yml,python_antlr,103,0.5691999995178776,False
docker_test_1.yml,python_antlr,104,0.39370000013150275,False
docker_test_1.yml,python_antlr,105,0.48690000039641745,False
docker_test_1.yml,python_antlr,106,0.4953990001013153,False
docker_test_1.yml,python_antlr,107,0.9413000007043593,False
docker_test_1.yml,python_antlr,108,0.549400000636524,False
docker_test_1.yml,python_antlr,109,0.5587000005107257,False
docker_test_1.yml,python_antlr,110,0.38239999958022963,False
docker_test_1.yml,python_antlr,111,0.497699999868928,False
docker_test_1.yml,python_antlr,112,0.6019000002197572,False
docker_test_1.yml,python_antlr,113,0.6585999999515479,False
docker_test_1.yml,python_antlr,114,0.5778000004283967,False
docker_test_1.yml,python_antlr,115,0.5412000000433181,False
docker_test_1.yml,python_antlr,116,0.44470000011642696,False
docker_test_1.yml,python_antlr,117,0.43710000045393826,False
docker_test_1.yml,python_antlr,118,0.5093999998280196,False
docker_test_1.yml,python_antlr,119,0.4802999992534751,False
docker_test_1.yml,python_antlr,120,0.3872999996019644,False
docker_test_1.yml,python_antlr,121,0.8499000005031121,False
docker_test_1.yml,python_antlr,122,0.477100000352948,False
docker_test_1.yml,python_antlr,123,2.5397990002602455,False
docker_test_1.yml,python_antlr,124,0.6531999997605453,False
docker_test_1.yml,python_antlr,125,0.4515999999057385,False
docker_test_1.yml,python_antlr,126,0.40219999937107787,False
docker_test_1.yml,python_antlr,127,0.4338000007919618,False
docker_test_1.yml,python_antlr,128,0.4450999995242455,False
docker_test_1.yml,python_antlr,129,0.8275000000139698,False
docker_test_1.yml,python_antlr,130,0.49310000031255186,False
docker_test_1.yml,python_antlr,131,0.608999999712978,False
docker_test_1.yml,python_antlr,132,0.5984999997963314,False
docker_test_1.yml,python_antlr,133,0.5267000005915179,False
docker_test_1.yml,python_antlr,134,0.4830999996556784,False
docker_test_1.yml,python_antlr,135,0.3983999995398335,False
docker_test_1.yml,python_antlr,136,0.4808000003322377,False
docker_test_1.yml,python_antlr,137,0.47540000014123507,False
docker_test_1.yml,python_antlr,138,0.39199999991978984,False
docker_test_1.yml,python_antlr,139,0.6061000003683148,False
docker_test_1.yml,python_antlr,140,0.5127000003994908,False
docker_test_1.yml,python_antlr,141,0.49619999936112436,False
docker_test_1.yml,python_antlr,142,0.42130000019824365,False
docker_test_1.yml,python_antlr,143,0.4333000006226939,False
docker_test_1.yml,python_antlr,144,0.3664999994725804,False
docker_test_1.yml,python_antlr,145,0.42959900019923225,False
docker_test_1.yml,python_antlr,146,0.4346000005170936,False
docker_test_1.yml,python_antlr,147,0.7562999999208841,False
docker_test_1.yml,python_antlr,148,0.6123000002844492,False
docker_test_1.yml,python_antlr,149,0.5184000001463573,False
docker_test_1.yml,python_antlr,150,0.39030000061757164,False
docker_test_1.yml,python_antlr,151,0.43109999933221843,False
docker_test_1.yml,python_antlr,152,0.527499999407155,False
docker_test_1.yml,python_antlr,153,0.5366999994294019,False
docker_test_1.yml,python_antlr,154,0.3843000004053465,False
docker_test_1.yml,python_antlr,155,0.457500000266009,False
docker_test_1.yml,python_antlr,156,0.4195000001345761,False
docker_test_1.yml,python_antlr,157,0.5568999995375634,False
docker_test_1.yml,python_antlr,158,0.44890000026498456,False
docker_test_1.yml,python_antlr,159,0.5416999993030913,False
docker_test_1.yml,python_antlr,160,0.4336000001785578,False
docker_test_1.yml,python_antlr,161,0.47989999984565657,False
docker_test_1.yml,python_antlr,162,0.41620000047259964,False
docker_test_1.yml,python_antlr,163,0.5195999992793077,False
docker_test_1.yml,python_antlr,164,1.1707000003298162,False
docker_test_1.yml,python_antlr,165,0.6241999999474501,False
docker_test_1.yml,python_antlr,166,0.594699999965087,False
docker_test_1.yml,python_antlr,167,0.8107989997370169,False
docker_test_1.yml,python_antlr,168,0.8184999996956321,False
docker_test_1.yml,python_antlr,169,0.6804000004194677,False
docker_test_1.yml,python_antlr,170,0.39620000006834744,False
docker_test_1.yml,python_antlr,171,0.500300000567222,False
docker_test_1.yml,python_antlr,172,0.5151000004843809,False
docker_test_1.yml,python_antlr,173,0.5240000000412692,False
docker_test_1.yml,python_antlr,174,0.4683999995904742,False
docker_test_1.yml,python_antlr,175,0.6533000005219947,False
docker_test_1.yml,python_antlr,176,0.3954999992856756,False
docker_test_1.yml,python_antlr,177,0.6126999996922677,False
docker_test_1.yml,python_antlr,178,0.39449999985663453,False
docker_test_1.yml,python_antlr,179,0.5890000002182205,False
docker_test_1.yml,python_antlr,180,0.5107999995743739,False
docker_test_1.yml,python_antlr,181,0.43599999935395317,False
docker_test_1.yml,python_antlr,182,0.530100000105449,False
docker_test_1.yml,python_antlr,183,0.6004999995639082,False
docker_test_1.yml,python_antlr,184,0.4591999995682272,False
docker_test_1.yml,python_antlr,185,0.5068000000392203,False
docker_test_1.yml,python_antlr,186,0.48969999988912605,False
docker_test_1.yml,python_antlr,187,0.5033000006733346,False
docker_test_1.yml,python_antlr,188,0.4803000001629698,False
docker_test_1.yml,python_antlr,189,0.5138989999977639,False
docker_test_1.yml,python_antlr,190,0.5316999995557126,False
docker_test_1.yml,python_antlr,191,0.5430000001069857,False
docker_test_1.yml,python_antlr,192,0.5419999997684499,False
docker_test_1.yml,python_antlr,193,0.6254999998418498,False
docker_test_1.yml,python_antlr,194,0.8805999996184255,False
docker_test_1.yml,python_antlr,195,0.8716000002095825,False
docker_test_1.yml,python_antlr,196,0.6608000003325287,False
docker_test_1.yml,python_antlr,197,0.9179999997286359,False
docker_test_1.yml,python_antlr,198,0.7339000003412366,False
docker_test_1.yml,python_antlr,199,0.7489999998142594,False
docker_test_10.yml,python_antlr,0,0.8499000005031121,False
docker_test_10.yml,python_antlr,1,0.6039999998392886,False
docker_test_10.yml,python_antlr,2,0.4896000000371714,False
docker_test_10.yml,python_antlr,3,0.5909000001338427,False
docker_test_10.yml,python_antlr,4,0.4581000002872315,False
docker_test_10.yml,python_antlr,5,0.5127000003994908,False
docker_test_10.yml,python_antlr,6,0.8355999998457264,False
docker_test_10.yml,python_antlr,7,0.865699999849312,False
docker_test_10.yml,python_antlr,8,1.3661999992109486,False
docker_test_10.yml,python_antlr,9,1.7043999996531056,False
docker_test_10.yml,python_antlr,10,0.5972999997538864,False
docker_test_10.yml,python_antlr,11,2.162298999792256,False
docker_test_10.yml,python_antlr,12,0.4564000000755186,False
docker_test_10.yml,python_antlr,13,0.5848000000696629,False
docker_test_10.yml,python_antlr,14,0.39740000011079246,False
docker_test_10.yml,python_antlr,15,0.5623000006380607,False
docker_test_10.yml,python_antlr,16,0.6305000006250339,False
docker_test_10.yml,python_antlr,17,0.4622999995262944,False
docker_test_10.yml,python_antlr,18,0.38469999981316505,False
docker_test_10.yml,python_antlr,19,0.9508000002824701,False
docker_test_10.yml,python_antlr,20,0.5353000005925423,False
docker_test_10.yml,python_antlr,21,0.5703000006178627,False
docker_test_10.yml,python_antlr,22,0.3765999999814085,False
docker_test_10.yml,python_antlr,23,0.3801000002567889,False
docker_test_10.yml,python_antlr,24,0.4288000000087777,False
docker_test_10.yml,python_antlr,25,0.5352999996830476,False
docker_test_10.yml,python_antlr,26,0.5638000002363697,False
docker_test_10.yml,python_antlr,27,0.6971000002522487,False
docker_test_10.yml,python_antlr,28,0.5089000005682465,False
docker_test_10.yml,python_antlr,29,0.44350000007398194,False
docker_test_10.yml,python_antlr,30,0.4232000001138658,False
docker_test_10.yml,python_antlr,31,0.4825000005439506,False
docker_test_10.yml,python_antlr,32,0.4334999994171085,False
docker_test_10.yml,python_antlr,33,0.3918999991583405,False
docker_test_10.yml,python_antlr,34,0.37109900040377397,False
docker_test_10.yml,python_antlr,35,0.37909999991825316,False
docker_test_10.yml,python_antlr,36,0.3660000002128072,False
docker_test_10.yml,python_antlr,37,0.4729000002043904,False
docker_test_10.yml,python_antlr,38,0.43420000019978033,False
docker_test_10.yml,python_antlr,39,0.4338999997344217,False
docker_test_10.yml,python_antlr,40,0.4127000001972192,False
docker_test_10.yml,python_antlr,41,0.5295000000842265,False
docker_test_10.yml,python_antlr,42,0.4910000006930204,False
docker_test_10.yml,python_antlr,43,0.5655000004480826,False
docker_test_10.yml,python_antlr,44,0.3859999997075647,False
docker_test_10.yml,python_antlr,45,0.5001999998057727,False
docker_test_10.yml,python_antlr,46,0.4407999995237333,False
docker_test_10.yml,python_antlr,47,0.5595999991783174,False
docker_test_10.yml,python_antlr,48,0.38529999983438756,False
docker_test_10.yml,python_antlr,49,0.6686000006084214,False
docker_test_10.yml,python_antlr,50,0.9104000000661472,False
docker_test_10.yml,python_antlr,51,1.2563000000227476,False
docker_test_10.yml,python_antlr,52,0.6584999991900986,False
docker_test_10.yml,python_antlr,53,1.3284000006024144,False
docker_test_10.yml,python_antlr,54,2.4812990004647872,False
docker_test_10.yml,python_antlr,55,0.5475000007209019,False
docker_test_10.yml,python_antlr,56,0.4060000001118169,False
docker_test_10.yml,python_antlr,57,0.623700000687677,False
docker_test_10.yml,python_antlr,58,0.4518999994616024,False
docker_test_10.yml,python_antlr,59,1.1832000000140397,False
docker_test_10.yml,python_antlr,60,0.6237999996301369,False
docker_test_10.yml,python_antlr,61,0.4776999994646758,False
docker_test_10.yml,python_antlr,62,0.45480000062525505,False
docker_test_10.yml,python_antlr,63,0.7187999999587191,False
docker_test_10.yml,python_antlr,64,0.4683999995904742,False
docker_test_10.yml,python_antlr,65,0.48830000014277175,False
docker_test_10.yml,python_antlr,66,0.41899999996530823,False
docker_test_10.yml,python_antlr,67,0.4746000004161033,False
docker_test_10.yml,python_antlr,68,0.4581000002872315,False
docker_test_10.yml,python_antlr,69,0.7066999996823142,False
docker_test_10.yml,python_antlr,70,0.792899999396468,False
docker_test_10.yml,python_antlr,71,0.47379900024679955,False
docker_test_10.yml,python_antlr,72,0.9846000002653454,False
docker_test_10.yml,python_antlr,73,1.0136999999303953,False
docker_test_10.yml,python_antlr,74,0.48019999940152047,False
docker_test_10.yml,python_antlr,75,0.7889999997132691,False
docker_test_10.yml,python_antlr,76,0.46209999982238514,False
docker_test_10.yml,python_antlr,77,0.9072000002561253,False
docker_test_10.yml,python_antlr,78,0.5234999998720014,False
docker_test_10.yml,python_antlr,79,0.5097000002933783,False
docker_test_10.yml,python_antlr,80,0.4347000003690482,False
docker_test_10.yml,python_antlr,81,0.8495000001857989,False
docker_test_10.yml,python_antlr,82,0.42490000032557873,False
docker_test_10.yml,python_antlr,83,0.47539999923174037,False
docker_test_10.yml,python_antlr,84,0.6180000000313157,False
docker_test_10.yml,python_antlr,85,0.4555000004984322,False
docker_test_10.yml,python_antlr,86,0.38099999983387534,False
docker_test_10.yml,python_antlr,87,0.4269999999451102,False
docker_test_10.yml,python_antlr,88,0.4969000001437962,False
docker_test_10.yml,python_antlr,89,0.5762000000686385,False
docker_test_10.yml,python_antlr,90,0.49169999965670286,False
docker_test_10.yml,python_antlr,91,0.4665989999921294,False
docker_test_10.yml,python_antlr,92,0.40410000019619474,False
docker_test_10.yml,python_antlr,93,0.5933000002187327,False
docker_test_10.yml,python_antlr,94,0.747899999623769,False
docker_test_10.yml,python_antlr,95,0.4871000001003267,False
docker_test_10.yml,python_antlr,96,0.38840000070194947,False
docker_test_10.yml,python_antlr,97,0.43550000009418,False
docker_test_10.yml,python_antlr,98,0.5597000008492614,False
docker_test_10.yml,python_antlr,99,0.7495999998354819,False
docker_test_10.yml,python_antlr,100,0.46830000064801425,False
docker_test_10.yml,python_antlr,101,1.0557000005064765,False
docker_test_10.yml,python_antlr,102,0.5424999999377178,False
docker_test_10.yml,python_antlr,103,0.598599999648286,False
docker_test_10.yml,python_antlr,104,0.4933000000164611,False
docker_test_10.yml,python_antlr,105,0.46440000005532056,False
docker_test_10.yml,python_antlr,106,0.533999999788648,False
docker_test_10.yml,python_antlr,107,1.006000000415952,False
docker_test_10.yml,python_antlr,108,0.5358999997042702,False
docker_test_10.yml,python_antlr,109,0.5793000000267057,False
docker_test_10.yml,python_antlr,110,0.436700000136625,False
docker_test_10.yml,python_antlr,111,0.5568990000028862,False
docker_test_10.yml,python_antlr,112,0.6203000002642511,False
docker_test_10.yml,python_antlr,113,0.6654999997408595,False
docker_test_10.yml,python_antlr,114,0.44950000028620707,False
docker_test_10.yml,python_antlr,115,0.48320000041712774,False
docker_test_10.yml,python_antlr,116,0.5761000002166838,False
docker_test_10.yml,python_antlr,117,0.45399999999062857,False
docker_test_10.yml,python_antlr,118,0.494000000799133,False
docker_test_10.yml,python_antlr,119,0.6131999998615356,False
docker_test_10.yml,python_antlr,120,0.42610000036802376,False
docker_test_10.yml,python_antlr,121,0.624499999503314,False
docker_test_10.yml,python_antlr,122,0.5283999998937361,False
docker_test_10.yml,python_antlr,123,0.44499999967229087,False
docker_test_10.yml,python_antlr,124,0.4586000004564994,False
docker_test_10.yml,python_antlr,125,0.6029999995007529,False
docker_test_10.yml,python_antlr,126,0.42550000034680124,False
docker_test_10.yml,python_antlr,127,0.5035000003772439,False
docker_test_10.yml,python_antlr,128,0.7497999995393911,False
docker_test_10.yml,python_antlr,129,0.5737000001317938,False
docker_test_10.yml,python_antlr,130,0.38330000006681075,False
docker_test_10.yml,python_antlr,131,0.43430000005173497,False
docker_test_10.yml,python_antlr,132,0.3768999995372724,False
docker_test_10.yml,python_antlr,133,0.46889999975974206,False
docker_test_10.yml,python_antlr,134,0.5113990000609192,False
docker_test_10.yml,python_antlr,135,0.5778000004283967,False
docker_test_10.yml,python_antlr,136,0.4029000001537497,False
docker_test_10.yml,python_antlr,137,0.43679999998857966,False
docker_test_10.yml,python_antlr,138,0.7066000007398543,False
docker_test_10.yml,python_antlr,139,0.5701000000044587,False
docker_test_10.yml,python_antlr,140,0.38250000034167897,False
docker_test_10.yml,python_antlr,141,0.4308000006858492,False
docker_test_10.yml,python_antlr,142,0.3714000004038098,False
docker_test_10.yml,python_antlr,143,0.5502000003616558,False
docker_test_10.yml,python_antlr,144,0.503999999637017,False
docker_test_10.yml,python_antlr,145,0.4988000000594184,False
docker_test_10.yml,python_antlr,146,0.38049999966460746,False
docker_test_10.yml,python_antlr,147,0.5421999994723592,False
docker_test_10.yml,python_antlr,148,0.43400000049587106,False
docker_test_10.yml,python_antlr,149,0.5049999999755528,False
docker_test_10.yml,python_antlr,150,0.39910000032250537,False
docker_test_10.yml,python_antlr,151,0.4424999997354462,False
docker_test_10.yml,python_antlr,152,0.4428000002008048,False
docker_test_10.yml,python_antlr,153,1.1318999995637569,False
docker_test_10.yml,python_antlr,154,8.7275989999398,False
docker_test_10.yml,python_antlr,155,0.4638999998860527,False
docker_test_10.yml,python_antlr,156,0.38829999994050013,False
docker_test_10.yml,python_antlr,157,0.37709999924118165,False
docker_test_10.yml,python_antlr,158,0.3666000002340297,False
docker_test_10.yml,python_antlr,159,0.4070000004503527,False
docker_test_10.yml,python_antlr,160,0.36640000053012045,False
docker_test_10.yml,python_antlr,161,0.36559999989549397,False
docker_test_10.yml,python_antlr,162,0.3673999999591615,False
docker_test_10.yml,python_antlr,163,0.3691000001708744,False
docker_test_10.yml,python_antlr,164,0.36749999981111614,False
docker_test_10.yml,python_antlr,165,0.36980000004405156,False
docker_test_10.yml,python_antlr,166,0.36410000029718503,False
docker_test_10.yml,python_antlr,167,0.364398999408877,False
docker_test_10.yml,python_antlr,168,0.366799999937939,False
docker_test_10.yml,python_antlr,169,0.38069999936851673,False
docker_test_10.yml,python_antlr,170,0.36240000008547213,False
docker_test_10.yml,python_antlr,171,0.36500000078376615,False
docker_test_10.yml,python_antlr,172,0.36019999970449135,False
docker_test_10.yml,python_antlr,173,0.4195000001345761,False
docker_test_10.yml,python_antlr,174,0.3665000003820751,False
docker_test_10.yml,python_antlr,175,0.7061999995130464,False
docker_test_10.yml,python_antlr,176,0.533999999788648,False
docker_test_10.yml,python_antlr,177,0.5185999998502666,False
docker_test_10.yml,python_antlr,178,0.4225000002406887,False
docker_test_10.yml,python_antlr,179,0.3796999999394757,False
docker_test_10.yml,python_antlr,180,0.3737999995792052,False
docker_test_10.yml,python_antlr,181,0.3710999999384512,False
docker_test_10.yml,python_antlr,182,0.3677000004245201,False
docker_test_10.yml,python_antlr,183,0.45510000018111896,False
docker_test_10.yml,python_antlr,184,0.36530000033963006,False
docker_test_10.yml,python_antlr,185,0.508300000547024,False
docker_test_10.yml,python_antlr,186,0.36890000046696514,False
docker_test_10.yml,python_antlr,187,0.3630999999586493,False
docker_test_10.yml,python_antlr,188,0.3949000001739478,False
docker_test_10.yml,python_antlr,189,0.3676000005725655,False
docker_test_10.yml,python_antlr,190,0.41449999935139203,False
docker_test_10.yml,python_antlr,191,0.4465000001800945,False
docker_test_10.yml,python_antlr,192,0.36360000012791716,False
docker_test_10.yml,python_antlr,193,0.4380000000310247,False
docker_test_10.yml,python_antlr,194,0.4437000006873859,False
docker_test_10.yml,python_antlr,195,0.3764000002774992,False
docker_test_10.yml,python_antlr,196,0.36509900019154884,False
docker_test_10.yml,python_antlr,197,0.41710000004968606,False
docker_test_10.yml,python_antlr,198,0.49789999957283726,False
docker_test_10.yml,python_antlr,199,0.3710000000864966,False
docker_test_2.yml,python_antlr,0,1.1525999998411862,False
docker_test_2.yml,python_antlr,1,0.5450000007840572,False
docker_test_2.yml,python_antlr,2,0.3867999994326965,False
docker_test_2.yml,python_antlr,3,0.9109000002354151,False
docker_test_2.yml,python_antlr,4,1.9360989999768208,False
docker_test_2.yml,python_antlr,5,1.3593000003311317,False
docker_test_2.yml,python_antlr,6,0.5534000001716777,False
docker_test_2.yml,python_antlr,7,0.4895000001852168,False
docker_test_2.yml,python_antlr,8,0.4777000003741705,False
docker_test_2.yml,python_antlr,9,0.6179000001793611,False
docker_test_2.yml,python_antlr,10,0.48739999965619063,False
docker_test_2.yml,python_antlr,11,0.4327000006014714,False
docker_test_2.yml,python_antlr,12,0.37450000036187703,False
docker_test_2.yml,python_antlr,13,0.37030000021331944,False
docker_test_2.yml,python_antlr,14,0.36749999981111614,False
docker_test_2.yml,python_antlr,15,0.3645999995569582,False
docker_test_2.yml,python_antlr,16,0.36720000025525223,False
docker_test_2.yml,python_antlr,17,0.3612000000430271,False
docker_test_2.yml,python_antlr,18,0.44720000005327165,False
docker_test_2.yml,python_antlr,19,0.366799999937939,False
docker_test_2.yml,python_antlr,20,0.3697000001920969,False
docker_test_2.yml,python_antlr,21,0.40330000047106296,False
docker_test_2.yml,python_antlr,22,0.4158000001552864,False
docker_test_2.yml,python_antlr,23,0.36920000002282904,False
docker_test_2.yml,python_antlr,24,0.3698999998960062,False
docker_test_2.yml,python_antlr,25,0.36390000059327576,False
docker_test_2.yml,python_antlr,26,0.36050000016984995,False
docker_test_2.yml,python_antlr,27,0.3595000007408089,False
docker_test_2.yml,python_antlr,28,0.36839999938820256,False
docker_test_2.yml,python_antlr,29,0.3656999997474486,False
docker_test_2.yml,python_antlr,30,0.3624990004027495,False
docker_test_2.yml,python_antlr,31,0.3659000003608526,False
docker_test_2.yml,python_antlr,32,0.3957999997510342,False
docker_test_2.yml,python_antlr,33,0.3572999994503334,False
docker_test_2.yml,python_antlr,34,0.35819999993691454,False
docker_test_2.yml,python_antlr,35,0.3956000000471249,False
docker_test_2.yml,python_antlr,36,0.3631999998106039,False
docker_test_2.yml,python_antlr,37,0.4441999999471591,False
docker_test_2.yml,python_antlr,38,0.36280000040278537,False
docker_test_2.yml,python_antlr,39,0.36110000019107247,False
docker_test_2.yml,python_antlr,40,0.36279999949329067,False
docker_test_2.yml,python_antlr,41,0.3649000000223168,False
docker_test_2.yml,python_antlr,42,0.38700000004610047,False
docker_test_2.yml,python_antlr,43,0.3631999998106039,False
docker_test_2.yml,python_antlr,44,0.47369999992952216,False
docker_test_2.yml,python_antlr,45,0.3677000004245201,False
docker_test_2.yml,python_antlr,46,0.4180000005362672,False
docker_test_2.yml,python_antlr,47,0.36980000004405156,False
docker_test_2.yml,python_antlr,48,0.37229999998089625,False
docker_test_2.yml,python_antlr,49,0.369400000636233,False
docker_test_2.yml,python_antlr,50,0.3630999999586493,False
docker_test_2.yml,python_antlr,51,0.43000000005122274,False
docker_test_2.yml,python_antlr,52,0.3957999997510342,False
docker_test_2.yml,python_antlr,53,0.3645999995569582,False
docker_test_2.yml,python_antlr,54,0.3586000002542278,False
docker_test_2.yml,python_antlr,55,0.36530000033963006,False
docker_test_2.yml,python_antlr,56,0.35910000042349566,False
docker_test_2.yml,python_antlr,57,0.3652000004876754,False
docker_test_2.yml,python_antlr,58,0.38219999987632036,False
docker_test_2.yml,python_antlr,59,0.36159999945084564,False
docker_test_2.yml,python_antlr,60,0.3659000003608526,False
docker_test_2.yml,python_antlr,61,0.3652989998954581,False
docker_test_2.yml,python_antlr,62,0.36330000057205325,False
docker_test_2.yml,python_antlr,63,0.45839999984309543,False
docker_test_2.yml,python_antlr,64,0.3684999992401572,False
docker_test_2.yml,python_antlr,65,0.3661999999167165,False
docker_test_2.yml,python_antlr,66,0.3631999998106039,False
docker_test_2.yml,python_antlr,67,0.3652000004876754,False
docker_test_2.yml,python_antlr,68,0.36730000010720687,False
docker_test_2.yml,python_antlr,69,0.41729999975359533,False
docker_test_2.yml,python_antlr,70,0.36380000074132113,False
docker_test_2.yml,python_antlr,71,0.35850000040227314,False
docker_test_2.yml,python_antlr,72,0.36110000019107247,False
docker_test_2.yml,python_antlr,73,0.39259999994101236,False
docker_test_2.yml,python_antlr,74,0.3682999995362479,False
docker_test_2.yml,python_antlr,75,0.3651000006357208,False
docker_test_2.yml,python_antlr,76,0.3612000000430271,False
docker_test_2.yml,python_antlr,77,0.36159999945084564,False
docker_test_2.yml,python_antlr,78,0.3623000002335175,False
docker_test_2.yml,python_antlr,79,0.35680000019056024,False
docker_test_2.yml,python_antlr,80,0.3649000000223168,False
docker_test_2.yml,python_antlr,81,0.4175000003669993,False
docker_test_2.yml,python_antlr,82,0.3634000004240079,False
docker_test_2.yml,python_antlr,83,0.3600999998525367,False
docker_test_2.yml,python_antlr,84,0.3901999998561223,False
docker_test_2.yml,python_antlr,85,0.36110000019107247,False
docker_test_2.yml,python_antlr,86,0.36129999989498174,False
docker_test_2.yml,python_antlr,87,0.357599999915692,False
docker_test_2.yml,python_antlr,88,0.3575000000637374,False
docker_test_2.yml,python_antlr,89,0.3597999993871781,False
docker_test_2.yml,python_antlr,90,0.35790000038105063,False
docker_test_2.yml,python_antlr,91,0.357599999915692,False
docker_test_2.yml,python_antlr,92,0.779298999987077,False
docker_test_2.yml,python_antlr,93,0.45250000039231963,False
docker_test_2.yml,python_antlr,94,0.3716000001077191,False
docker_test_2.yml,python_antlr,95,0.369400000636233,False
docker_test_2.yml,python_antlr,96,0.36329999966255855,False
docker_test_2.yml,python_antlr,97,0.36610000006476184,False
docker_test_2.yml,python_antlr,98,0.43249999998806743,False
docker_test_2.yml,python_antlr,99,0.3634000004240079,False
docker_test_2.yml,python_antlr,100,0.3662999997686711,False
docker_test_2.yml,python_antlr,101,0.36249999993742676,False
docker_test_2.yml,python_antlr,102,0.40750000061962055,False
docker_test_2.yml,python_antlr,103,0.36280000040278537,False
docker_test_2.yml,python_antlr,104,0.38469999981316505,False
docker_test_2.yml,python_antlr,105,0.3595000007408089,False
docker_test_2.yml,python_antlr,106,0.36270000055083074,False
docker_test_2.yml,python_antlr,107,0.36100000033911783,False
docker_test_2.yml,python_antlr,108,0.36159999945084564,False
docker_test_2.yml,python_antlr,109,0.35910000042349566,False
docker_test_2.yml,python_antlr,110,0.36530000033963006,False
docker_test_2.yml,python_antlr,111,0.36080000063520856,False
docker_test_2.yml,python_antlr,112,0.3654000001915847,False
docker_test_2.yml,python_antlr,113,0.40329999956156826,False
docker_test_2.yml,python_antlr,114,0.39759999981470173,False
docker_test_2.yml,python_antlr,115,0.3661999999167165,False
docker_test_2.yml,python_antlr,116,0.36110000019107247,False
docker_test_2.yml,python_antlr,117,0.4349999999249121,False
docker_test_2.yml,python_antlr,118,0.3874000003634137,False
docker_test_2.yml,python_antlr,119,0.3634999993664678,False
docker_test_2.yml,python_antlr,120,0.3606000000218046,False
docker_test_2.yml,python_antlr,121,0.35650000063469633,False
docker_test_2.yml,python_antlr,122,0.3619999997681589,False
docker_test_2.yml,python_antlr,123,0.4463989998839679,False
docker_test_2.yml,python_antlr,124,0.4695999996329192,False
docker_test_2.yml,python_antlr,125,0.45279999994818354,False
docker_test_2.yml,python_antlr,126,0.3693999997267383,False
docker_test_2.yml,python_antlr,127,0.44889999935548985,False
docker_test_2.yml,python_antlr,128,0.3697000001920969,False
docker_test_2.yml,python_antlr,129,0.5829000001540408,False
docker_test_2.yml,python_antlr,130,0.38560000029974617,False
docker_test_2.yml,python_antlr,131,0.4595000000335858,False
docker_test_2.yml,python_antlr,132,0.37040000006527407,False
docker_test_2.yml,python_antlr,133,0.5166999999346444,False
docker_test_2.yml,python_antlr,134,0.47309999990829965,False
docker_test_2.yml,python_antlr,135,0.4984999995940598,False
docker_test_2.yml,python_antlr,136,1.9938999994337792,False
docker_test_2.yml,python_antlr,137,0.6171000004542293,False
docker_test_2.yml,python_antlr,138,0.473000000056345,False
docker_test_2.yml,python_antlr,139,0.47110000014072284,False
docker_test_2.yml,python_antlr,140,0.4321000005802489,False
docker_test_2.yml,python_antlr,141,0.5036000002291985,False
docker_test_2.yml,python_antlr,142,0.44130000060249586,False
docker_test_2.yml,python_antlr,143,0.46610000026703347,False
docker_test_2.yml,python_antlr,144,0.37149999934626976,False
docker_test_2.yml,python_antlr,145,0.5370990002120379,False
docker_test_2.yml,python_antlr,146,0.3754999997909181,False
docker_test_2.yml,python_antlr,147,0.5834000003233086,False
docker_test_2.yml,python_antlr,148,0.49589999980526045,False
docker_test_2.yml,python_antlr,149,0.4649999991670484,False
docker_test_2.yml,python_antlr,150,0.5203999999139342,False
docker_test_2.yml,python_antlr,151,0.5295999999361811,False
docker_test_2.yml,python_antlr,152,0.42779999967024196,False
docker_test_2.yml,python_antlr,153,0.7152999996833387,False
docker_test_2.yml,python_antlr,154,1.1901999996553059,False
docker_test_2.yml,python_antlr,155,0.49419999959354755,False
docker_test_2.yml,python_antlr,156,0.42889999986073235,False
docker_test_2.yml,python_antlr,157,0.45339999996940605,False
docker_test_2.yml,python_antlr,158,0.4138000003877096,False
docker_test_2.yml,python_antlr,159,0.5025999998906627,False
docker_test_2.yml,python_antlr,160,0.39879999985714676,False
docker_test_2.yml,python_antlr,161,0.45989999944140436,False
docker_test_2.yml,python_antlr,162,0.4395000005388283,False
docker_test_2.yml,python_antlr,163,0.6048000004739151,False
docker_test_2.yml,python_antlr,164,0.3957999997510342,False
docker_test_2.yml,python_antlr,165,0.99560000035126,False
docker_test_2.yml,python_antlr,166,0.47289899976021843,False
docker_test_2.yml,python_antlr,167,0.5922000000282424,False
docker_test_2.yml,python_antlr,168,0.7748999996692874,False
docker_test_2.yml,python_antlr,169,0.5952999999863096,False
docker_test_2.yml,python_antlr,170,0.48010000045906054,False
docker_test_2.yml,python_antlr,171,0.37009999959991546,False
docker_test_2.yml,python_antlr,172,0.42099999973288504,False
docker_test_2.yml,python_antlr,173,0.44860000070912065,False
docker_test_2.yml,python_antlr,174,0.5217999996602884,False
docker_test_2.yml,python_antlr,175,0.7704999998168205,False
docker_test_2.yml,python_antlr,176,0.4430999997566687,False
docker_test_2.yml,python_antlr,177,0.37150000025576446,False
docker_test_2.yml,python_antlr,178,0.4866999997830135,False
docker_test_2.yml,python_antlr,179,0.3775999994104495,False
docker_test_2.yml,python_antlr,180,0.4701999996541417,False
docker_test_2.yml,python_antlr,181,0.37150000025576446,False
docker_test_2.yml,python_antlr,182,0.46769999971729703,False
docker_test_2.yml,python_antlr,183,0.39010000000416767,False
docker_test_2.yml,python_antlr,184,0.36639999962062575,False
docker_test_2.yml,python_antlr,185,0.488499999846681,False
docker_test_2.yml,python_antlr,186,0.41149999924527947,False
docker_test_2.yml,python_antlr,187,0.4231000002619112,False
docker_test_2.yml,python_antlr,188,0.3684999992401572,False
docker_test_2.yml,python_antlr,189,0.36160000036034035,False
docker_test_2.yml,python_antlr,190,0.37799999972776277,False
docker_test_2.yml,python_antlr,191,0.3651999995781807,False
docker_test_2.yml,python_antlr,192,0.41379899994353764,False
docker_test_2.yml,python_antlr,193,0.4580000004352769,False
docker_test_2.yml,python_antlr,194,0.40390000049228547,False
docker_test_2.yml,python_antlr,195,0.4398000000946922,False
docker_test_2.yml,python_antlr,196,0.373300000319432,False
docker_test_2.yml,python_antlr,197,1.0596000001896755,False
docker_test_2.yml,python_antlr,198,0.4239999998389976,False
docker_test_2.yml,python_antlr,199,0.37570000040432205,False
docker_test_3.yml,python_antlr,0,0.6833999996160856,False
docker_test_3.yml,python_antlr,1,0.3980999999839696,False
docker_test_3.yml,python_antlr,2,0.40660000013303943,False
docker_test_3.yml,python_antlr,3,0.3917989997717086,False
docker_test_3.yml,python_antlr,4,0.4644999999072752,False
docker_test_3.yml,python_antlr,5,0.37760000031994423,False
docker_test_3.yml,python_antlr,6,0.37040000006527407,False
docker_test_3.yml,python_antlr,7,0.36360000012791716,False
docker_test_3.yml,python_antlr,8,0.37009999959991546,False
docker_test_3.yml,python_antlr,9,0.36079999972571386,False
docker_test_3.yml,python_antlr,10,0.361700000212295,False
docker_test_3.yml,python_antlr,11,0.36580000050889794,False
docker_test_3.yml,python_antlr,12,0.4729000002043904,False
docker_test_3.yml,python_antlr,13,0.3839999999399879,False
docker_test_3.yml,python_antlr,14,0.45090000003256137,False
docker_test_3.yml,python_antlr,15,0.3828999997494975,False
docker_test_3.yml,python_antlr,16,0.36889999955747044,False
docker_test_3.yml,python_antlr,17,0.3609000004871632,False
docker_test_3.yml,python_antlr,18,0.3631999998106039,False
docker_test_3.yml,python_antlr,19,0.36530000033963006,False
docker_test_3.yml,python_antlr,20,0.367999999980384,False
docker_test_3.yml,python_antlr,21,0.40160000025935005,False
docker_test_3.yml,python_antlr,22,0.3660000002128072,False
docker_test_3.yml,python_antlr,23,0.36159999945084564,False
docker_test_3.yml,python_antlr,24,0.36280000040278537,False
docker_test_3.yml,python_antlr,25,0.3911000003427034,False
docker_test_3.yml,python_antlr,26,0.47679999988758937,False
docker_test_3.yml,python_antlr,27,0.37290000000211876,False
docker_test_3.yml,python_antlr,28,0.3673999999591615,False
docker_test_3.yml,python_antlr,29,0.370699999621138,False
docker_test_3.yml,python_antlr,30,0.3690000003189198,False
docker_test_3.yml,python_antlr,31,0.36999999974796083,False
docker_test_3.yml,python_antlr,32,0.36440000076254364,False
docker_test_3.yml,python_antlr,33,0.3620990000854363,False
docker_test_3.yml,python_antlr,34,0.36129999989498174,False
docker_test_3.yml,python_antlr,35,0.39489999926445307,False
docker_test_3.yml,python_antlr,36,1.653400000577676,False
docker_test_3.yml,python_antlr,37,0.42380000013508834,False
docker_test_3.yml,python_antlr,38,0.3796999999394757,False
docker_test_3.yml,python_antlr,39,0.7212000000436092,False
docker_test_3.yml,python_antlr,40,0.4637000001821434,False
docker_test_3.yml,python_antlr,41,0.45540000064647757,False
docker_test_3.yml,python_antlr,42,0.38669999958074186,False
docker_test_3.yml,python_antlr,43,0.38299999960145215,False
docker_test_3.yml,python_antlr,44,0.40689999968890334,False
docker_test_3.yml,python_antlr,45,0.4034000003230176,False
docker_test_3.yml,python_antlr,46,0.41170000076817814,False
docker_test_3.yml,python_antlr,47,0.4014999994979007,False
docker_test_3.yml,python_antlr,48,0.37650000012945384,False
docker_test_3.yml,python_antlr,49,0.3806000004260568,False
docker_test_3.yml,python_antlr,50,0.3738999994311598,False
docker_test_3.yml,python_antlr,51,0.42859999939537374,False
docker_test_3.yml,python_antlr,52,0.38529999983438756,False
docker_test_3.yml,python_antlr,53,0.37429999974847306,False
docker_test_3.yml,python_antlr,54,0.3724999996848055,False
docker_test_3.yml,python_antlr,55,0.4199999993943493,False
docker_test_3.yml,python_antlr,56,0.3832000002148561,False
docker_test_3.yml,python_antlr,57,0.37290000000211876,False
docker_test_3.yml,python_antlr,58,0.3803999998126528,False
docker_test_3.yml,python_antlr,59,0.41749899992282735,False
docker_test_3.yml,python_antlr,60,0.43960000039078295,False
docker_test_3.yml,python_antlr,61,0.46039999961067224,False
docker_test_3.yml,python_antlr,62,0.3802999999606982,False
docker_test_3.yml,python_antlr,63,0.4912000003969297,False
docker_test_3.yml,python_antlr,64,0.378400000045076,False
docker_test_3.yml,python_antlr,65,0.36780000027647475,False
docker_test_3.yml,python_antlr,66,0.3679000001284294,False
docker_test_3.yml,python_antlr,67,0.36720000025525223,False
docker_test_3.yml,python_antlr,68,0.3600000000005821,False
docker_test_3.yml,python_antlr,69,0.36079999972571386,False
docker_test_3.yml,python_antlr,70,0.4160999997111503,False
docker_test_3.yml,python_antlr,71,0.3967000002376153,False
docker_test_3.yml,python_antlr,72,0.3625999997893814,False
docker_test_3.yml,python_antlr,73,0.36240000008547213,False
docker_test_3.yml,python_antlr,74,0.36579999959940324,False
docker_test_3.yml,python_antlr,75,0.3613999997469364,False
docker_test_3.yml,python_antlr,76,0.35879999995813705,False
docker_test_3.yml,python_antlr,77,0.36099999942962313,False
docker_test_3.yml,python_antlr,78,0.5548000008275267,False
docker_test_3.yml,python_antlr,79,0.4226000000926433,False
docker_test_3.yml,python_antlr,80,1.5125999998417683,False
docker_test_3.yml,python_antlr,81,0.9875000005195034,False
docker_test_3.yml,python_antlr,82,0.5866000001333305,False
docker_test_3.yml,python_antlr,83,0.4129999997530831,False
docker_test_3.yml,python_antlr,84,0.38119900000310736,False
docker_test_3.yml,python_antlr,85,0.37429999974847306,False
docker_test_3.yml,python_antlr,86,0.4208000000289758,False
docker_test_3.yml,python_antlr,87,0.377200000002631,False
docker_test_3.yml,python_antlr,88,0.3716000001077191,False
docker_test_3.yml,python_antlr,89,0.43310000000928994,False
docker_test_3.yml,python_antlr,90,0.3663000006781658,False
docker_test_3.yml,python_antlr,91,0.3662999997686711,False
docker_test_3.yml,python_antlr,92,0.36699999964184826,False
docker_test_3.yml,python_antlr,93,0.3648000001703622,False
docker_test_3.yml,python_antlr,94,0.367999999980384,False
docker_test_3.yml,python_antlr,95,0.39259999994101236,False
docker_test_3.yml,python_antlr,96,0.41289999990112847,False
docker_test_3.yml,python_antlr,97,0.3677000004245201,False
docker_test_3.yml,python_antlr,98,0.36419999923964497,False
docker_test_3.yml,python_antlr,99,0.36019999970449135,False
docker_test_3.yml,python_antlr,100,0.3592000002754503,False
docker_test_3.yml,python_antlr,101,0.4183000000921311,False
docker_test_3.yml,python_antlr,102,0.3765999999814085,False
docker_test_3.yml,python_antlr,103,0.3697000001920969,False
docker_test_3.yml,python_antlr,104,0.36839999938820256,False
docker_test_3.yml,python_antlr,105,0.3607000007832539,False
docker_test_3.yml,python_antlr,106,0.47110000014072284,False
docker_test_3.yml,python_antlr,107,0.37630000042554457,False
docker_test_3.yml,python_antlr,108,0.3693999997267383,False
docker_test_3.yml,python_antlr,109,0.41930000043066684,False
docker_test_3.yml,python_antlr,110,0.3843000004053465,False
docker_test_3.yml,python_antlr,111,0.49310000031255186,False
docker_test_3.yml,python_antlr,112,0.4361000001154025,False
docker_test_3.yml,python_antlr,113,0.3696000003401423,False
docker_test_3.yml,python_antlr,114,0.3705990002345061,False
docker_test_3.yml,python_antlr,115,0.39259999994101236,False
docker_test_3.yml,python_antlr,116,0.8442999996987055,False
docker_test_3.yml,python_antlr,117,0.410800000281597,False
docker_test_3.yml,python_antlr,118,8.958800000073097,False
docker_test_3.yml,python_antlr,119,0.4544000003079418,False
docker_test_3.yml,python_antlr,120,0.3828999997494975,False
docker_test_3.yml,python_antlr,121,0.43349899988243124,False
docker_test_3.yml,python_antlr,122,0.41000000055646524,False
docker_test_3.yml,python_antlr,123,0.36639999962062575,False
docker_test_3.yml,python_antlr,124,0.36280000040278537,False
docker_test_3.yml,python_antlr,125,0.36559999989549397,False
docker_test_3.yml,python_antlr,126,0.3668999997898936,False
docker_test_3.yml,python_antlr,127,0.36129999989498174,False
docker_test_3.yml,python_antlr,128,0.361700000212295,False
docker_test_3.yml,python_antlr,129,0.3592000002754503,False
docker_test_3.yml,python_antlr,130,0.361700000212295,False
docker_test_3.yml,python_antlr,131,0.361700000212295,False
docker_test_3.yml,python_antlr,132,0.35879999995813705,False
docker_test_3.yml,python_antlr,133,0.38109999968582997,False
docker_test_3.yml,python_antlr,134,0.35790000038105063,False
docker_test_3.yml,python_antlr,135,0.43799999912153,False
docker_test_3.yml,python_antlr,136,0.3659999993033125,False
docker_test_3.yml,python_antlr,137,0.3678999992189347,False
docker_test_3.yml,python_antlr,138,0.3608999995776685,False
docker_test_3.yml,python_antlr,139,0.36779999936698005,False
docker_test_3.yml,python_antlr,140,0.36100000033911783,False
docker_test_3.yml,python_antlr,141,0.3588999998100917,False
docker_test_3.yml,python_antlr,142,0.36079999972571386,False
docker_test_3.yml,python_antlr,143,0.3645999995569582,False
docker_test_3.yml,python_antlr,144,0.4642000003514113,False
docker_test_3.yml,python_antlr,145,0.37169999995967373,False
docker_test_3.yml,python_antlr,146,0.3636999999798718,False
docker_test_3.yml,python_antlr,147,0.3615000005083857,False
docker_test_3.yml,python_antlr,148,0.36099999942962313,False
docker_test_3.yml,python_antlr,149,0.4139000002396642,False
docker_test_3.yml,python_antlr,150,0.3665000003820751,False
docker_test_3.yml,python_antlr,151,0.35930000012740493,False
docker_test_3.yml,python_antlr,152,0.36280000040278537,False
docker_test_3.yml,python_antlr,153,0.36039899987372337,False
docker_test_3.yml,python_antlr,154,1.5544999996564002,False
docker_test_3.yml,python_antlr,155,0.44780000007449416,False
docker_test_3.yml,python_antlr,156,0.3764000002774992,False
docker_test_3.yml,python_antlr,157,0.37350000002334127,False
docker_test_3.yml,python_antlr,158,0.3714000004038098,False
docker_test_3.yml,python_antlr,159,0.3660000002128072,False
docker_test_3.yml,python_antlr,160,0.41030000011232914,False
docker_test_3.yml,python_antlr,161,0.4029000001537497,False
docker_test_3.yml,python_antlr,162,0.36439999985304894,False
docker_test_3.yml,python_antlr,163,0.36550000004353933,False
docker_test_3.yml,python_antlr,164,0.36240000008547213,False
docker_test_3.yml,python_antlr,165,0.36409999938769033,False
docker_test_3.yml,python_antlr,166,0.37849999989703065,False
docker_test_3.yml,python_antlr,167,0.36270000055083074,False
docker_test_3.yml,python_antlr,168,0.3570000008039642,False
docker_test_3.yml,python_antlr,169,0.35850000040227314,False
docker_test_3.yml,python_antlr,170,0.3659000003608526,False
docker_test_3.yml,python_antlr,171,0.36420000014913967,False
docker_test_3.yml,python_antlr,172,0.45899999986431794,False
docker_test_3.yml,python_antlr,173,0.36330000057205325,False
docker_test_3.yml,python_antlr,174,0.36410000029718503,False
docker_test_3.yml,python_antlr,175,0.3575000000637374,False
docker_test_3.yml,python_antlr,176,0.3614000006564311,False
docker_test_3.yml,python_antlr,177,0.35989999923913274,False
docker_test_3.yml,python_antlr,178,0.3616999993028003,False
docker_test_3.yml,python_antlr,179,0.36020000061398605,False
docker_test_3.yml,python_antlr,180,0.3612000000430271,False
docker_test_3.yml,python_antlr,181,0.3668990002552164,False
docker_test_3.yml,python_antlr,182,0.3791999997702078,False
docker_test_3.yml,python_antlr,183,0.3614000006564311,False
docker_test_3.yml,python_antlr,184,0.39900000047055073,False
docker_test_3.yml,python_antlr,185,0.3652000004876754,False
docker_test_3.yml,python_antlr,186,0.36550000004353933,False
docker_test_3.yml,python_antlr,187,0.36410000029718503,False
docker_test_3.yml,python_antlr,188,0.36610000006476184,False
docker_test_3.yml,python_antlr,189,0.3635000002759625,False
docker_test_3.yml,python_antlr,190,0.3622999993240228,False
docker_test_3.yml,python_antlr,191,0.3594999998313142,False
docker_test_3.yml,python_antlr,192,0.35800000023300527,False
docker_test_3.yml,python_antlr,193,0.3817000006165472,False
docker_test_3.yml,python_antlr,194,0.36280000040278537,False
docker_test_3.yml,python_antlr,195,0.3600999998525367,False
docker_test_3.yml,python_antlr,196,0.36129999989498174,False
docker_test_3.yml,python_antlr,197,0.4137999994782149,False
docker_test_3.yml,python_antlr,198,0.3613999997469364,False
docker_test_3.yml,python_antlr,199,0.3594999998313142,False
docker_test_4.yml,python_antlr,0,0.6868000000395114,False
docker_test_4.yml,python_antlr,1,0.39449999985663453,False
docker_test_4.yml,python_antlr,2,0.377200000002631,False
docker_test_4.yml,python_antlr,3,0.37059999976918334,False
docker_test_4.yml,python_antlr,4,0.40300000000570435,False
docker_test_4.yml,python_antlr,5,0.4558000000542961,False
docker_test_4.yml,python_antlr,6,0.38299999960145215,False
docker_test_4.yml,python_antlr,7,0.3651000006357208,False
docker_test_4.yml,python_antlr,8,0.36439999985304894,False
docker_test_4.yml,python_antlr,9,0.35649999972520163,False
docker_test_4.yml,python_antlr,10,0.357599999915692,False
docker_test_4.yml,python_antlr,11,0.3594999998313142,False
docker_test_4.yml,python_antlr,12,0.3609000004871632,False
docker_test_4.yml,python_antlr,13,0.36099999942962313,False
docker_test_4.yml,python_antlr,14,0.6062989996280521,False
docker_test_4.yml,python_antlr,15,0.5764999996245024,False
docker_test_4.yml,python_antlr,16,0.40720000015426194,False
docker_test_4.yml,python_antlr,17,0.3790000000662985,False
docker_test_4.yml,python_antlr,18,0.3679000001284294,False
docker_test_4.yml,python_antlr,19,0.3643000000010943,False
docker_test_4.yml,python_antlr,20,0.4242000004524016,False
docker_test_4.yml,python_antlr,21,0.38019999919924885,False
docker_test_4.yml,python_antlr,22,0.3750000005311449,False
docker_test_4.yml,python_antlr,23,0.42660000053729163,False
docker_test_4.yml,python_antlr,24,0.4608999997799401,False
docker_test_4.yml,python_antlr,25,0.38750000021536835,False
docker_test_4.yml,python_antlr,26,0.36699999964184826,False
docker_test_4.yml,python_antlr,27,0.36560000080498867,False
docker_test_4.yml,python_antlr,28,0.3588999998100917,False
docker_test_4.yml,python_antlr,29,0.36589999945135787,False
docker_test_4.yml,python_antlr,30,0.36580000050889794,False
docker_test_4.yml,python_antlr,31,0.3640000004452304,False
docker_test_4.yml,python_antlr,32,0.3606999998737592,False
docker_test_4.yml,python_antlr,33,0.36419999923964497,False
docker_test_4.yml,python_antlr,34,0.3770000002987217,False
docker_test_4.yml,python_antlr,35,0.4029000001537497,False
docker_test_4.yml,python_antlr,36,0.3645999995569582,False
docker_test_4.yml,python_antlr,37,0.3568999991330202,False
docker_test_4.yml,python_antlr,38,0.3592000002754503,False
docker_test_4.yml,python_antlr,39,0.36189999991620425,False
docker_test_4.yml,python_antlr,40,0.3661999999167165,False
docker_test_4.yml,python_antlr,41,0.3664999994725804,False
docker_test_4.yml,python_antlr,42,0.3650999997262261,False
docker_test_4.yml,python_antlr,43,0.36159999945084564,False
docker_test_4.yml,python_antlr,44,0.3637989993876545,False
docker_test_4.yml,python_antlr,45,0.46240000028774375,False
docker_test_4.yml,python_antlr,46,0.36730000010720687,False
docker_test_4.yml,python_antlr,47,0.40809999973134836,False
docker_test_4.yml,python_antlr,48,0.36439999985304894,False
docker_test_4.yml,python_antlr,49,0.36610000006476184,False
docker_test_4.yml,python_antlr,50,0.3606000000218046,False
docker_test_4.yml,python_antlr,51,0.35649999972520163,False
docker_test_4.yml,python_antlr,52,0.3604000003178953,False
docker_test_4.yml,python_antlr,53,0.3622999993240228,False
docker_test_4.yml,python_antlr,54,0.3581000000849599,False
docker_test_4.yml,python_antlr,55,0.3589000007195864,False
docker_test_4.yml,python_antlr,56,0.38670000049023656,False
docker_test_4.yml,python_antlr,57,0.3645000006144983,False
docker_test_4.yml,python_antlr,58,0.3654000001915847,False
docker_test_4.yml,python_antlr,59,0.3594999998313142,False
docker_test_4.yml,python_antlr,60,0.357599999915692,False
docker_test_4.yml,python_antlr,61,0.4167000006418675,False
docker_test_4.yml,python_antlr,62,0.36409999938769033,False
docker_test_4.yml,python_antlr,63,0.36080000063520856,False
docker_test_4.yml,python_antlr,64,0.36160000036034035,False
docker_test_4.yml,python_antlr,65,0.36360000012791716,False
docker_test_4.yml,python_antlr,66,0.3556000001481152,False
docker_test_4.yml,python_antlr,67,0.3799999994953396,False
docker_test_4.yml,python_antlr,68,0.3538999999364023,False
docker_test_4.yml,python_antlr,69,0.3612000000430271,False
docker_test_4.yml,python_antlr,70,0.3651999995781807,False
docker_test_4.yml,python_antlr,71,0.3613999997469364,False
docker_test_4.yml,python_antlr,72,0.36100000033911783,False
docker_test_4.yml,python_antlr,73,0.413499999922351,False
docker_test_4.yml,python_antlr,74,0.3673999999591615,False
docker_test_4.yml,python_antlr,75,0.36550000004353933,False
docker_test_4.yml,python_antlr,76,0.3621989999373909,False
docker_test_4.yml,python_antlr,77,0.3828999997494975,False
docker_test_4.yml,python_antlr,78,0.37040000006527407,False
docker_test_4.yml,python_antlr,79,0.36220000038156286,False
docker_test_4.yml,python_antlr,80,0.3603000004659407,False
docker_test_4.yml,python_antlr,81,0.36050000016984995,False
docker_test_4.yml,python_antlr,82,0.3618000000642496,False
docker_test_4.yml,python_antlr,83,0.36019999970449135,False
docker_test_4.yml,python_antlr,84,0.35969999953522347,False
docker_test_4.yml,python_antlr,85,0.40639999951963546,False
docker_test_4.yml,python_antlr,86,1.1386000005586538,False
docker_test_4.yml,python_antlr,87,0.5640999997922336,False
docker_test_4.yml,python_antlr,88,0.39399999968736665,False
docker_test_4.yml,python_antlr,89,0.3765999999814085,False
docker_test_4.yml,python_antlr,90,0.37290000000211876,False
docker_test_4.yml,python_antlr,91,0.36249999993742676,False
docker_test_4.yml,python_antlr,92,0.3649000000223168,False
docker_test_4.yml,python_antlr,93,0.37450000036187703,False
docker_test_4.yml,python_antlr,94,0.36410000029718503,False
docker_test_4.yml,python_antlr,95,0.45540000064647757,False
docker_test_4.yml,python_antlr,96,0.3739000003406545,False
docker_test_4.yml,python_antlr,97,0.36550000004353933,False
docker_test_4.yml,python_antlr,98,0.3676000005725655,False
docker_test_4.yml,python_antlr,99,0.3636999999798718,False
docker_test_4.yml,python_antlr,100,0.3581000000849599,False
docker_test_4.yml,python_antlr,101,0.36020000061398605,False
docker_test_4.yml,python_antlr,102,0.3589999996620463,False
docker_test_4.yml,python_antlr,103,0.36019999970449135,False
docker_test_4.yml,python_antlr,104,0.3606000000218046,False
docker_test_4.yml,python_antlr,105,0.36309900042397203,False
docker_test_4.yml,python_antlr,106,0.3760999998121406,False
docker_test_4.yml,python_antlr,107,0.3606999998737592,False
docker_test_4.yml,python_antlr,108,0.35710000065591885,False
docker_test_4.yml,python_antlr,109,0.3583000006983639,False
docker_test_4.yml,python_antlr,110,0.36250000084692147,False
docker_test_4.yml,python_antlr,111,0.3676000005725655,False
docker_test_4.yml,python_antlr,112,0.43169999935344094,False
docker_test_4.yml,python_antlr,113,0.36640000053012045,False
docker_test_4.yml,python_antlr,114,0.3660000002128072,False
docker_test_4.yml,python_antlr,115,0.3650999997262261,False
docker_test_4.yml,python_antlr,116,0.3649000000223168,False
docker_test_4.yml,python_antlr,117,0.3859999997075647,False
docker_test_4.yml,python_antlr,118,0.36530000033963006,False
docker_test_4.yml,python_antlr,119,0.35849999949277844,False
docker_test_4.yml,python_antlr,120,0.3569999998944695,False
docker_test_4.yml,python_antlr,121,0.3592000002754503,False
docker_test_4.yml,python_antlr,122,0.35970000044471817,False
docker_test_4.yml,python_antlr,123,0.3671000004032976,False
docker_test_4.yml,python_antlr,124,0.36389999968378106,False
docker_test_4.yml,python_antlr,125,0.3573000003598281,False
docker_test_4.yml,python_antlr,126,0.36700000055134296,False
docker_test_4.yml,python_antlr,127,0.3635000002759625,False
docker_test_4.yml,python_antlr,128,0.38070000027801143,False
docker_test_4.yml,python_antlr,129,0.8999000001495006,False
docker_test_4.yml,python_antlr,130,0.4631000001609209,False
docker_test_4.yml,python_antlr,131,0.39010000000416767,False
docker_test_4.yml,python_antlr,132,0.3722000001289416,False
docker_test_4.yml,python_antlr,133,0.3714000004038098,False
docker_test_4.yml,python_antlr,134,0.3654000001915847,False
docker_test_4.yml,python_antlr,135,0.4204990000289399,False
docker_test_4.yml,python_antlr,136,0.4101999993508798,False
docker_test_4.yml,python_antlr,137,0.36920000002282904,False
docker_test_4.yml,python_antlr,138,0.36730000010720687,False
docker_test_4.yml,python_antlr,139,0.36499999987427145,False
docker_test_4.yml,python_antlr,140,0.40300000000570435,False
docker_test_4.yml,python_antlr,141,0.3698999998960062,False
docker_test_4.yml,python_antlr,142,0.3621000005296082,False
docker_test_4.yml,python_antlr,143,0.36240000008547213,False
docker_test_4.yml,python_antlr,144,0.35910000042349566,False
docker_test_4.yml,python_antlr,145,0.36559999989549397,False
docker_test_4.yml,python_antlr,146,0.3656999997474486,False
docker_test_4.yml,python_antlr,147,0.3944000000046799,False
docker_test_4.yml,python_antlr,148,0.3677000004245201,False
docker_test_4.yml,python_antlr,149,0.3615000005083857,False
docker_test_4.yml,python_antlr,150,0.3634999993664678,False
docker_test_4.yml,python_antlr,151,0.35800000023300527,False
docker_test_4.yml,python_antlr,152,0.3608999995776685,False
docker_test_4.yml,python_antlr,153,0.3594999998313142,False
docker_test_4.yml,python_antlr,154,0.3630999999586493,False
docker_test_4.yml,python_antlr,155,0.38610000046901405,False
docker_test_4.yml,python_antlr,156,0.3660000002128072,False
docker_test_4.yml,python_antlr,157,0.3765999999814085,False
docker_test_4.yml,python_antlr,158,0.3691000001708744,False
docker_test_4.yml,python_antlr,159,0.3630999999586493,False
docker_test_4.yml,python_antlr,160,0.39479999941249844,False
docker_test_4.yml,python_antlr,161,0.36499999987427145,False
docker_test_4.yml,python_antlr,162,0.367999999980384,False
docker_test_4.yml,python_antlr,163,0.3648999991128221,False
docker_test_4.yml,python_antlr,164,0.4472999999052263,False
docker_test_4.yml,python_antlr,165,0.36469999940891284,False
docker_test_4.yml,python_antlr,166,0.36169899976812303,False
docker_test_4.yml,python_antlr,167,0.36389999968378106,False
docker_test_4.yml,python_antlr,168,0.38609999955951935,False
docker_test_4.yml,python_antlr,169,0.4103999999642838,False
docker_test_4.yml,python_antlr,170,0.36390000059327576,False
docker_test_4.yml,python_antlr,171,0.3626000006988761,False
docker_test_4.yml,python_antlr,172,0.3575000000637374,False
docker_test_4.yml,python_antlr,173,0.45649999992747325,False
docker_test_4.yml,python_antlr,174,0.37009999959991546,False
docker_test_4.yml,python_antlr,175,0.36290000025474,False
docker_test_4.yml,python_antlr,176,1.1915000004592002,False
docker_test_4.yml,python_antlr,177,0.42020000000775326,False
docker_test_4.yml,python_antlr,178,0.38920000042708125,False
docker_test_4.yml,python_antlr,179,0.4160999997111503,False
docker_test_4.yml,python_antlr,180,0.421200000346289,False
docker_test_4.yml,python_antlr,181,0.3760999998121406,False
docker_test_4.yml,python_antlr,182,0.45760000011796365,False
docker_test_4.yml,python_antlr,183,0.3829000006589922,False
docker_test_4.yml,python_antlr,184,0.3643000000010943,False
docker_test_4.yml,python_antlr,185,0.35930000012740493,False
docker_test_4.yml,python_antlr,186,0.3930000002583256,False
docker_test_4.yml,python_antlr,187,0.361499999598891,False
docker_test_4.yml,python_antlr,188,0.3597999993871781,False
docker_test_4.yml,python_antlr,189,0.3640000004452304,False
docker_test_4.yml,python_antlr,190,0.36079999972571386,False
docker_test_4.yml,python_antlr,191,0.3556000001481152,False
docker_test_4.yml,python_antlr,192,0.3600999998525367,False
docker_test_4.yml,python_antlr,193,0.4272999995009741,False
docker_test_4.yml,python_antlr,194,0.3656999997474486,False
docker_test_4.yml,python_antlr,195,0.3641989997049677,False
docker_test_4.yml,python_antlr,196,0.38219999987632036,False
docker_test_4.yml,python_antlr,197,0.5658000000039465,False
docker_test_4.yml,python_antlr,198,0.44919999982084846,False
docker_test_4.yml,python_antlr,199,0.3831000003629015,False
docker_test_5.yml,python_antlr,0,1.2427999999999884,False
docker_test_5.yml,python_antlr,1,0.5596000000878121,False
docker_test_5.yml,python_antlr,2,0.4924000004393747,False
docker_test_5.yml,python_antlr,3,0.42800000028364593,False
docker_test_5.yml,python_antlr,4,0.4895000001852168,False
docker_test_5.yml,python_antlr,5,0.37419900036184117,False
docker_test_5.yml,python_antlr,6,0.4988000000594184,False
docker_test_5.yml,python_antlr,7,0.3756000005523674,False
docker_test_5.yml,python_antlr,8,0.3643000000010943,False
docker_test_5.yml,python_antlr,9,0.3637999998318264,False
docker_test_5.yml,python_antlr,10,0.3625999997893814,False
docker_test_5.yml,python_antlr,11,0.4206000003250665,False
docker_test_5.yml,python_antlr,12,0.36890000046696514,False
docker_test_5.yml,python_antlr,13,0.3685000001496519,False
docker_test_5.yml,python_antlr,14,0.36809999983233865,False
docker_test_5.yml,python_antlr,15,0.3695999994306476,False
docker_test_5.yml,python_antlr,16,0.4914999999527936,False
docker_test_5.yml,python_antlr,17,0.3722000001289416,False
docker_test_5.yml,python_antlr,18,0.36949999957869295,False
docker_test_5.yml,python_antlr,19,0.36530000033963006,False
docker_test_5.yml,python_antlr,20,0.36220000038156286,False
docker_test_5.yml,python_antlr,21,0.36280000040278537,False
docker_test_5.yml,python_antlr,22,0.3618000000642496,False
docker_test_5.yml,python_antlr,23,0.41280000004917383,False
docker_test_5.yml,python_antlr,24,0.36840000029769726,False
docker_test_5.yml,python_antlr,25,0.3623000002335175,False
docker_test_5.yml,python_antlr,26,0.3898999993907637,False
docker_test_5.yml,python_antlr,27,0.37229999998089625,False
docker_test_5.yml,python_antlr,28,0.36860000000160653,False
docker_test_5.yml,python_antlr,29,0.3649000000223168,False
docker_test_5.yml,python_antlr,30,0.36670000008598436,False
docker_test_5.yml,python_antlr,31,0.36290000025474,False
docker_test_5.yml,python_antlr,32,0.3586999991966877,False
docker_test_5.yml,python_antlr,33,0.35819999993691454,False
docker_test_5.yml,python_antlr,34,0.3608999995776685,False
docker_test_5.yml,python_antlr,35,0.36360000012791716,False
docker_test_5.yml,python_antlr,36,0.39809899953979766,False
docker_test_5.yml,python_antlr,37,0.39620000006834744,False
docker_test_5.yml,python_antlr,38,0.3630999999586493,False
docker_test_5.yml,python_antlr,39,0.3587000001061824,False
docker_test_5.yml,python_antlr,40,0.35970000044471817,False
docker_test_5.yml,python_antlr,41,1.1894999997821287,False
docker_test_5.yml,python_antlr,42,0.43650000043271575,False
docker_test_5.yml,python_antlr,43,0.3831000003629015,False
docker_test_5.yml,python_antlr,44,0.3726999993887148,False
docker_test_5.yml,python_antlr,45,0.41060000057768775,False
docker_test_5.yml,python_antlr,46,0.37169999995967373,False
docker_test_5.yml,python_antlr,47,0.4109999999855063,False
docker_test_5.yml,python_antlr,48,0.3654000001915847,False
docker_test_5.yml,python_antlr,49,0.3635000002759625,False
docker_test_5.yml,python_antlr,50,0.44580000030691735,False
docker_test_5.yml,python_antlr,51,0.37040000006527407,False
docker_test_5.yml,python_antlr,52,0.36410000029718503,False
docker_test_5.yml,python_antlr,53,0.3685000001496519,False
docker_test_5.yml,python_antlr,54,0.3630999999586493,False
docker_test_5.yml,python_antlr,55,0.3919000000678352,False
docker_test_5.yml,python_antlr,56,0.36949999957869295,False
docker_test_5.yml,python_antlr,57,0.3606999998737592,False
docker_test_5.yml,python_antlr,58,0.3615000005083857,False
docker_test_5.yml,python_antlr,59,0.3575000000637374,False
docker_test_5.yml,python_antlr,60,0.36079999972571386,False
docker_test_5.yml,python_antlr,61,0.36269999964133603,False
docker_test_5.yml,python_antlr,62,0.3618000000642496,False
docker_test_5.yml,python_antlr,63,0.38690000019414583,False
docker_test_5.yml,python_antlr,64,0.3755999996428727,False
docker_test_5.yml,python_antlr,65,0.36459900002228096,False
docker_test_5.yml,python_antlr,66,0.3823000006377697,False
docker_test_5.yml,python_antlr,67,0.3673999999591615,False
docker_test_5.yml,python_antlr,68,0.36360000012791716,False
docker_test_5.yml,python_antlr,69,0.3643000000010943,False
docker_test_5.yml,python_antlr,70,0.3633999995145132,False
docker_test_5.yml,python_antlr,71,0.35930000012740493,False
docker_test_5.yml,python_antlr,72,0.36189999991620425,False
docker_test_5.yml,python_antlr,73,0.3592000002754503,False
docker_test_5.yml,python_antlr,74,0.35879999995813705,False
docker_test_5.yml,python_antlr,75,0.356399999873247,False
docker_test_5.yml,python_antlr,76,0.3561000003173831,False
docker_test_5.yml,python_antlr,77,0.3800000004048343,False
docker_test_5.yml,python_antlr,78,0.3631999998106039,False
docker_test_5.yml,python_antlr,79,0.36360000012791716,False
docker_test_5.yml,python_antlr,80,0.47989999984565657,False
docker_test_5.yml,python_antlr,81,0.37929999962216243,False
docker_test_5.yml,python_antlr,82,8.52089900035935,False
docker_test_5.yml,python_antlr,83,0.5270000001473818,False
docker_test_5.yml,python_antlr,84,0.39000000015221303,False
docker_test_5.yml,python_antlr,85,0.37260000044625485,False
docker_test_5.yml,python_antlr,86,0.46779999956925167,False
docker_test_5.yml,python_antlr,87,0.3836999994746293,False
docker_test_5.yml,python_antlr,88,0.36530000033963006,False
docker_test_5.yml,python_antlr,89,0.3659999993033125,False
docker_test_5.yml,python_antlr,90,0.4166999997323728,False
docker_test_5.yml,python_antlr,91,0.366599999324535,False
docker_test_5.yml,python_antlr,92,0.36559999989549397,False
docker_test_5.yml,python_antlr,93,0.3657000006569433,False
docker_test_5.yml,python_antlr,94,0.3620000006776536,False
docker_test_5.yml,python_antlr,95,0.3646000004664529,False
docker_test_5.yml,python_antlr,96,0.36189999991620425,False
docker_test_5.yml,python_antlr,97,0.3932999998141895,False
docker_test_5.yml,python_antlr,98,0.40390000049228547,False
docker_test_5.yml,python_antlr,99,0.36559999989549397,False
docker_test_5.yml,python_antlr,100,0.36699999964184826,False
docker_test_5.yml,python_antlr,101,0.36110000019107247,False
docker_test_5.yml,python_antlr,102,0.36579999959940324,False
docker_test_5.yml,python_antlr,103,0.3894000001309905,False
docker_test_5.yml,python_antlr,104,0.3853999996863422,False
docker_test_5.yml,python_antlr,105,0.36329999966255855,False
docker_test_5.yml,python_antlr,106,0.36849900061497465,False
docker_test_5.yml,python_antlr,107,0.38810000023659086,False
docker_test_5.yml,python_antlr,108,0.3656999997474486,False
docker_test_5.yml,python_antlr,109,0.3604000003178953,False
docker_test_5.yml,python_antlr,110,0.3589999996620463,False
docker_test_5.yml,python_antlr,111,0.35819999993691454,False
docker_test_5.yml,python_antlr,112,0.3645999995569582,False
docker_test_5.yml,python_antlr,113,0.36280000040278537,False
docker_test_5.yml,python_antlr,114,0.36249999993742676,False
docker_test_5.yml,python_antlr,115,0.36019999970449135,False
docker_test_5.yml,python_antlr,116,0.3594999998313142,False
docker_test_5.yml,python_antlr,117,0.3951999997298117,False
docker_test_5.yml,python_antlr,118,0.37680000059481245,False
docker_test_5.yml,python_antlr,119,0.3623000002335175,False
docker_test_5.yml,python_antlr,120,0.35970000044471817,False
docker_test_5.yml,python_antlr,121,0.3571999995983788,False
docker_test_5.yml,python_antlr,122,0.36249999993742676,False
docker_test_5.yml,python_antlr,123,0.36270000055083074,False
docker_test_5.yml,python_antlr,124,1.4670000000478467,False
docker_test_5.yml,python_antlr,125,0.4873000007137307,False
docker_test_5.yml,python_antlr,126,0.3772999998545856,False
docker_test_5.yml,python_antlr,127,0.3716000001077191,False
docker_test_5.yml,python_antlr,128,0.41880000026139896,False
docker_test_5.yml,python_antlr,129,0.4258999997546198,False
docker_test_5.yml,python_antlr,130,0.3754999997909181,False
docker_test_5.yml,python_antlr,131,0.3710999999384512,False
docker_test_5.yml,python_antlr,132,0.3646000004664529,False
docker_test_5.yml,python_antlr,133,0.3649000000223168,False
docker_test_5.yml,python_antlr,134,0.36599899976863526,False
docker_test_5.yml,python_antlr,135,0.3845999999612104,False
docker_test_5.yml,python_antlr,136,0.3654000001915847,False
docker_test_5.yml,python_antlr,137,0.36869999985356117,False
docker_test_5.yml,python_antlr,138,0.3643000000010943,False
docker_test_5.yml,python_antlr,139,0.35990000014862744,False
docker_test_5.yml,python_antlr,140,0.409600000239152,False
docker_test_5.yml,python_antlr,141,0.3636999999798718,False
docker_test_5.yml,python_antlr,142,0.3646000004664529,False
docker_test_5.yml,python_antlr,143,0.3651999995781807,False
docker_test_5.yml,python_antlr,144,0.3604000003178953,False
docker_test_5.yml,python_antlr,145,0.36439999985304894,False
docker_test_5.yml,python_antlr,146,0.3865999997287872,False
docker_test_5.yml,python_antlr,147,0.36159999945084564,False
docker_test_5.yml,python_antlr,148,0.36420000014913967,False
docker_test_5.yml,python_antlr,149,0.35819999993691454,False
docker_test_5.yml,python_antlr,150,0.3637999998318264,False
docker_test_5.yml,python_antlr,151,0.3618000000642496,False
docker_test_5.yml,python_antlr,152,0.41539999983797316,False
docker_test_5.yml,python_antlr,153,0.36470000031840755,False
docker_test_5.yml,python_antlr,154,0.36100000033911783,False
docker_test_5.yml,python_antlr,155,0.3681999996842933,False
docker_test_5.yml,python_antlr,156,0.3662999997686711,False
docker_test_5.yml,python_antlr,157,0.383700000384124,False
docker_test_5.yml,python_antlr,158,0.36099999942962313,False
docker_test_5.yml,python_antlr,159,0.3637999998318264,False
docker_test_5.yml,python_antlr,160,0.36019999970449135,False
docker_test_5.yml,python_antlr,161,0.3609000004871632,False
docker_test_5.yml,python_antlr,162,0.3644999997050036,False
docker_test_5.yml,python_antlr,163,0.36279999949329067,False
docker_test_5.yml,python_antlr,164,0.37789999987580813,False
docker_test_5.yml,python_antlr,165,0.3796999999394757,False
docker_test_5.yml,python_antlr,166,0.36149900006421376,False
docker_test_5.yml,python_antlr,167,0.3821000000243657,False
docker_test_5.yml,python_antlr,168,0.36499999987427145,False
docker_test_5.yml,python_antlr,169,0.3587000001061824,False
docker_test_5.yml,python_antlr,170,0.4396999993332429,False
docker_test_5.yml,python_antlr,171,0.3747000000657863,False
docker_test_5.yml,python_antlr,172,0.36389999968378106,False
docker_test_5.yml,python_antlr,173,0.35990000014862744,False
docker_test_5.yml,python_antlr,174,0.36330000057205325,False
docker_test_5.yml,python_antlr,175,0.36409999938769033,False
docker_test_5.yml,python_antlr,176,0.4118999995625927,False
docker_test_5.yml,python_antlr,177,0.36499999987427145,False
docker_test_5.yml,python_antlr,178,0.45869999939895933,False
docker_test_5.yml,python_antlr,179,0.3646000004664529,False
docker_test_5.yml,python_antlr,180,0.36050000016984995,False
docker_test_5.yml,python_antlr,181,0.3583000006983639,False
docker_test_5.yml,python_antlr,182,0.4414999993969104,False
docker_test_5.yml,python_antlr,183,0.3679000001284294,False
docker_test_5.yml,python_antlr,184,0.3620000006776536,False
docker_test_5.yml,python_antlr,185,0.3691000001708744,False
docker_test_5.yml,python_antlr,186,0.36749999981111614,False
docker_test_5.yml,python_antlr,187,0.3951999997298117,False
docker_test_5.yml,python_antlr,188,0.3878999996231869,False
docker_test_5.yml,python_antlr,189,0.3546999996615341,False
docker_test_5.yml,python_antlr,190,0.3604000003178953,False
docker_test_5.yml,python_antlr,191,0.357800000529096,False
docker_test_5.yml,python_antlr,192,0.35660000048665097,False
docker_test_5.yml,python_antlr,193,0.3600999998525367,False
docker_test_5.yml,python_antlr,194,0.3572999994503334,False
docker_test_5.yml,python_antlr,195,0.3648000001703622,False
docker_test_5.yml,python_antlr,196,0.3652000004876754,False
docker_test_5.yml,python_antlr,197,0.36129999989498174,False
docker_test_5.yml,python_antlr,198,0.4344989993114723,False
docker_test_5.yml,python_antlr,199,0.3812000004472793,False
docker_test_6.yml,python_antlr,0,0.6739000000379747,False
docker_test_6.yml,python_antlr,1,0.39770000057615107,False
docker_test_6.yml,python_antlr,2,0.37460000021383166,False
docker_test_6.yml,python_antlr,3,0.36550000004353933,False
docker_test_6.yml,python_antlr,4,0.48270000024785986,False
docker_test_6.yml,python_antlr,5,0.3895999998348998,False
docker_test_6.yml,python_antlr,6,0.3662000008262112,False
docker_test_6.yml,python_antlr,7,0.5516999999599648,False
docker_test_6.yml,python_antlr,8,0.38859999949636403,False
docker_test_6.yml,python_antlr,9,0.37150000025576446,False
docker_test_6.yml,python_antlr,10,0.36330000057205325,False
docker_test_6.yml,python_antlr,11,0.37120000069990056,False
docker_test_6.yml,python_antlr,12,0.4369990001578117,False
docker_test_6.yml,python_antlr,13,0.40609999996377155,False
docker_test_6.yml,python_antlr,14,0.3696000003401423,False
docker_test_6.yml,python_antlr,15,0.36499999987427145,False
docker_test_6.yml,python_antlr,16,0.3630999999586493,False
docker_test_6.yml,python_antlr,17,0.3651999995781807,False
docker_test_6.yml,python_antlr,18,0.3620999996201135,False
docker_test_6.yml,python_antlr,19,0.4210999995848397,False
docker_test_6.yml,python_antlr,20,0.4032000006191083,False
docker_test_6.yml,python_antlr,21,0.3713000005518552,False
docker_test_6.yml,python_antlr,22,0.36099999942962313,False
docker_test_6.yml,python_antlr,23,0.36409999938769033,False
docker_test_6.yml,python_antlr,24,0.38949999998294516,False
docker_test_6.yml,python_antlr,25,0.3606999998737592,False
docker_test_6.yml,python_antlr,26,0.36300000010669464,False
docker_test_6.yml,python_antlr,27,0.36360000012791716,False
docker_test_6.yml,python_antlr,28,0.36219999947206816,False
docker_test_6.yml,python_antlr,29,0.36840000029769726,False
docker_test_6.yml,python_antlr,30,0.3621000005296082,False
docker_test_6.yml,python_antlr,31,0.36249999993742676,False
docker_test_6.yml,python_antlr,32,0.35800000023300527,False
docker_test_6.yml,python_antlr,33,0.3589999996620463,False
docker_test_6.yml,python_antlr,34,0.3584000005503185,False
docker_test_6.yml,python_antlr,35,0.4230999993524165,False
docker_test_6.yml,python_antlr,36,0.37059999976918334,False
docker_test_6.yml,python_antlr,37,0.40919999992183875,False
docker_test_6.yml,python_antlr,38,0.37629999951604987,False
docker_test_6.yml,python_antlr,39,0.36809999983233865,False
docker_test_6.yml,python_antlr,40,0.3676000005725655,False
docker_test_6.yml,python_antlr,41,0.3648000001703622,False
docker_test_6.yml,python_antlr,42,0.3588999998100917,False
docker_test_6.yml,python_antlr,43,0.36399900000105845,False
docker_test_6.yml,python_antlr,44,0.36439999985304894,False
docker_test_6.yml,python_antlr,45,0.40520000038668513,False
docker_test_6.yml,python_antlr,46,0.3628999993452453,False
docker_test_6.yml,python_antlr,47,0.3600999998525367,False
docker_test_6.yml,python_antlr,48,0.3606000000218046,False
docker_test_6.yml,python_antlr,49,0.36809999983233865,False
docker_test_6.yml,python_antlr,50,0.3637999998318264,False
docker_test_6.yml,python_antlr,51,0.360299999556446,False
docker_test_6.yml,python_antlr,52,0.3614000006564311,False
docker_test_6.yml,python_antlr,53,0.4867999996349681,False
docker_test_6.yml,python_antlr,54,0.3691000001708744,False
docker_test_6.yml,python_antlr,55,0.4564000000755186,False
docker_test_6.yml,python_antlr,56,0.37120000069990056,False
docker_test_6.yml,python_antlr,57,0.3662999997686711,False
docker_test_6.yml,python_antlr,58,0.3612000000430271,False
docker_test_6.yml,python_antlr,59,0.3606000000218046,False
docker_test_6.yml,python_antlr,60,0.3628999993452453,False
docker_test_6.yml,python_antlr,61,0.36530000033963006,False
docker_test_6.yml,python_antlr,62,0.4148999996687053,False
docker_test_6.yml,python_antlr,63,0.3614000006564311,False
docker_test_6.yml,python_antlr,64,0.36579999959940324,False
docker_test_6.yml,python_antlr,65,0.38390000008803327,False
docker_test_6.yml,python_antlr,66,0.3659999993033125,False
docker_test_6.yml,python_antlr,67,0.3918000002158806,False
docker_test_6.yml,python_antlr,68,0.3679000001284294,False
docker_test_6.yml,python_antlr,69,0.3643000000010943,False
docker_test_6.yml,python_antlr,70,0.36360000012791716,False
docker_test_6.yml,python_antlr,71,0.3614000006564311,False
docker_test_6.yml,python_antlr,72,0.3594999998313142,False
docker_test_6.yml,python_antlr,73,0.36389999968378106,False
docker_test_6.yml,python_antlr,74,0.35909999951400096,False
docker_test_6.yml,python_antlr,75,0.35419899995758897,False
docker_test_6.yml,python_antlr,76,0.3840000008494826,False
docker_test_6.yml,python_antlr,77,0.36249999993742676,False
docker_test_6.yml,python_antlr,78,0.3644999997050036,False
docker_test_6.yml,python_antlr,79,0.36639999962062575,False
docker_test_6.yml,python_antlr,80,0.392699999792967,False
docker_test_6.yml,python_antlr,81,0.3795000002355664,False
docker_test_6.yml,python_antlr,82,0.3588999998100917,False
docker_test_6.yml,python_antlr,83,0.3620999996201135,False
docker_test_6.yml,python_antlr,84,0.3569999998944695,False
docker_test_6.yml,python_antlr,85,0.35769999976764666,False
docker_test_6.yml,python_antlr,86,0.35879999995813705,False
docker_test_6.yml,python_antlr,87,0.37710000015067635,False
docker_test_6.yml,python_antlr,88,0.3603999994084006,False
docker_test_6.yml,python_antlr,89,0.3588999998100917,False
docker_test_6.yml,python_antlr,90,0.3668999997898936,False
docker_test_6.yml,python_antlr,91,0.3668999997898936,False
docker_test_6.yml,python_antlr,92,0.36129999989498174,False
docker_test_6.yml,python_antlr,93,0.36249999993742676,False
docker_test_6.yml,python_antlr,94,0.3842000005533919,False
docker_test_6.yml,python_antlr,95,0.3790000000662985,False
docker_test_6.yml,python_antlr,96,0.3621000005296082,False
docker_test_6.yml,python_antlr,97,0.3785999997489853,False
docker_test_6.yml,python_antlr,98,0.3633999995145132,False
docker_test_6.yml,python_antlr,99,0.3651999995781807,False
docker_test_6.yml,python_antlr,100,0.3594999998313142,False
docker_test_6.yml,python_antlr,101,0.36189999991620425,False
docker_test_6.yml,python_antlr,102,0.3582999997888692,False
docker_test_6.yml,python_antlr,103,0.4915999998047482,False
docker_test_6.yml,python_antlr,104,0.4501000003074296,False
docker_test_6.yml,python_antlr,105,0.3890999996656319,False
docker_test_6.yml,python_antlr,106,0.4181989997960045,False
docker_test_6.yml,python_antlr,107,0.3770000002987217,False
docker_test_6.yml,python_antlr,108,0.4290999995646416,False
docker_test_6.yml,python_antlr,109,0.37149999934626976,False
docker_test_6.yml,python_antlr,110,0.3676999995150254,False
docker_test_6.yml,python_antlr,111,0.36499999987427145,False
docker_test_6.yml,python_antlr,112,0.3647999992608675,False
docker_test_6.yml,python_antlr,113,0.37169999995967373,False
docker_test_6.yml,python_antlr,114,0.3618000000642496,False
docker_test_6.yml,python_antlr,115,0.36469999940891284,False
docker_test_6.yml,python_antlr,116,0.3623000002335175,False
docker_test_6.yml,python_antlr,117,0.361700000212295,False
docker_test_6.yml,python_antlr,118,0.38640000002487795,False
docker_test_6.yml,python_antlr,119,0.36539999928209,False
docker_test_6.yml,python_antlr,120,0.35960000059276354,False
docker_test_6.yml,python_antlr,121,0.3997000003437279,False
docker_test_6.yml,python_antlr,122,0.36610000006476184,False
docker_test_6.yml,python_antlr,123,0.3635000002759625,False
docker_test_6.yml,python_antlr,124,0.35770000067714136,False
docker_test_6.yml,python_antlr,125,0.3630999999586493,False
docker_test_6.yml,python_antlr,126,0.35630000002129236,False
docker_test_6.yml,python_antlr,127,0.3581000000849599,False
docker_test_6.yml,python_antlr,128,0.36530000033963006,False
docker_test_6.yml,python_antlr,129,0.38550000044779154,False
docker_test_6.yml,python_antlr,130,0.36300000010669464,False
docker_test_6.yml,python_antlr,131,0.3687999997055158,False
docker_test_6.yml,python_antlr,132,0.36300000010669464,False
docker_test_6.yml,python_antlr,133,0.360299999556446,False
docker_test_6.yml,python_antlr,134,0.3668999997898936,False
docker_test_6.yml,python_antlr,135,0.36639999962062575,False
docker_test_6.yml,python_antlr,136,0.3635000002759625,False
docker_test_6.yml,python_antlr,137,0.38109999968582997,False
docker_test_6.yml,python_antlr,138,0.36399900000105845,False
docker_test_6.yml,python_antlr,139,0.3818000004685018,False
docker_test_6.yml,python_antlr,140,0.3592000002754503,False
docker_test_6.yml,python_antlr,141,0.3634999993664678,False
docker_test_6.yml,python_antlr,142,0.366599999324535,False
docker_test_6.yml,python_antlr,143,0.3648000001703622,False
docker_test_6.yml,python_antlr,144,0.36609999915526714,False
docker_test_6.yml,python_antlr,145,0.36579999959940324,False
docker_test_6.yml,python_antlr,146,0.361700000212295,False
docker_test_6.yml,python_antlr,147,0.3634999993664678,False
docker_test_6.yml,python_antlr,148,0.3630999999586493,False
docker_test_6.yml,python_antlr,149,0.3656999997474486,False
docker_test_6.yml,python_antlr,150,0.7437000003847061,False
docker_test_6.yml,python_antlr,151,0.4681000000346103,False
docker_test_6.yml,python_antlr,152,0.378400000045076,False
docker_test_6.yml,python_antlr,153,0.37090000023454195,False
docker_test_6.yml,python_antlr,154,0.37290000000211876,False
docker_test_6.yml,python_antlr,155,0.3651999995781807,False
docker_test_6.yml,python_antlr,156,0.3631999998106039,False
docker_test_6.yml,python_antlr,157,0.3649000000223168,False
docker_test_6.yml,python_antlr,158,0.36719999934575753,False
docker_test_6.yml,python_antlr,159,0.3920999997717445,False
docker_test_6.yml,python_antlr,160,0.36610000006476184,False
docker_test_6.yml,python_antlr,161,0.36780000027647475,False
docker_test_6.yml,python_antlr,162,0.4330000001573353,False
docker_test_6.yml,python_antlr,163,0.37369999972725054,False
docker_test_6.yml,python_antlr,164,0.36240000008547213,False
docker_test_6.yml,python_antlr,165,0.4180000005362672,False
docker_test_6.yml,python_antlr,166,0.36249999993742676,False
docker_test_6.yml,python_antlr,167,0.3559000006134738,False
docker_test_6.yml,python_antlr,168,0.3625999997893814,False
docker_test_6.yml,python_antlr,169,0.361899000381527,False
docker_test_6.yml,python_antlr,170,0.38690000019414583,False
docker_test_6.yml,python_antlr,171,0.3639999995357357,False
docker_test_6.yml,python_antlr,172,0.428999999712687,False
docker_test_6.yml,python_antlr,173,0.37599999996018596,False
docker_test_6.yml,python_antlr,174,0.3716000001077191,False
docker_test_6.yml,python_antlr,175,0.3682999995362479,False
docker_test_6.yml,python_antlr,176,0.36870000076305587,False
docker_test_6.yml,python_antlr,177,0.3654000001915847,False
docker_test_6.yml,python_antlr,178,0.3634000004240079,False
docker_test_6.yml,python_antlr,179,0.44950000028620707,False
docker_test_6.yml,python_antlr,180,0.36860000000160653,False
docker_test_6.yml,python_antlr,181,0.3661999999167165,False
docker_test_6.yml,python_antlr,182,0.36389999968378106,False
docker_test_6.yml,python_antlr,183,0.35990000014862744,False
docker_test_6.yml,python_antlr,184,0.3648000001703622,False
docker_test_6.yml,python_antlr,185,0.3630999999586493,False
docker_test_6.yml,python_antlr,186,0.3636999999798718,False
docker_test_6.yml,python_antlr,187,0.361700000212295,False
docker_test_6.yml,python_antlr,188,0.3630999999586493,False
docker_test_6.yml,python_antlr,189,0.36220000038156286,False
docker_test_6.yml,python_antlr,190,0.3797999997914303,False
docker_test_6.yml,python_antlr,191,0.361700000212295,False
docker_test_6.yml,python_antlr,192,0.3635000002759625,False
docker_test_6.yml,python_antlr,193,0.3623000002335175,False
docker_test_6.yml,python_antlr,194,6.978098999752547,False
docker_test_6.yml,python_antlr,195,0.4546000000118511,False
docker_test_6.yml,python_antlr,196,0.38249999943218427,False
docker_test_6.yml,python_antlr,197,0.37509999947360484,False
docker_test_6.yml,python_antlr,198,0.36890000046696514,False
docker_test_6.yml,python_antlr,199,0.36720000025525223,False
docker_test_7.yml,python_antlr,0,0.6739999998899293,False
docker_test_7.yml,python_antlr,1,0.3910000004907488,False
docker_test_7.yml,python_antlr,2,0.37960000008752104,False
docker_test_7.yml,python_antlr,3,0.3719000005730777,False
docker_test_7.yml,python_antlr,4,0.36780000027647475,False
docker_test_7.yml,python_antlr,5,0.5002999996577273,False
docker_test_7.yml,python_antlr,6,0.37489999976969557,False
docker_test_7.yml,python_antlr,7,0.3690000003189198,False
docker_test_7.yml,python_antlr,8,0.36420000014913967,False
docker_test_7.yml,python_antlr,9,0.5529999998543644,False
docker_test_7.yml,python_antlr,10,0.4760000001624576,False
docker_test_7.yml,python_antlr,11,0.41650000002846355,False
docker_test_7.yml,python_antlr,12,0.37090000023454195,False
docker_test_7.yml,python_antlr,13,0.37030000021331944,False
docker_test_7.yml,python_antlr,14,0.40639999951963546,False
docker_test_7.yml,python_antlr,15,0.3631999998106039,False
docker_test_7.yml,python_antlr,16,0.361700000212295,False
docker_test_7.yml,python_antlr,17,0.36189999991620425,False
docker_test_7.yml,python_antlr,18,0.36469999940891284,False
docker_test_7.yml,python_antlr,19,0.36109999928157777,False
docker_test_7.yml,python_antlr,20,0.36300000010669464,False
docker_test_7.yml,python_antlr,21,0.3603999994084006,False
docker_test_7.yml,python_antlr,22,0.3659000003608526,False
docker_test_7.yml,python_antlr,23,0.4300999999031774,False
docker_test_7.yml,python_antlr,24,0.4280990006009233,False
docker_test_7.yml,python_antlr,25,0.5366999994294019,False
docker_test_7.yml,python_antlr,26,0.395300000491261,False
docker_test_7.yml,python_antlr,27,0.3727000002982095,False
docker_test_7.yml,python_antlr,28,0.3803000008701929,False
docker_test_7.yml,python_antlr,29,0.36360000012791716,False
docker_test_7.yml,python_antlr,30,0.36189999991620425,False
docker_test_7.yml,python_antlr,31,0.36890000046696514,False
docker_test_7.yml,python_antlr,32,0.36240000008547213,False
docker_test_7.yml,python_antlr,33,0.36699999964184826,False
docker_test_7.yml,python_antlr,34,0.3660000002128072,False
docker_test_7.yml,python_antlr,35,0.45080000018060673,False
docker_test_7.yml,python_antlr,36,0.36559999989549397,False
docker_test_7.yml,python_antlr,37,0.3659000003608526,False
docker_test_7.yml,python_antlr,38,0.3619999997681589,False
docker_test_7.yml,python_antlr,39,0.36099999942962313,False
docker_test_7.yml,python_antlr,40,0.3606000000218046,False
docker_test_7.yml,python_antlr,41,0.35990000014862744,False
docker_test_7.yml,python_antlr,42,0.3581000000849599,False
docker_test_7.yml,python_antlr,43,0.36110000019107247,False
docker_test_7.yml,python_antlr,44,0.36290000025474,False
docker_test_7.yml,python_antlr,45,0.3827999998975429,False
docker_test_7.yml,python_antlr,46,0.36270000055083074,False
docker_test_7.yml,python_antlr,47,0.36080000063520856,False
docker_test_7.yml,python_antlr,48,0.3630999999586493,False
docker_test_7.yml,python_antlr,49,0.3675999996630708,False
docker_test_7.yml,python_antlr,50,0.5862999996679719,False
docker_test_7.yml,python_antlr,51,0.5745999997088802,False
docker_test_7.yml,python_antlr,52,0.39060000017343555,False
docker_test_7.yml,python_antlr,53,0.3743999996004277,False
docker_test_7.yml,python_antlr,54,0.3632990001278813,False
docker_test_7.yml,python_antlr,55,0.39910000032250537,False
docker_test_7.yml,python_antlr,56,0.36640000053012045,False
docker_test_7.yml,python_antlr,57,0.3659000003608526,False
docker_test_7.yml,python_antlr,58,0.36639999962062575,False
docker_test_7.yml,python_antlr,59,0.36749999981111614,False
docker_test_7.yml,python_antlr,60,0.36220000038156286,False
docker_test_7.yml,python_antlr,61,0.36050000016984995,False
docker_test_7.yml,python_antlr,62,0.3609000004871632,False
docker_test_7.yml,python_antlr,63,0.41460000011284137,False
docker_test_7.yml,python_antlr,64,0.3663000006781658,False
docker_test_7.yml,python_antlr,65,0.3903999995600316,False
docker_test_7.yml,python_antlr,66,0.36220000038156286,False
docker_test_7.yml,python_antlr,67,0.3588999998100917,False
docker_test_7.yml,python_antlr,68,0.3631999998106039,False
docker_test_7.yml,python_antlr,69,0.3604000003178953,False
docker_test_7.yml,python_antlr,70,0.36329999966255855,False
docker_test_7.yml,python_antlr,71,0.36499999987427145,False
docker_test_7.yml,python_antlr,72,0.36249999993742676,False
docker_test_7.yml,python_antlr,73,0.3619999997681589,False
docker_test_7.yml,python_antlr,74,0.36279999949329067,False
docker_test_7.yml,python_antlr,75,0.41570000030333176,False
docker_test_7.yml,python_antlr,76,0.39170000036392594,False
docker_test_7.yml,python_antlr,77,0.3654000001915847,False
docker_test_7.yml,python_antlr,78,0.3630999999586493,False
docker_test_7.yml,python_antlr,79,0.3600000000005821,False
docker_test_7.yml,python_antlr,80,0.3649000000223168,False
docker_test_7.yml,python_antlr,81,0.3636999999798718,False
docker_test_7.yml,python_antlr,82,0.3603999994084006,False
docker_test_7.yml,python_antlr,83,0.3646000004664529,False
docker_test_7.yml,python_antlr,84,0.3594999998313142,False
docker_test_7.yml,python_antlr,85,0.36110000019107247,False
docker_test_7.yml,python_antlr,86,0.42529900019872,False
docker_test_7.yml,python_antlr,87,0.3820000001724111,False
docker_test_7.yml,python_antlr,88,0.41820000024017645,False
docker_test_7.yml,python_antlr,89,0.36300000010669464,False
docker_test_7.yml,python_antlr,90,0.3606000000218046,False
docker_test_7.yml,python_antlr,91,0.36270000055083074,False
docker_test_7.yml,python_antlr,92,0.4358000005595386,False
docker_test_7.yml,python_antlr,93,0.3664999994725804,False
docker_test_7.yml,python_antlr,94,0.361499999598891,False
docker_test_7.yml,python_antlr,95,0.36270000055083074,False
docker_test_7.yml,python_antlr,96,0.36390000059327576,False
docker_test_7.yml,python_antlr,97,0.38809999932709616,False
docker_test_7.yml,python_antlr,98,0.3692999998747837,False
docker_test_7.yml,python_antlr,99,0.356399999873247,False
docker_test_7.yml,python_antlr,100,0.3941999993912759,False
docker_test_7.yml,python_antlr,101,0.37059999976918334,False
docker_test_7.yml,python_antlr,102,0.36419999923964497,False
docker_test_7.yml,python_antlr,103,0.3589999996620463,False
docker_test_7.yml,python_antlr,104,0.35959999968326883,False
docker_test_7.yml,python_antlr,105,0.41140000030281954,False
docker_test_7.yml,python_antlr,106,0.36839999938820256,False
docker_test_7.yml,python_antlr,107,0.38359999962267466,False
docker_test_7.yml,python_antlr,108,0.3592000002754503,False
docker_test_7.yml,python_antlr,109,0.3589999996620463,False
docker_test_7.yml,python_antlr,110,0.3971999994973885,False
docker_test_7.yml,python_antlr,111,0.3659999993033125,False
docker_test_7.yml,python_antlr,112,0.3980999999839696,False
docker_test_7.yml,python_antlr,113,0.363100000868144,False
docker_test_7.yml,python_antlr,114,0.36280000040278537,False
docker_test_7.yml,python_antlr,115,0.36329999966255855,False
docker_test_7.yml,python_antlr,116,0.35630000002129236,False
docker_test_7.yml,python_antlr,117,0.3784990003623534,False
docker_test_7.yml,python_antlr,118,0.3646000004664529,False
docker_test_7.yml,python_antlr,119,0.3583999996408238,False
docker_test_7.yml,python_antlr,120,0.361700000212295,False
docker_test_7.yml,python_antlr,121,0.3546999996615341,False
docker_test_7.yml,python_antlr,122,0.35939999997935956,False
docker_test_7.yml,python_antlr,123,0.4156000004513771,False
docker_test_7.yml,python_antlr,124,0.3636999999798718,False
docker_test_7.yml,python_antlr,125,0.3600999998525367,False
docker_test_7.yml,python_antlr,126,0.3576000008251867,False
docker_test_7.yml,python_antlr,127,0.36809999983233865,False
docker_test_7.yml,python_antlr,128,0.37879999945289455,False
docker_test_7.yml,python_antlr,129,0.36219999947206816,False
docker_test_7.yml,python_antlr,130,0.3640000004452304,False
docker_test_7.yml,python_antlr,131,0.3636999999798718,False
docker_test_7.yml,python_antlr,132,0.3582999997888692,False
docker_test_7.yml,python_antlr,133,0.3606000000218046,False
docker_test_7.yml,python_antlr,134,0.36110000019107247,False
docker_test_7.yml,python_antlr,135,0.41870000040944433,False
docker_test_7.yml,python_antlr,136,0.3606000000218046,False
docker_test_7.yml,python_antlr,137,0.36249999993742676,False
docker_test_7.yml,python_antlr,138,0.3580999991754652,False
docker_test_7.yml,python_antlr,139,0.38500000027852366,False
docker_test_7.yml,python_antlr,140,0.3604000003178953,False
docker_test_7.yml,python_antlr,141,0.35490000027493807,False
docker_test_7.yml,python_antlr,142,0.35709999974642415,False
docker_test_7.yml,python_antlr,143,0.35650000063469633,False
docker_test_7.yml,python_antlr,144,0.3623000002335175,False
docker_test_7.yml,python_antlr,145,0.3592000002754503,False
docker_test_7.yml,python_antlr,146,0.8765999991737772,False
docker_test_7.yml,python_antlr,147,0.514898999426805,False
docker_test_7.yml,python_antlr,148,0.4308000006858492,False
docker_test_7.yml,python_antlr,149,0.37340000017138664,False
docker_test_7.yml,python_antlr,150,0.3738999994311598,False
docker_test_7.yml,python_antlr,151,0.3704999999172287,False
docker_test_7.yml,python_antlr,152,0.37169999995967373,False
docker_test_7.yml,python_antlr,153,0.4166999997323728,False
docker_test_7.yml,python_antlr,154,0.3724999996848055,False
docker_test_7.yml,python_antlr,155,0.36290000025474,False
docker_test_7.yml,python_antlr,156,0.40159999934985535,False
docker_test_7.yml,python_antlr,157,0.3673999999591615,False
docker_test_7.yml,python_antlr,158,0.39150000066001667,False
docker_test_7.yml,python_antlr,159,0.36890000046696514,False
docker_test_7.yml,python_antlr,160,0.36020000061398605,False
docker_test_7.yml,python_antlr,161,0.3612000000430271,False
docker_test_7.yml,python_antlr,162,0.3637999998318264,False
docker_test_7.yml,python_antlr,163,0.36240000008547213,False
docker_test_7.yml,python_antlr,164,0.3666000002340297,False
docker_test_7.yml,python_antlr,165,0.3600999998525367,False
docker_test_7.yml,python_antlr,166,0.36190000082569895,False
docker_test_7.yml,python_antlr,167,0.3557999998520245,False
docker_test_7.yml,python_antlr,168,0.361700000212295,False
docker_test_7.yml,python_antlr,169,0.38189999941096175,False
docker_test_7.yml,python_antlr,170,0.357800000529096,False
docker_test_7.yml,python_antlr,171,0.36160000036034035,False
docker_test_7.yml,python_antlr,172,0.3600999998525367,False
docker_test_7.yml,python_antlr,173,0.3573000003598281,False
docker_test_7.yml,python_antlr,174,0.4343999999036896,False
docker_test_7.yml,python_antlr,175,0.36579999959940324,False
docker_test_7.yml,python_antlr,176,0.36099999942962313,False
docker_test_7.yml,python_antlr,177,0.36749999981111614,False
docker_test_7.yml,python_antlr,178,0.36189999991620425,False
docker_test_7.yml,python_antlr,179,0.3640990007625078,False
docker_test_7.yml,python_antlr,180,0.44489999982033623,False
docker_test_7.yml,python_antlr,181,0.36099999942962313,False
docker_test_7.yml,python_antlr,182,0.3652000004876754,False
docker_test_7.yml,python_antlr,183,0.3654000001915847,False
docker_test_7.yml,python_antlr,184,0.3690000003189198,False
docker_test_7.yml,python_antlr,185,0.3613999997469364,False
docker_test_7.yml,python_antlr,186,0.36360000012791716,False
docker_test_7.yml,python_antlr,187,0.3608999995776685,False
docker_test_7.yml,python_antlr,188,0.3595000007408089,False
docker_test_7.yml,python_antlr,189,0.3587000001061824,False
docker_test_7.yml,python_antlr,190,0.39600000036443816,False
docker_test_7.yml,python_antlr,191,0.361700000212295,False
docker_test_7.yml,python_antlr,192,0.4162999994150596,False
docker_test_7.yml,python_antlr,193,0.3606999998737592,False
docker_test_7.yml,python_antlr,194,0.45569999929284677,False
docker_test_7.yml,python_antlr,195,0.3648000001703622,False
docker_test_7.yml,python_antlr,196,0.36639999962062575,False
docker_test_7.yml,python_antlr,197,0.3603000004659407,False
docker_test_7.yml,python_antlr,198,0.41090000013355166,False
docker_test_7.yml,python_antlr,199,0.36270000055083074,False
docker_test_8.yml,python_antlr,0,0.6826999997429084,False
docker_test_8.yml,python_antlr,1,0.39629999992030207,False
docker_test_8.yml,python_antlr,2,0.4239999998389976,False
docker_test_8.yml,python_antlr,3,0.40839999928721227,False
docker_test_8.yml,python_antlr,4,0.37229999998089625,False
docker_test_8.yml,python_antlr,5,0.3661999999167165,False
docker_test_8.yml,python_antlr,6,0.3673999999591615,False
docker_test_8.yml,python_antlr,7,0.3643000000010943,False
docker_test_8.yml,python_antlr,8,0.3643000000010943,False
docker_test_8.yml,python_antlr,9,0.36499999987427145,False
docker_test_8.yml,python_antlr,10,0.3598000002966728,False
docker_test_8.yml,python_antlr,11,0.3640000004452304,False
docker_test_8.yml,python_antlr,12,0.3683000004457426,False
docker_test_8.yml,python_antlr,13,0.3916000005119713,False
docker_test_8.yml,python_antlr,14,0.36189999991620425,False
docker_test_8.yml,python_antlr,15,0.3619999997681589,False
docker_test_8.yml,python_antlr,16,0.36160000036034035,False
docker_test_8.yml,python_antlr,17,0.4017999999632593,False
docker_test_8.yml,python_antlr,18,0.38020000010874355,False
docker_test_8.yml,python_antlr,19,0.36019999970449135,False
docker_test_8.yml,python_antlr,20,1.5416989999721409,False
docker_test_8.yml,python_antlr,21,0.5698999993910547,False
docker_test_8.yml,python_antlr,22,0.4414000004544505,False
docker_test_8.yml,python_antlr,23,0.41150000015477417,False
docker_test_8.yml,python_antlr,24,0.41310000051453244,False
docker_test_8.yml,python_antlr,25,0.4075999995620805,False
docker_test_8.yml,python_antlr,26,0.4330000001573353,False
docker_test_8.yml,python_antlr,27,0.43060000007244525,False
docker_test_8.yml,python_antlr,28,0.4456000006030081,False
docker_test_8.yml,python_antlr,29,0.4326999996919767,False
docker_test_8.yml,python_antlr,30,2.66269999974611,False
docker_test_8.yml,python_antlr,31,0.7015999999566702,False
docker_test_8.yml,python_antlr,32,0.5336000003808294,False
docker_test_8.yml,python_antlr,33,0.44069999967177864,False
docker_test_8.yml,python_antlr,34,0.3764000002774992,False
docker_test_8.yml,python_antlr,35,0.3702000003613648,False
docker_test_8.yml,python_antlr,36,0.3723999998328509,False
docker_test_8.yml,python_antlr,37,0.36809999983233865,False
docker_test_8.yml,python_antlr,38,0.3616999993028003,False
docker_test_8.yml,python_antlr,39,0.35879999995813705,False
docker_test_8.yml,python_antlr,40,0.36330000057205325,False
docker_test_8.yml,python_antlr,41,0.36300000010669464,False
docker_test_8.yml,python_antlr,42,0.36189999991620425,False
docker_test_8.yml,python_antlr,43,0.49569899965717923,False
docker_test_8.yml,python_antlr,44,0.3723999998328509,False
docker_test_8.yml,python_antlr,45,0.3699000008055009,False
docker_test_8.yml,python_antlr,46,0.36240000008547213,False
docker_test_8.yml,python_antlr,47,0.40050000006885966,False
docker_test_8.yml,python_antlr,48,0.3723999998328509,False
docker_test_8.yml,python_antlr,49,0.36579999959940324,False
docker_test_8.yml,python_antlr,50,0.36420000014913967,False
docker_test_8.yml,python_antlr,51,0.36529999943013536,False
docker_test_8.yml,python_antlr,52,0.36219999947206816,False
docker_test_8.yml,python_antlr,53,0.3897000005963491,False
docker_test_8.yml,python_antlr,54,0.3671000004032976,False
docker_test_8.yml,python_antlr,55,0.36410000029718503,False
docker_test_8.yml,python_antlr,56,0.36700000055134296,False
docker_test_8.yml,python_antlr,57,0.36439999985304894,False
docker_test_8.yml,python_antlr,58,0.4102000002603745,False
docker_test_8.yml,python_antlr,59,0.36720000025525223,False
docker_test_8.yml,python_antlr,60,0.36579999959940324,False
docker_test_8.yml,python_antlr,61,0.3594999998313142,False
docker_test_8.yml,python_antlr,62,0.36439999985304894,False
docker_test_8.yml,python_antlr,63,0.36809999983233865,False
docker_test_8.yml,python_antlr,64,1.7578999995748745,False
docker_test_8.yml,python_antlr,65,0.4496000001381617,False
docker_test_8.yml,python_antlr,66,0.4427999992913101,False
docker_test_8.yml,python_antlr,67,0.3716000001077191,False
docker_test_8.yml,python_antlr,68,0.36780000027647475,False
docker_test_8.yml,python_antlr,69,0.4091990003871615,False
docker_test_8.yml,python_antlr,70,0.4017999999632593,False
docker_test_8.yml,python_antlr,71,0.4268000002412009,False
docker_test_8.yml,python_antlr,72,0.36530000033963006,False
docker_test_8.yml,python_antlr,73,0.43259999984002206,False
docker_test_8.yml,python_antlr,74,0.37679999968531774,False
docker_test_8.yml,python_antlr,75,0.36269999964133603,False
docker_test_8.yml,python_antlr,76,0.41450000026088674,False
docker_test_8.yml,python_antlr,77,0.36050000016984995,False
docker_test_8.yml,python_antlr,78,0.3644999997050036,False
docker_test_8.yml,python_antlr,79,0.40999999964697054,False
docker_test_8.yml,python_antlr,80,0.39879999985714676,False
docker_test_8.yml,python_antlr,81,0.43599999935395317,False
docker_test_8.yml,python_antlr,82,0.3663000006781658,False
docker_test_8.yml,python_antlr,83,0.36249999993742676,False
docker_test_8.yml,python_antlr,84,0.40209999951912323,False
docker_test_8.yml,python_antlr,85,0.3650999997262261,False
docker_test_8.yml,python_antlr,86,0.41369999962626025,False
docker_test_8.yml,python_antlr,87,0.36890000046696514,False
docker_test_8.yml,python_antlr,88,0.39510000078735175,False
docker_test_8.yml,python_antlr,89,0.41150000015477417,False
docker_test_8.yml,python_antlr,90,0.38690000019414583,False
docker_test_8.yml,python_antlr,91,0.4104999998162384,False
docker_test_8.yml,python_antlr,92,0.3665000003820751,False
docker_test_8.yml,python_antlr,93,0.3612000000430271,False
docker_test_8.yml,python_antlr,94,0.4189000001133536,False
docker_test_8.yml,python_antlr,95,0.36530000033963006,False
docker_test_8.yml,python_antlr,96,0.40359999911743216,False
docker_test_8.yml,python_antlr,97,0.3651999995781807,False
docker_test_8.yml,python_antlr,98,0.36329999966255855,False
docker_test_8.yml,python_antlr,99,0.4167000006418675,False
docker_test_8.yml,python_antlr,100,0.3869989996019285,False
docker_test_8.yml,python_antlr,101,0.4318000001148903,False
docker_test_8.yml,python_antlr,102,0.372100000276987,False
docker_test_8.yml,python_antlr,103,0.3648000001703622,False
docker_test_8.yml,python_antlr,104,0.4154999996899278,False
docker_test_8.yml,python_antlr,105,0.3704999999172287,False
docker_test_8.yml,python_antlr,106,7.023799999842595,False
docker_test_8.yml,python_antlr,107,0.44770000022253953,False
docker_test_8.yml,python_antlr,108,0.44010000056005083,False
docker_test_8.yml,python_antlr,109,0.3693999997267383,False
docker_test_8.yml,python_antlr,110,0.3929999993488309,False
docker_test_8.yml,python_antlr,111,0.41340000007039635,False
docker_test_8.yml,python_antlr,112,0.377200000002631,False
docker_test_8.yml,python_antlr,113,0.5060990006313659,False
docker_test_8.yml,python_antlr,114,0.3901999998561223,False
docker_test_8.yml,python_antlr,115,0.41849999979604036,False
docker_test_8.yml,python_antlr,116,0.36920000002282904,False
docker_test_8.yml,python_antlr,117,0.3600000000005821,False
docker_test_8.yml,python_antlr,118,0.4135999997743056,False
docker_test_8.yml,python_antlr,119,0.36499999987427145,False
docker_test_8.yml,python_antlr,120,0.39910000032250537,False
docker_test_8.yml,python_antlr,121,0.370699999621138,False
docker_test_8.yml,python_antlr,122,0.3643000000010943,False
docker_test_8.yml,python_antlr,123,0.4749999998239218,False
docker_test_8.yml,python_antlr,124,0.36249999993742676,False
docker_test_8.yml,python_antlr,125,0.40859999990061624,False
docker_test_8.yml,python_antlr,126,0.3857000001517008,False
docker_test_8.yml,python_antlr,127,0.36390000059327576,False
docker_test_8.yml,python_antlr,128,0.42779999967024196,False
docker_test_8.yml,python_antlr,129,0.3652000004876754,False
docker_test_8.yml,python_antlr,130,0.43740000000980217,False
docker_test_8.yml,python_antlr,131,0.37599999996018596,False
docker_test_8.yml,python_antlr,132,0.3636999999798718,False
docker_test_8.yml,python_antlr,133,0.4534999998213607,False
docker_test_8.yml,python_antlr,134,0.36780000027647475,False
docker_test_8.yml,python_antlr,135,0.7544999998572166,False
docker_test_8.yml,python_antlr,136,0.4089999993084348,False
docker_test_8.yml,python_antlr,137,0.3806000004260568,False
docker_test_8.yml,python_antlr,138,0.3707000005306327,False
docker_test_8.yml,python_antlr,139,0.3677000004245201,False
docker_test_8.yml,python_antlr,140,0.3640000004452304,False
docker_test_8.yml,python_antlr,141,0.3634999993664678,False
docker_test_8.yml,python_antlr,142,0.35779900008492405,False
docker_test_8.yml,python_antlr,143,0.4011000000900822,False
docker_test_8.yml,python_antlr,144,0.3634000004240079,False
docker_test_8.yml,python_antlr,145,0.3639999995357357,False
docker_test_8.yml,python_antlr,146,0.36240000008547213,False
docker_test_8.yml,python_antlr,147,0.3645000006144983,False
docker_test_8.yml,python_antlr,148,0.3646000004664529,False
docker_test_8.yml,python_antlr,149,0.3620999996201135,False
docker_test_8.yml,python_antlr,150,0.366799999937939,False
docker_test_8.yml,python_antlr,151,0.3691000001708744,False
docker_test_8.yml,python_antlr,152,0.3987000000051921,False
docker_test_8.yml,python_antlr,153,0.3860000006170594,False
docker_test_8.yml,python_antlr,154,0.3646000004664529,False
docker_test_8.yml,python_antlr,155,0.3575000000637374,False
docker_test_8.yml,python_antlr,156,0.3567000003386056,False
docker_test_8.yml,python_antlr,157,0.35769999976764666,False
docker_test_8.yml,python_antlr,158,0.3649000000223168,False
docker_test_8.yml,python_antlr,159,0.3586000002542278,False
docker_test_8.yml,python_antlr,160,0.36160000036034035,False
docker_test_8.yml,python_antlr,161,0.3575000000637374,False
docker_test_8.yml,python_antlr,162,0.35939999997935956,False
docker_test_8.yml,python_antlr,163,0.42020000000775326,False
docker_test_8.yml,python_antlr,164,0.4314999996495317,False
docker_test_8.yml,python_antlr,165,0.37180000072112307,False
docker_test_8.yml,python_antlr,166,0.36290000025474,False
docker_test_8.yml,python_antlr,167,0.36049999926035525,False
docker_test_8.yml,python_antlr,168,0.3666000002340297,False
docker_test_8.yml,python_antlr,169,0.4103999999642838,False
docker_test_8.yml,python_antlr,170,0.36279999949329067,False
docker_test_8.yml,python_antlr,171,0.3598000002966728,False
docker_test_8.yml,python_antlr,172,0.4535000007308554,False
docker_test_8.yml,python_antlr,173,0.3735999998752959,False
docker_test_8.yml,python_antlr,174,0.3911989997504861,False
docker_test_8.yml,python_antlr,175,0.37120000069990056,False
docker_test_8.yml,python_antlr,176,0.36159999945084564,False
docker_test_8.yml,python_antlr,177,0.3586000002542278,False
docker_test_8.yml,python_antlr,178,0.3620999996201135,False
docker_test_8.yml,python_antlr,179,0.35790000038105063,False
docker_test_8.yml,python_antlr,180,0.35739999930228805,False
docker_test_8.yml,python_antlr,181,0.3603000004659407,False
docker_test_8.yml,python_antlr,182,0.4202999998597079,False
docker_test_8.yml,python_antlr,183,0.37709999924118165,False
docker_test_8.yml,python_antlr,184,0.42920000032609096,False
docker_test_8.yml,python_antlr,185,0.42239999947923934,False
docker_test_8.yml,python_antlr,186,0.37510000038309954,False
docker_test_8.yml,python_antlr,187,0.3688000006150105,False
docker_test_8.yml,python_antlr,188,0.3587000001061824,False
docker_test_8.yml,python_antlr,189,0.36020000061398605,False
docker_test_8.yml,python_antlr,190,0.3677000004245201,False
docker_test_8.yml,python_antlr,191,0.366799999937939,False
docker_test_8.yml,python_antlr,192,0.3643000000010943,False
docker_test_8.yml,python_antlr,193,0.36189999991620425,False
docker_test_8.yml,python_antlr,194,0.3657000006569433,False
docker_test_8.yml,python_antlr,195,0.394100000448816,False
docker_test_8.yml,python_antlr,196,0.36530000033963006,False
docker_test_8.yml,python_antlr,197,0.36499999987427145,False
docker_test_8.yml,python_antlr,198,0.3616999993028003,False
docker_test_8.yml,python_antlr,199,0.35930000012740493,False
docker_test_9.yml,python_antlr,0,0.8035999999265186,False
docker_test_9.yml,python_antlr,1,0.4060000001118169,False
docker_test_9.yml,python_antlr,2,0.3749999996216502,False
docker_test_9.yml,python_antlr,3,0.3710000000864966,False
docker_test_9.yml,python_antlr,4,0.3657000006569433,False
docker_test_9.yml,python_antlr,5,0.36719999934575753,False
docker_test_9.yml,python_antlr,6,0.36279999949329067,False
docker_test_9.yml,python_antlr,7,0.3634000004240079,False
docker_test_9.yml,python_antlr,8,0.3630999999586493,False
docker_test_9.yml,python_antlr,9,0.40129999979399145,False
docker_test_9.yml,python_antlr,10,0.3980999999839696,False
docker_test_9.yml,python_antlr,11,0.3743999996004277,False
docker_test_9.yml,python_antlr,12,0.3628999993452453,False
docker_test_9.yml,python_antlr,13,0.3612000000430271,False
docker_test_9.yml,python_antlr,14,0.3676999995150254,False
docker_test_9.yml,python_antlr,15,0.3606000000218046,False
docker_test_9.yml,python_antlr,16,0.36410000029718503,False
docker_test_9.yml,python_antlr,17,0.3664999994725804,False
docker_test_9.yml,python_antlr,18,0.3591999993659556,False
docker_test_9.yml,python_antlr,19,0.35800000023300527,False
docker_test_9.yml,python_antlr,20,0.3590989999793237,False
docker_test_9.yml,python_antlr,21,0.5021999995733495,False
docker_test_9.yml,python_antlr,22,0.36949999957869295,False
docker_test_9.yml,python_antlr,23,0.36290000025474,False
docker_test_9.yml,python_antlr,24,0.41590000000724103,False
docker_test_9.yml,python_antlr,25,0.3692999998747837,False
docker_test_9.yml,python_antlr,26,0.3643000000010943,False
docker_test_9.yml,python_antlr,27,0.3623000002335175,False
docker_test_9.yml,python_antlr,28,0.3620999996201135,False
docker_test_9.yml,python_antlr,29,0.36499999987427145,False
docker_test_9.yml,python_antlr,30,0.3620999996201135,False
docker_test_9.yml,python_antlr,31,0.38949999998294516,False
docker_test_9.yml,python_antlr,32,0.3644999997050036,False
docker_test_9.yml,python_antlr,33,0.36079999972571386,False
docker_test_9.yml,python_antlr,34,0.3633999995145132,False
docker_test_9.yml,python_antlr,35,0.6059999996068655,False
docker_test_9.yml,python_antlr,36,0.43619999996735714,False
docker_test_9.yml,python_antlr,37,0.409600000239152,False
docker_test_9.yml,python_antlr,38,0.3842999994958518,False
docker_test_9.yml,python_antlr,39,0.372100000276987,False
docker_test_9.yml,python_antlr,40,0.4121999991184566,False
docker_test_9.yml,python_antlr,41,0.42380000013508834,False
docker_test_9.yml,python_antlr,42,0.3697000001920969,False
docker_test_9.yml,python_antlr,43,0.36499999987427145,False
docker_test_9.yml,python_antlr,44,0.36869999985356117,False
docker_test_9.yml,python_antlr,45,0.3636999999798718,False
docker_test_9.yml,python_antlr,46,0.3625999997893814,False
docker_test_9.yml,python_antlr,47,0.3666000002340297,False
docker_test_9.yml,python_antlr,48,0.36360000012791716,False
docker_test_9.yml,python_antlr,49,0.43089999962830916,False
docker_test_9.yml,python_antlr,50,0.36189999991620425,False
docker_test_9.yml,python_antlr,51,0.3891989999829093,False
docker_test_9.yml,python_antlr,52,0.35990000014862744,False
docker_test_9.yml,python_antlr,53,0.41400000009161886,False
docker_test_9.yml,python_antlr,54,0.36750000072061084,False
docker_test_9.yml,python_antlr,55,0.3589999996620463,False
docker_test_9.yml,python_antlr,56,0.36240000008547213,False
docker_test_9.yml,python_antlr,57,0.3594999998313142,False
docker_test_9.yml,python_antlr,58,0.3606999998737592,False
docker_test_9.yml,python_antlr,59,0.3592000002754503,False
docker_test_9.yml,python_antlr,60,0.361700000212295,False
docker_test_9.yml,python_antlr,61,0.36049999926035525,False
docker_test_9.yml,python_antlr,62,0.3870999998980551,False
docker_test_9.yml,python_antlr,63,0.3780999995797174,False
docker_test_9.yml,python_antlr,64,0.3743999996004277,False
docker_test_9.yml,python_antlr,65,0.36860000000160653,False
docker_test_9.yml,python_antlr,66,0.3648000001703622,False
docker_test_9.yml,python_antlr,67,0.43509999977686675,False
docker_test_9.yml,python_antlr,68,0.3675999996630708,False
docker_test_9.yml,python_antlr,69,0.3691000001708744,False
docker_test_9.yml,python_antlr,70,0.36249999993742676,False
docker_test_9.yml,python_antlr,71,0.36549999913404463,False
docker_test_9.yml,python_antlr,72,0.3874000003634137,False
docker_test_9.yml,python_antlr,73,0.36300000010669464,False
docker_test_9.yml,python_antlr,74,0.3622999993240228,False
docker_test_9.yml,python_antlr,75,0.3630999999586493,False
docker_test_9.yml,python_antlr,76,0.36300000010669464,False
docker_test_9.yml,python_antlr,77,0.361499999598891,False
docker_test_9.yml,python_antlr,78,0.36559999989549397,False
docker_test_9.yml,python_antlr,79,0.3639999995357357,False
docker_test_9.yml,python_antlr,80,0.36279999949329067,False
docker_test_9.yml,python_antlr,81,0.41650000002846355,False
docker_test_9.yml,python_antlr,82,0.36599900067812996,False
docker_test_9.yml,python_antlr,83,0.3831000003629015,False
docker_test_9.yml,python_antlr,84,0.36290000025474,False
docker_test_9.yml,python_antlr,85,0.36270000055083074,False
docker_test_9.yml,python_antlr,86,0.36440000076254364,False
docker_test_9.yml,python_antlr,87,0.359000000571541,False
docker_test_9.yml,python_antlr,88,0.35519999983080197,False
docker_test_9.yml,python_antlr,89,0.36249999993742676,False
docker_test_9.yml,python_antlr,90,0.9081999996851664,False
docker_test_9.yml,python_antlr,91,0.40750000061962055,False
docker_test_9.yml,python_antlr,92,0.412099999266502,False
docker_test_9.yml,python_antlr,93,0.36470000031840755,False
docker_test_9.yml,python_antlr,94,0.4621999996743398,False
docker_test_9.yml,python_antlr,95,0.36980000004405156,False
docker_test_9.yml,python_antlr,96,0.36539999928209,False
docker_test_9.yml,python_antlr,97,0.36439999985304894,False
docker_test_9.yml,python_antlr,98,0.3636999999798718,False
docker_test_9.yml,python_antlr,99,0.36360000012791716,False
docker_test_9.yml,python_antlr,100,0.3620000006776536,False
docker_test_9.yml,python_antlr,101,0.3613999997469364,False
docker_test_9.yml,python_antlr,102,0.3796999999394757,False
docker_test_9.yml,python_antlr,103,0.3664999994725804,False
docker_test_9.yml,python_antlr,104,0.35969999953522347,False
docker_test_9.yml,python_antlr,105,0.3594999998313142,False
docker_test_9.yml,python_antlr,106,0.359000000571541,False
docker_test_9.yml,python_antlr,107,0.36109999928157777,False
docker_test_9.yml,python_antlr,108,0.4274000002624234,False
docker_test_9.yml,python_antlr,109,0.36380000074132113,False
docker_test_9.yml,python_antlr,110,0.3630999999586493,False
docker_test_9.yml,python_antlr,111,0.3690000003189198,False
docker_test_9.yml,python_antlr,112,0.3626000006988761,False
docker_test_9.yml,python_antlr,113,0.4595989994413685,False
docker_test_9.yml,python_antlr,114,0.5870000004506437,False
docker_test_9.yml,python_antlr,115,0.8057999993980047,False
docker_test_9.yml,python_antlr,116,1.7955999992409488,False
docker_test_9.yml,python_antlr,117,0.48739999965619063,False
docker_test_9.yml,python_antlr,118,1.5093000001797918,False
docker_test_9.yml,python_antlr,119,3.8683000002492918,False
docker_test_9.yml,python_antlr,120,0.44020000041200547,False
docker_test_9.yml,python_antlr,121,0.3882000000885455,False
docker_test_9.yml,python_antlr,122,0.5057999997006846,False
docker_test_9.yml,python_antlr,123,0.3871990002153325,False
docker_test_9.yml,python_antlr,124,0.4258999997546198,False
docker_test_9.yml,python_antlr,125,0.37309999970602803,False
docker_test_9.yml,python_antlr,126,0.3662999997686711,False
docker_test_9.yml,python_antlr,127,0.3656999997474486,False
docker_test_9.yml,python_antlr,128,0.47050000011950033,False
docker_test_9.yml,python_antlr,129,0.4045999994559679,False
docker_test_9.yml,python_antlr,130,0.3724999996848055,False
docker_test_9.yml,python_antlr,131,0.367999999980384,False
docker_test_9.yml,python_antlr,132,0.36280000040278537,False
docker_test_9.yml,python_antlr,133,0.3589999996620463,False
docker_test_9.yml,python_antlr,134,0.40129999979399145,False
docker_test_9.yml,python_antlr,135,0.36860000000160653,False
docker_test_9.yml,python_antlr,136,0.36550000004353933,False
docker_test_9.yml,python_antlr,137,0.3623000002335175,False
docker_test_9.yml,python_antlr,138,0.36109999928157777,False
docker_test_9.yml,python_antlr,139,0.36329999966255855,False
docker_test_9.yml,python_antlr,140,0.36550000004353933,False
docker_test_9.yml,python_antlr,141,0.42020000000775326,False
docker_test_9.yml,python_antlr,142,0.3673999999591615,False
docker_test_9.yml,python_antlr,143,0.3689999994094251,False
docker_test_9.yml,python_antlr,144,0.3802999999606982,False
docker_test_9.yml,python_antlr,145,0.373300000319432,False
docker_test_9.yml,python_antlr,146,0.36610000006476184,False
docker_test_9.yml,python_antlr,147,0.35939999997935956,False
docker_test_9.yml,python_antlr,148,0.3606000000218046,False
docker_test_9.yml,python_antlr,149,0.36240000008547213,False
docker_test_9.yml,python_antlr,150,0.3572999994503334,False
docker_test_9.yml,python_antlr,151,0.3636999999798718,False
docker_test_9.yml,python_antlr,152,0.359000000571541,False
docker_test_9.yml,python_antlr,153,0.3634000004240079,False
docker_test_9.yml,python_antlr,154,0.4107999993721023,False
docker_test_9.yml,python_antlr,155,0.46559899965359364,False
docker_test_9.yml,python_antlr,156,1.3151000002835644,False
docker_test_9.yml,python_antlr,157,0.4360000002634479,False
docker_test_9.yml,python_antlr,158,0.3799999994953396,False
docker_test_9.yml,python_antlr,159,0.3713000005518552,False
docker_test_9.yml,python_antlr,160,0.37450000036187703,False
docker_test_9.yml,python_antlr,161,0.37030000021331944,False
docker_test_9.yml,python_antlr,162,0.3696000003401423,False
docker_test_9.yml,python_antlr,163,0.4793999996763887,False
docker_test_9.yml,python_antlr,164,0.3710999999384512,False
docker_test_9.yml,python_antlr,165,0.39399999968736665,False
docker_test_9.yml,python_antlr,166,5.401500000516535,False
docker_test_9.yml,python_antlr,167,0.47929999982443405,False
docker_test_9.yml,python_antlr,168,0.38780000068072695,False
docker_test_9.yml,python_antlr,169,0.3719000005730777,False
docker_test_9.yml,python_antlr,170,0.4744990001199767,False
docker_test_9.yml,python_antlr,171,0.36610000006476184,False
docker_test_9.yml,python_antlr,172,0.36300000010669464,False
docker_test_9.yml,python_antlr,173,0.3640000004452304,False
docker_test_9.yml,python_antlr,174,0.3609000004871632,False
docker_test_9.yml,python_antlr,175,0.3633999995145132,False
docker_test_9.yml,python_antlr,176,0.36099999942962313,False
docker_test_9.yml,python_antlr,177,0.3606000000218046,False
docker_test_9.yml,python_antlr,178,0.3635000002759625,False
docker_test_9.yml,python_antlr,179,0.3623000002335175,False
docker_test_9.yml,python_antlr,180,0.3845999999612104,False
docker_test_9.yml,python_antlr,181,0.4706999998234096,False
docker_test_9.yml,python_antlr,182,0.38949999998294516,False
docker_test_9.yml,python_antlr,183,0.36100000033911783,False
docker_test_9.yml,python_antlr,184,0.4347000003690482,False
docker_test_9.yml,python_antlr,185,0.3635000002759625,False
docker_test_9.yml,python_antlr,186,0.3644999997050036,False
docker_test_9.yml,python_antlr,187,0.36079999972571386,False
docker_test_9.yml,python_antlr,188,0.36249999993742676,False
docker_test_9.yml,python_antlr,189,0.35930000012740493,False
docker_test_9.yml,python_antlr,190,0.35970000044471817,False
docker_test_9.yml,python_antlr,191,0.3868000003421912,False
docker_test_9.yml,python_antlr,192,0.36249999993742676,False
docker_test_9.yml,python_antlr,193,0.3630999999586493,False
docker_test_9.yml,python_antlr,194,0.8386999998037936,False
docker_test_9.yml,python_antlr,195,0.39590000051248353,False
docker_test_9.yml,python_antlr,196,0.36719999934575753,False
docker_test_9.yml,python_antlr,197,0.361700000212295,False
docker_test_9.yml,python_antlr,198,0.3639999995357357,False
docker_test_9.yml,python_antlr,199,0.36159999945084564,False
